-- MySQL dump 10.13  Distrib 8.0.43, for macos15 (x86_64)
--
-- Host: 13.204.5.23    Database: ris
-- ------------------------------------------------------
-- Server version	8.0.43-0ubuntu0.24.04.1

/*!40101 SET @OLD_CHARACTER_SET_CLIENT=@@CHARACTER_SET_CLIENT */;
/*!40101 SET @OLD_CHARACTER_SET_RESULTS=@@CHARACTER_SET_RESULTS */;
/*!40101 SET @OLD_COLLATION_CONNECTION=@@COLLATION_CONNECTION */;
/*!50503 SET NAMES utf8 */;
/*!40103 SET @OLD_TIME_ZONE=@@TIME_ZONE */;
/*!40103 SET TIME_ZONE='+00:00' */;
/*!40014 SET @OLD_UNIQUE_CHECKS=@@UNIQUE_CHECKS, UNIQUE_CHECKS=0 */;
/*!40014 SET @OLD_FOREIGN_KEY_CHECKS=@@FOREIGN_KEY_CHECKS, FOREIGN_KEY_CHECKS=0 */;
/*!40101 SET @OLD_SQL_MODE=@@SQL_MODE, SQL_MODE='NO_AUTO_VALUE_ON_ZERO' */;
/*!40111 SET @OLD_SQL_NOTES=@@SQL_NOTES, SQL_NOTES=0 */;

--
-- Table structure for table `ai_analyses`
--

DROP TABLE IF EXISTS `ai_analyses`;
/*!40101 SET @saved_cs_client     = @@character_set_client */;
/*!50503 SET character_set_client = utf8mb4 */;
CREATE TABLE `ai_analyses` (
  `id` char(36) CHARACTER SET utf8mb4 COLLATE utf8mb4_bin NOT NULL,
  `order_id` char(36) CHARACTER SET utf8mb4 COLLATE utf8mb4_bin NOT NULL,
  `analysis_id` varchar(255) NOT NULL COMMENT 'External AI analysis ID from the API response',
  `timestamp` datetime NOT NULL COMMENT 'Timestamp from AI analysis response',
  `image_type` varchar(100) DEFAULT NULL COMMENT 'Type of image analyzed (e.g., general, chest, etc.)',
  `overall_assessment` text COMMENT 'Overall assessment from AI analysis',
  `pathologies_detected` json DEFAULT NULL COMMENT 'Array of detected pathologies with confidence scores and severity',
  `recommendations` json DEFAULT NULL COMMENT 'Array of recommendations from AI analysis',
  `confidence_scores` json DEFAULT NULL COMMENT 'Confidence score breakdown (high, medium, low)',
  `technical_details` json DEFAULT NULL COMMENT 'Technical details including processing time, models evaluated, prediction ID',
  `processing_time` decimal(10,3) DEFAULT NULL COMMENT 'Processing time in seconds',
  `is_active` tinyint(1) DEFAULT '1',
  `metadata` json DEFAULT NULL COMMENT 'Additional metadata for the AI analysis',
  `created_at` datetime NOT NULL,
  `updated_at` datetime NOT NULL,
  PRIMARY KEY (`id`),
  KEY `ai_analyses_order_id` (`order_id`),
  KEY `ai_analyses_analysis_id` (`analysis_id`),
  KEY `ai_analyses_timestamp` (`timestamp`),
  CONSTRAINT `ai_analyses_ibfk_1` FOREIGN KEY (`order_id`) REFERENCES `orders` (`id`) ON DELETE CASCADE ON UPDATE CASCADE
) ENGINE=InnoDB DEFAULT CHARSET=utf8mb4 COLLATE=utf8mb4_0900_ai_ci;
/*!40101 SET character_set_client = @saved_cs_client */;

--
-- Dumping data for table `ai_analyses`
--

LOCK TABLES `ai_analyses` WRITE;
/*!40000 ALTER TABLE `ai_analyses` DISABLE KEYS */;
INSERT INTO `ai_analyses` VALUES ('096ce304-f71a-4e44-b7d3-3c0e8959b5c0','050d5bc7-70d9-4cab-b21e-f093e4156fbf','d8edff35-8bf2-4115-8c6f-086b0f50fba2','2025-10-31 05:50:20','general','Analysis completed via API','[{\"severity\": \"None\", \"pathology\": \"Normal\", \"confidence\": 0.85, \"clinical_significance\": \"No abnormalities detected\"}]','[\"Continue routine monitoring\"]','{\"low_confidence\": 0, \"high_confidence\": 1, \"medium_confidence\": 0}','{\"prediction_id\": \"d8edff35-8bf2-4115-8c6f-086b0f50fba2\", \"models_evaluated\": 1, \"processing_time_seconds\": 1}',1.000,1,'{\"originalResponse\": {\"timestamp\": \"2025-10-31T11:20:20.948063\", \"image_type\": \"general\", \"analysis_id\": \"d8edff35-8bf2-4115-8c6f-086b0f50fba2\", \"processing_time\": 1, \"recommendations\": [\"Continue routine monitoring\"], \"confidence_scores\": {\"low_confidence\": 0, \"high_confidence\": 1, \"medium_confidence\": 0}, \"technical_details\": {\"prediction_id\": \"d8edff35-8bf2-4115-8c6f-086b0f50fba2\", \"models_evaluated\": 1, \"processing_time_seconds\": 1}, \"overall_assessment\": \"Analysis completed via API\", \"pathologies_detected\": [{\"severity\": \"None\", \"pathology\": \"Normal\", \"confidence\": 0.85, \"clinical_significance\": \"No abnormalities detected\"}]}}','2025-10-31 05:50:22','2025-10-31 05:50:22'),('27917e04-2872-40cc-9e65-ed926bf6fff4','41fea22a-bbe2-4411-b47d-59d5dfe36062','ce29d74f-e0f5-4cf0-9865-0bad33e2427d','2025-10-31 06:50:14','general','Analysis completed via API','[{\"severity\": \"None\", \"pathology\": \"Normal\", \"confidence\": 0.85, \"clinical_significance\": \"No abnormalities detected\"}]','[\"Continue routine monitoring\"]','{\"low_confidence\": 0, \"high_confidence\": 1, \"medium_confidence\": 0}','{\"prediction_id\": \"ce29d74f-e0f5-4cf0-9865-0bad33e2427d\", \"models_evaluated\": 1, \"processing_time_seconds\": 1}',1.000,1,'{\"originalResponse\": {\"timestamp\": \"2025-10-31T12:20:14.010426\", \"image_type\": \"general\", \"analysis_id\": \"ce29d74f-e0f5-4cf0-9865-0bad33e2427d\", \"processing_time\": 1, \"recommendations\": [\"Continue routine monitoring\"], \"confidence_scores\": {\"low_confidence\": 0, \"high_confidence\": 1, \"medium_confidence\": 0}, \"technical_details\": {\"prediction_id\": \"ce29d74f-e0f5-4cf0-9865-0bad33e2427d\", \"models_evaluated\": 1, \"processing_time_seconds\": 1}, \"overall_assessment\": \"Analysis completed via API\", \"pathologies_detected\": [{\"severity\": \"None\", \"pathology\": \"Normal\", \"confidence\": 0.85, \"clinical_significance\": \"No abnormalities detected\"}]}}','2025-10-31 06:50:14','2025-10-31 06:50:14'),('3b6c8274-06c3-4331-8468-9038e9e9804e','b5b6f0fd-2c03-4d62-b2d0-81796f3c08e8','ai_1762255600947_pv61aecfb','2025-11-04 11:26:40','Neuro','The image shows sagittal section of the cervical spine. The alignment appears to be intact with normal curvature. The vertebral bodies are well-aligned with no obvious compression fractures. Intervertebral disc spaces are normal without apparent degeneration. No abnormal masses or lesions are visible within this section.','[\"Normal cervical spine\", \"No significant abnormalities\"]','[\"If clinical symptoms persist, consider follow-up with additional imaging or clinical correlation.\"]','{\"overall\": 2}','{\"comparison\": false, \"subspecialty\": {\"id\": 16, \"code\": \"NR\", \"name\": \"Neuroradiology\", \"shortName\": \"Neuro\", \"confidence_score\": 2}, \"interpretation\": \"The findings suggest a normal cervical spine with no apparent acute pathology.\", \"templatesCount\": 5}',NULL,1,'{\"format\": \"new\", \"message\": \"Analysis completed successfully\", \"success\": true, \"templates\": [{\"title\": \"MRI Cervical Spine\", \"views\": 5194, \"author\": \"Caleb Epps\", \"created\": \"2023-05-24T07:51:01.000Z\", \"specCode\": \"NR\", \"downloads\": 0, \"specialty\": \"Neuroradiology\", \"description\": \"MRI Cervical Spine template with detailed HTML structure\", \"template_id\": \"50890\"}, {\"title\": \"MR Internal Auditory Canal Postoperative\", \"views\": 3836, \"author\": \"Dr. Jennifer Davis\", \"created\": \"2021-03-16T07:04:27.000Z\", \"specCode\": \"HN,NR,MR\", \"downloads\": 0, \"specialty\": \"Head and Neck,Neuroradiology,Magnetic Resonance Imaging\", \"description\": \"MR Internal Auditory Canal Postoperative - Head and Neck,Neuroradiology,Magnetic Resonance Imaging template with structured reporting format.\", \"template_id\": \"50843\"}, {\"title\": \"CT Mastoid and Middle Ear Postoperative\", \"views\": 3989, \"author\": \"Dr. Daniel Anderson\", \"created\": \"2021-03-16T07:03:39.000Z\", \"specCode\": \"CT,HN,NR\", \"downloads\": 0, \"specialty\": \"Computed Tomography,Head and Neck,Neuroradiology\", \"description\": \"CT Mastoid and Middle Ear Postoperative - Computed Tomography,Head and Neck,Neuroradiology template with structured reporting format.\", \"template_id\": \"50844\"}, {\"title\": \"CT Neck - Primary Hyperparathyroidism (PHPT) - Parathyroid 4D CT\", \"views\": 3063, \"author\": \"Dr. Michael Chen\", \"created\": \"2020-06-02T04:58:34.000Z\", \"specCode\": \"HN,NR,CT\", \"downloads\": 0, \"specialty\": \"Head and Neck,Neuroradiology,Computed Tomography\", \"description\": \"CT Neck - Primary Hyperparathyroidism (PHPT) - Parathyroid 4D CT - Head and Neck,Neuroradiology,Computed Tomography template with structured reporting format.\", \"template_id\": \"50801\"}, {\"title\": \"CT Neck WO Contrast\", \"views\": 7065, \"author\": \"Dr. Lisa Thompson\", \"created\": \"2019-03-20T10:23:35.000Z\", \"specCode\": \"HN,NR\", \"downloads\": 0, \"specialty\": \"Head and Neck,Neuroradiology\", \"description\": \"CT Neck WO Contrast - Head and Neck,Neuroradiology template with structured reporting format.\", \"template_id\": \"50675\"}], \"originalResponse\": {\"data\": {\"findings\": \"The image shows sagittal section of the cervical spine. The alignment appears to be intact with normal curvature. The vertebral bodies are well-aligned with no obvious compression fractures. Intervertebral disc spaces are normal without apparent degeneration. No abnormal masses or lesions are visible within this section.\", \"subspecialty\": {\"id\": 16, \"code\": \"NR\", \"name\": \"Neuroradiology\", \"shortName\": \"Neuro\", \"templates\": [{\"title\": \"MRI Cervical Spine\", \"views\": 5194, \"author\": \"Caleb Epps\", \"created\": \"2023-05-24T07:51:01.000Z\", \"specCode\": \"NR\", \"downloads\": 0, \"specialty\": \"Neuroradiology\", \"description\": \"MRI Cervical Spine template with detailed HTML structure\", \"template_id\": \"50890\"}, {\"title\": \"MR Internal Auditory Canal Postoperative\", \"views\": 3836, \"author\": \"Dr. Jennifer Davis\", \"created\": \"2021-03-16T07:04:27.000Z\", \"specCode\": \"HN,NR,MR\", \"downloads\": 0, \"specialty\": \"Head and Neck,Neuroradiology,Magnetic Resonance Imaging\", \"description\": \"MR Internal Auditory Canal Postoperative - Head and Neck,Neuroradiology,Magnetic Resonance Imaging template with structured reporting format.\", \"template_id\": \"50843\"}, {\"title\": \"CT Mastoid and Middle Ear Postoperative\", \"views\": 3989, \"author\": \"Dr. Daniel Anderson\", \"created\": \"2021-03-16T07:03:39.000Z\", \"specCode\": \"CT,HN,NR\", \"downloads\": 0, \"specialty\": \"Computed Tomography,Head and Neck,Neuroradiology\", \"description\": \"CT Mastoid and Middle Ear Postoperative - Computed Tomography,Head and Neck,Neuroradiology template with structured reporting format.\", \"template_id\": \"50844\"}, {\"title\": \"CT Neck - Primary Hyperparathyroidism (PHPT) - Parathyroid 4D CT\", \"views\": 3063, \"author\": \"Dr. Michael Chen\", \"created\": \"2020-06-02T04:58:34.000Z\", \"specCode\": \"HN,NR,CT\", \"downloads\": 0, \"specialty\": \"Head and Neck,Neuroradiology,Computed Tomography\", \"description\": \"CT Neck - Primary Hyperparathyroidism (PHPT) - Parathyroid 4D CT - Head and Neck,Neuroradiology,Computed Tomography template with structured reporting format.\", \"template_id\": \"50801\"}, {\"title\": \"CT Neck WO Contrast\", \"views\": 7065, \"author\": \"Dr. Lisa Thompson\", \"created\": \"2019-03-20T10:23:35.000Z\", \"specCode\": \"HN,NR\", \"downloads\": 0, \"specialty\": \"Head and Neck,Neuroradiology\", \"description\": \"CT Neck WO Contrast - Head and Neck,Neuroradiology template with structured reporting format.\", \"template_id\": \"50675\"}], \"confidence_score\": 2, \"templates_pagination\": {\"skip\": 0, \"limit\": 5, \"total\": 115, \"hasMore\": true}}, \"interpretation\": \"The findings suggest a normal cervical spine with no apparent acute pathology.\", \"recommendations\": \"If clinical symptoms persist, consider follow-up with additional imaging or clinical correlation.\", \"possible_diagnoses\": [\"Normal cervical spine\", \"No significant abnormalities\"]}, \"message\": \"Analysis completed successfully\", \"success\": true, \"comparison\": false}, \"templatesPagination\": {\"skip\": 0, \"limit\": 5, \"total\": 115, \"hasMore\": true}}','2025-11-04 11:26:40','2025-11-04 11:26:40'),('3bc3e1df-d3ce-449b-9a3b-0b4492740b95','b0fa0b35-61d4-4826-8330-108c07f85910','ai_1762275029928_36lcpp0hq','2025-11-04 16:50:29',NULL,NULL,NULL,NULL,NULL,NULL,NULL,1,'{\"format\": \"old\", \"originalResponse\": {\"data\": {\"findings\": null, \"subspecialty\": null, \"interpretation\": null, \"recommendations\": null, \"possible_diagnoses\": []}, \"message\": \"Analysis completed successfully\", \"success\": false, \"comparison\": false}}','2025-11-04 16:50:29','2025-11-04 16:50:29'),('4ce5d136-3843-40d6-bdf3-e2d66821b89a','c8b4a068-8e28-4c57-a21d-e3b68f909af1','22bc2c98-5c34-4475-aca1-bbd89fd65a00','2025-09-23 09:49:30','chest_xray','HIGH CONFIDENCE: Pleural_Thickening detected. IMMEDIATE clinical correlation and specialist consultation recommended. [Research model: Clinical validation recommended]','[{\"severity\": \"High\", \"pathology\": \"Pleural_Thickening\", \"confidence\": 0.7250000238418579, \"clinical_significance\": \"Significant - Clinical correlation recommended\"}, {\"severity\": \"High\", \"pathology\": \"Effusion\", \"confidence\": 0.7250000238418579, \"clinical_significance\": \"Significant - Clinical correlation recommended\"}, {\"severity\": \"High\", \"pathology\": \"Hernia\", \"confidence\": 0.7250000238418579, \"clinical_significance\": \"Significant - Clinical correlation recommended\"}, {\"severity\": \"High\", \"pathology\": \"Rib Fracture\", \"confidence\": 0.7250000238418579, \"clinical_significance\": \"Significant - Clinical correlation recommended\"}, {\"severity\": \"Moderate\", \"pathology\": \"Normal\", \"confidence\": 0.5248227715492249, \"clinical_significance\": \"Moderate - Follow-up may be warranted\"}]','[\"Clinical correlation with patient history and physical examination\", \"Consider additional imaging if clinically indicated\"]','{\"low_confidence\": 0, \"high_confidence\": 4, \"medium_confidence\": 1}','{\"image_type\": \"chest_xray\", \"models_used\": [\"chest_densenet\", \"fallback_chest_xray\"], \"image_quality\": {\"issues\": [\"Very low contrast\", \"Image too dark\"], \"is_suitable\": true, \"quality_score\": 65, \"recommendations\": [\"Adjust image contrast or use a different image\", \"Use a brighter image or adjust exposure\"]}, \"prediction_id\": \"1758620970397_6376\", \"ensemble_method\": \"weighted_average\", \"models_evaluated\": 2, \"confidence_distribution\": {\"low_confidence\": 11, \"high_confidence\": 4, \"medium_confidence\": 2, \"total_predictions\": 17}, \"processing_time_seconds\": 4.806462287902832}',4.806,1,'{\"originalResponse\": {\"timestamp\": \"2025-09-23T15:19:30.398882\", \"image_type\": \"chest_xray\", \"analysis_id\": \"22bc2c98-5c34-4475-aca1-bbd89fd65a00\", \"processing_time\": 4.806462287902832, \"recommendations\": [\"Clinical correlation with patient history and physical examination\", \"Consider additional imaging if clinically indicated\"], \"confidence_scores\": {\"low_confidence\": 0, \"high_confidence\": 4, \"medium_confidence\": 1}, \"technical_details\": {\"image_type\": \"chest_xray\", \"models_used\": [\"chest_densenet\", \"fallback_chest_xray\"], \"image_quality\": {\"issues\": [\"Very low contrast\", \"Image too dark\"], \"is_suitable\": true, \"quality_score\": 65, \"recommendations\": [\"Adjust image contrast or use a different image\", \"Use a brighter image or adjust exposure\"]}, \"prediction_id\": \"1758620970397_6376\", \"ensemble_method\": \"weighted_average\", \"models_evaluated\": 2, \"confidence_distribution\": {\"low_confidence\": 11, \"high_confidence\": 4, \"medium_confidence\": 2, \"total_predictions\": 17}, \"processing_time_seconds\": 4.806462287902832}, \"overall_assessment\": \"HIGH CONFIDENCE: Pleural_Thickening detected. IMMEDIATE clinical correlation and specialist consultation recommended. [Research model: Clinical validation recommended]\", \"pathologies_detected\": [{\"severity\": \"High\", \"pathology\": \"Pleural_Thickening\", \"confidence\": 0.7250000238418579, \"clinical_significance\": \"Significant - Clinical correlation recommended\"}, {\"severity\": \"High\", \"pathology\": \"Effusion\", \"confidence\": 0.7250000238418579, \"clinical_significance\": \"Significant - Clinical correlation recommended\"}, {\"severity\": \"High\", \"pathology\": \"Hernia\", \"confidence\": 0.7250000238418579, \"clinical_significance\": \"Significant - Clinical correlation recommended\"}, {\"severity\": \"High\", \"pathology\": \"Rib Fracture\", \"confidence\": 0.7250000238418579, \"clinical_significance\": \"Significant - Clinical correlation recommended\"}, {\"severity\": \"Moderate\", \"pathology\": \"Normal\", \"confidence\": 0.5248227715492249, \"clinical_significance\": \"Moderate - Follow-up may be warranted\"}]}}','2025-09-23 09:49:30','2025-09-23 09:49:30'),('4e82929f-65cc-41ba-a3da-cb4ee853a483','6f211777-f52a-418f-9ad8-ab138f4f1198','45aa097b-068b-4cd4-ab45-b65b6c9d4c75','2025-10-31 07:34:53','general','Analysis completed via API','[{\"severity\": \"None\", \"pathology\": \"Normal\", \"confidence\": 0.85, \"clinical_significance\": \"No abnormalities detected\"}]','[\"Continue routine monitoring\"]','{\"low_confidence\": 0, \"high_confidence\": 1, \"medium_confidence\": 0}','{\"prediction_id\": \"45aa097b-068b-4cd4-ab45-b65b6c9d4c75\", \"models_evaluated\": 1, \"processing_time_seconds\": 1}',1.000,1,'{\"originalResponse\": {\"timestamp\": \"2025-10-31T13:04:53.177909\", \"image_type\": \"general\", \"analysis_id\": \"45aa097b-068b-4cd4-ab45-b65b6c9d4c75\", \"processing_time\": 1, \"recommendations\": [\"Continue routine monitoring\"], \"confidence_scores\": {\"low_confidence\": 0, \"high_confidence\": 1, \"medium_confidence\": 0}, \"technical_details\": {\"prediction_id\": \"45aa097b-068b-4cd4-ab45-b65b6c9d4c75\", \"models_evaluated\": 1, \"processing_time_seconds\": 1}, \"overall_assessment\": \"Analysis completed via API\", \"pathologies_detected\": [{\"severity\": \"None\", \"pathology\": \"Normal\", \"confidence\": 0.85, \"clinical_significance\": \"No abnormalities detected\"}]}}','2025-10-31 07:34:53','2025-10-31 07:34:53'),('751967cd-907a-4416-9f0f-dd39c1604657','41fea22a-bbe2-4411-b47d-59d5dfe36062','79c45878-2b9b-4ebf-a4ce-ff2740c96c89','2025-10-31 06:45:32','general','Analysis completed via API','[{\"severity\": \"None\", \"pathology\": \"Normal\", \"confidence\": 0.85, \"clinical_significance\": \"No abnormalities detected\"}]','[\"Continue routine monitoring\"]','{\"low_confidence\": 0, \"high_confidence\": 1, \"medium_confidence\": 0}','{\"prediction_id\": \"79c45878-2b9b-4ebf-a4ce-ff2740c96c89\", \"models_evaluated\": 1, \"processing_time_seconds\": 1}',1.000,1,'{\"originalResponse\": {\"timestamp\": \"2025-10-31T12:15:32.642457\", \"image_type\": \"general\", \"analysis_id\": \"79c45878-2b9b-4ebf-a4ce-ff2740c96c89\", \"processing_time\": 1, \"recommendations\": [\"Continue routine monitoring\"], \"confidence_scores\": {\"low_confidence\": 0, \"high_confidence\": 1, \"medium_confidence\": 0}, \"technical_details\": {\"prediction_id\": \"79c45878-2b9b-4ebf-a4ce-ff2740c96c89\", \"models_evaluated\": 1, \"processing_time_seconds\": 1}, \"overall_assessment\": \"Analysis completed via API\", \"pathologies_detected\": [{\"severity\": \"None\", \"pathology\": \"Normal\", \"confidence\": 0.85, \"clinical_significance\": \"No abnormalities detected\"}]}}','2025-10-31 06:45:33','2025-10-31 06:45:33'),('891fed2d-b9ff-47d3-950b-c01862076c4d','7988fcb0-7fd6-41f5-8a12-e2755ad7c422','4d161d61-edf7-4c38-905a-aebc47b3ed5b','2025-09-18 06:16:47','general','Analysis completed (API mode)','[{\"severity\": \"None\", \"pathology\": \"Normal\", \"confidence\": 0.85, \"clinical_significance\": \"No abnormalities detected\"}]','[\"Continue routine monitoring\"]','{\"low_confidence\": 0, \"high_confidence\": 1, \"medium_confidence\": 0}','{\"prediction_id\": \"13d0bf44-03d8-40ce-aeaa-3ec362232f38\", \"models_evaluated\": 1, \"processing_time_seconds\": 1}',1.000,1,'{\"originalResponse\": {\"timestamp\": \"2025-09-18T11:46:47.332794\", \"image_type\": \"general\", \"analysis_id\": \"4d161d61-edf7-4c38-905a-aebc47b3ed5b\", \"processing_time\": 1, \"recommendations\": [\"Continue routine monitoring\"], \"confidence_scores\": {\"low_confidence\": 0, \"high_confidence\": 1, \"medium_confidence\": 0}, \"technical_details\": {\"prediction_id\": \"13d0bf44-03d8-40ce-aeaa-3ec362232f38\", \"models_evaluated\": 1, \"processing_time_seconds\": 1}, \"overall_assessment\": \"Analysis completed (API mode)\", \"pathologies_detected\": [{\"severity\": \"None\", \"pathology\": \"Normal\", \"confidence\": 0.85, \"clinical_significance\": \"No abnormalities detected\"}]}}','2025-09-18 06:19:48','2025-09-18 06:19:48'),('9264eba5-b73c-46f8-840f-05f886bf4d16','f46f0fb0-eadc-416c-8856-f544929b80f9','ai_1762510338319_qvinwvz3m','2025-11-07 10:12:18',NULL,'The MRI scan shows a hyperintense area in the white matter on T2-weighted imaging, particularly noticeable in the periventricular region.','[\"Multiple Sclerosis\", \"Small Vessel Ischemic Disease\", \"Gliosis from previous injury\"]','[\"Consider clinical correlation with patient\'s symptoms and history. Recommend follow-up MRI for monitoring, and possibly additional testing such as lumbar puncture if multiple sclerosis is suspected.\"]',NULL,'{\"comparison\": false, \"subspecialty\": null, \"interpretation\": \"The findings may suggest the presence of demyelination or gliosis.\", \"templatesCount\": 0}',NULL,1,'{\"format\": \"new\", \"message\": \"Analysis completed successfully\", \"success\": true, \"templates\": null, \"originalResponse\": {\"data\": {\"findings\": \"The MRI scan shows a hyperintense area in the white matter on T2-weighted imaging, particularly noticeable in the periventricular region.\", \"subspecialty\": null, \"interpretation\": \"The findings may suggest the presence of demyelination or gliosis.\", \"recommendations\": \"Consider clinical correlation with patient\'s symptoms and history. Recommend follow-up MRI for monitoring, and possibly additional testing such as lumbar puncture if multiple sclerosis is suspected.\", \"possible_diagnoses\": [\"Multiple Sclerosis\", \"Small Vessel Ischemic Disease\", \"Gliosis from previous injury\"]}, \"message\": \"Analysis completed successfully\", \"success\": true, \"comparison\": false}, \"templatesPagination\": null}','2025-11-07 10:12:18','2025-11-07 10:12:18'),('996d8bb3-8938-4434-8441-a741d35ac657','41fea22a-bbe2-4411-b47d-59d5dfe36062','2086007c-221e-4e06-be93-d56449c25c6b','2025-10-31 06:25:49','general','Analysis completed via API','[{\"severity\": \"None\", \"pathology\": \"Normal\", \"confidence\": 0.85, \"clinical_significance\": \"No abnormalities detected\"}]','[\"Continue routine monitoring\"]','{\"low_confidence\": 0, \"high_confidence\": 1, \"medium_confidence\": 0}','{\"prediction_id\": \"2086007c-221e-4e06-be93-d56449c25c6b\", \"models_evaluated\": 1, \"processing_time_seconds\": 1}',1.000,1,'{\"originalResponse\": {\"timestamp\": \"2025-10-31T11:55:49.041552\", \"image_type\": \"general\", \"analysis_id\": \"2086007c-221e-4e06-be93-d56449c25c6b\", \"processing_time\": 1, \"recommendations\": [\"Continue routine monitoring\"], \"confidence_scores\": {\"low_confidence\": 0, \"high_confidence\": 1, \"medium_confidence\": 0}, \"technical_details\": {\"prediction_id\": \"2086007c-221e-4e06-be93-d56449c25c6b\", \"models_evaluated\": 1, \"processing_time_seconds\": 1}, \"overall_assessment\": \"Analysis completed via API\", \"pathologies_detected\": [{\"severity\": \"None\", \"pathology\": \"Normal\", \"confidence\": 0.85, \"clinical_significance\": \"No abnormalities detected\"}]}}','2025-10-31 06:25:49','2025-10-31 06:25:49'),('b5e4745f-de55-4e52-a284-025a3dee3471','ca523212-818c-41c6-9e5c-f8cdca3e09fa','bc9085e6-e0d9-480b-84e2-56426c9c699c','2025-09-18 06:21:19','general','Analysis completed (API mode)','[{\"severity\": \"None\", \"pathology\": \"Normal\", \"confidence\": 0.85, \"clinical_significance\": \"No abnormalities detected\"}]','[\"Continue routine monitoring\"]','{\"low_confidence\": 0, \"high_confidence\": 1, \"medium_confidence\": 0}','{\"prediction_id\": \"846d468a-5e21-4966-a790-332a743980cc\", \"models_evaluated\": 1, \"processing_time_seconds\": 1}',1.000,1,'{\"originalResponse\": {\"timestamp\": \"2025-09-18T11:51:19.813234\", \"image_type\": \"general\", \"analysis_id\": \"bc9085e6-e0d9-480b-84e2-56426c9c699c\", \"processing_time\": 1, \"recommendations\": [\"Continue routine monitoring\"], \"confidence_scores\": {\"low_confidence\": 0, \"high_confidence\": 1, \"medium_confidence\": 0}, \"technical_details\": {\"prediction_id\": \"846d468a-5e21-4966-a790-332a743980cc\", \"models_evaluated\": 1, \"processing_time_seconds\": 1}, \"overall_assessment\": \"Analysis completed (API mode)\", \"pathologies_detected\": [{\"severity\": \"None\", \"pathology\": \"Normal\", \"confidence\": 0.85, \"clinical_significance\": \"No abnormalities detected\"}]}}','2025-09-18 06:21:19','2025-09-18 06:21:19'),('c0d1d7e1-544a-4a2a-8981-3b186ca2938a','6d85b12e-ea70-4317-ae11-a1ce7ed7ee22','99c8e425-f72d-443d-bcad-3698c3a46838','2025-10-31 07:43:20','general','Analysis completed via API','[{\"severity\": \"None\", \"pathology\": \"Normal\", \"confidence\": 0.85, \"clinical_significance\": \"No abnormalities detected\"}]','[\"Continue routine monitoring\"]','{\"low_confidence\": 0, \"high_confidence\": 1, \"medium_confidence\": 0}','{\"prediction_id\": \"99c8e425-f72d-443d-bcad-3698c3a46838\", \"models_evaluated\": 1, \"processing_time_seconds\": 1}',1.000,1,'{\"originalResponse\": {\"timestamp\": \"2025-10-31T13:13:20.815430\", \"image_type\": \"general\", \"analysis_id\": \"99c8e425-f72d-443d-bcad-3698c3a46838\", \"processing_time\": 1, \"recommendations\": [\"Continue routine monitoring\"], \"confidence_scores\": {\"low_confidence\": 0, \"high_confidence\": 1, \"medium_confidence\": 0}, \"technical_details\": {\"prediction_id\": \"99c8e425-f72d-443d-bcad-3698c3a46838\", \"models_evaluated\": 1, \"processing_time_seconds\": 1}, \"overall_assessment\": \"Analysis completed via API\", \"pathologies_detected\": [{\"severity\": \"None\", \"pathology\": \"Normal\", \"confidence\": 0.85, \"clinical_significance\": \"No abnormalities detected\"}]}}','2025-10-31 07:43:21','2025-10-31 07:43:21'),('c428988e-c3ad-4bfe-99df-0c7cd3fc20d7','58cd6d20-6f07-4d10-aefd-6328378a8692','eef99640-8e81-4de5-9047-2d786521f9b6','2025-09-23 10:34:13','chest_xray','HIGH CONFIDENCE: Pleural_Thickening detected. IMMEDIATE clinical correlation and specialist consultation recommended. [Research model: Clinical validation recommended]','[{\"severity\": \"High\", \"pathology\": \"Pleural_Thickening\", \"confidence\": 0.7250000238418579, \"clinical_significance\": \"Significant - Clinical correlation recommended\"}, {\"severity\": \"High\", \"pathology\": \"Effusion\", \"confidence\": 0.7250000238418579, \"clinical_significance\": \"Significant - Clinical correlation recommended\"}, {\"severity\": \"High\", \"pathology\": \"Rib Fracture\", \"confidence\": 0.7250000238418579, \"clinical_significance\": \"Significant - Clinical correlation recommended\"}, {\"severity\": \"Moderate\", \"pathology\": \"Normal\", \"confidence\": 0.5733542442321777, \"clinical_significance\": \"Moderate - Follow-up may be warranted\"}, {\"severity\": \"Moderate\", \"pathology\": \"Pneumonia\", \"confidence\": 0.5723215937614441, \"clinical_significance\": \"Urgent - Prompt evaluation needed\"}]','[\"Consider antibiotic therapy\", \"Monitor oxygen saturation\", \"Clinical correlation with patient history and physical examination\", \"Consider additional imaging if clinically indicated\"]','{\"low_confidence\": 0, \"high_confidence\": 3, \"medium_confidence\": 2}','{\"image_type\": \"chest_xray\", \"models_used\": [\"chest_densenet\", \"fallback_chest_xray\"], \"image_quality\": {\"issues\": [\"Very low contrast\", \"Image too dark\"], \"is_suitable\": true, \"quality_score\": 65, \"recommendations\": [\"Adjust image contrast or use a different image\", \"Use a brighter image or adjust exposure\"]}, \"prediction_id\": \"1758623653982_8242\", \"ensemble_method\": \"weighted_average\", \"models_evaluated\": 2, \"confidence_distribution\": {\"low_confidence\": 12, \"high_confidence\": 3, \"medium_confidence\": 2, \"total_predictions\": 17}, \"processing_time_seconds\": 0.3345668315887451}',0.335,1,'{\"originalResponse\": {\"timestamp\": \"2025-09-23T16:04:13.983431\", \"image_type\": \"chest_xray\", \"analysis_id\": \"eef99640-8e81-4de5-9047-2d786521f9b6\", \"processing_time\": 0.3345668315887451, \"recommendations\": [\"Consider antibiotic therapy\", \"Monitor oxygen saturation\", \"Clinical correlation with patient history and physical examination\", \"Consider additional imaging if clinically indicated\"], \"confidence_scores\": {\"low_confidence\": 0, \"high_confidence\": 3, \"medium_confidence\": 2}, \"technical_details\": {\"image_type\": \"chest_xray\", \"models_used\": [\"chest_densenet\", \"fallback_chest_xray\"], \"image_quality\": {\"issues\": [\"Very low contrast\", \"Image too dark\"], \"is_suitable\": true, \"quality_score\": 65, \"recommendations\": [\"Adjust image contrast or use a different image\", \"Use a brighter image or adjust exposure\"]}, \"prediction_id\": \"1758623653982_8242\", \"ensemble_method\": \"weighted_average\", \"models_evaluated\": 2, \"confidence_distribution\": {\"low_confidence\": 12, \"high_confidence\": 3, \"medium_confidence\": 2, \"total_predictions\": 17}, \"processing_time_seconds\": 0.3345668315887451}, \"overall_assessment\": \"HIGH CONFIDENCE: Pleural_Thickening detected. IMMEDIATE clinical correlation and specialist consultation recommended. [Research model: Clinical validation recommended]\", \"pathologies_detected\": [{\"severity\": \"High\", \"pathology\": \"Pleural_Thickening\", \"confidence\": 0.7250000238418579, \"clinical_significance\": \"Significant - Clinical correlation recommended\"}, {\"severity\": \"High\", \"pathology\": \"Effusion\", \"confidence\": 0.7250000238418579, \"clinical_significance\": \"Significant - Clinical correlation recommended\"}, {\"severity\": \"High\", \"pathology\": \"Rib Fracture\", \"confidence\": 0.7250000238418579, \"clinical_significance\": \"Significant - Clinical correlation recommended\"}, {\"severity\": \"Moderate\", \"pathology\": \"Normal\", \"confidence\": 0.5733542442321777, \"clinical_significance\": \"Moderate - Follow-up may be warranted\"}, {\"severity\": \"Moderate\", \"pathology\": \"Pneumonia\", \"confidence\": 0.5723215937614441, \"clinical_significance\": \"Urgent - Prompt evaluation needed\"}]}}','2025-09-23 10:34:14','2025-09-23 10:34:14'),('cb427e97-0765-477b-b56c-1efe6bf02474','ca523212-818c-41c6-9e5c-f8cdca3e09fa','65dcebc9-428b-4d52-87b4-cded7e98665f','2025-09-18 06:21:19','general','Analysis completed (API mode)','[{\"severity\": \"None\", \"pathology\": \"Normal\", \"confidence\": 0.85, \"clinical_significance\": \"No abnormalities detected\"}]','[\"Continue routine monitoring\"]','{\"low_confidence\": 0, \"high_confidence\": 1, \"medium_confidence\": 0}','{\"prediction_id\": \"620649d1-ae3f-4e55-9968-ab5b3e76a208\", \"models_evaluated\": 1, \"processing_time_seconds\": 1}',1.000,1,'{\"originalResponse\": {\"timestamp\": \"2025-09-18T11:51:19.842068\", \"image_type\": \"general\", \"analysis_id\": \"65dcebc9-428b-4d52-87b4-cded7e98665f\", \"processing_time\": 1, \"recommendations\": [\"Continue routine monitoring\"], \"confidence_scores\": {\"low_confidence\": 0, \"high_confidence\": 1, \"medium_confidence\": 0}, \"technical_details\": {\"prediction_id\": \"620649d1-ae3f-4e55-9968-ab5b3e76a208\", \"models_evaluated\": 1, \"processing_time_seconds\": 1}, \"overall_assessment\": \"Analysis completed (API mode)\", \"pathologies_detected\": [{\"severity\": \"None\", \"pathology\": \"Normal\", \"confidence\": 0.85, \"clinical_significance\": \"No abnormalities detected\"}]}}','2025-09-18 06:21:19','2025-09-18 06:21:19'),('ccc6586f-a689-484d-9c75-60ed9cc568bf','bb56ab07-fa1d-4a08-98d0-cfa8969af645','ai_1762424128269_j8l7icaub','2025-11-06 10:15:28','Neuro','The MRI shows the cervical spine in a sagittal view. Vertebral alignment appears neutral, and intervertebral disc spaces are preserved. No obvious herniations or major degenerative changes are visible. Spinal cord appears intact without obvious signal intensity changes.','[\"Normal study\", \"Early degenerative changes\", \"Mild cervical spondylosis\"]','[\"Clinical correlation with symptoms is recommended. Consider follow-up imaging if clinical symptoms persist or worsen.\"]','{\"overall\": 3}','{\"comparison\": false, \"subspecialty\": {\"id\": 16, \"code\": \"NR\", \"name\": \"Neuroradiology\", \"shortName\": \"Neuro\", \"confidence_score\": 3}, \"interpretation\": \"The findings suggest a normal cervical spine MRI without evidence of acute pathology.\", \"templatesCount\": 5}',NULL,1,'{\"format\": \"new\", \"message\": \"Analysis completed successfully\", \"success\": true, \"templates\": [{\"title\": \"MRI Cervical Spine\", \"views\": 5194, \"author\": \"Caleb Epps\", \"created\": \"2023-05-24T07:51:01.000Z\", \"specCode\": \"NR\", \"downloads\": 0, \"specialty\": \"Neuroradiology\", \"description\": \"MRI Cervical Spine template with detailed HTML structure\", \"template_id\": \"50890\"}, {\"title\": \"MR Internal Auditory Canal Postoperative\", \"views\": 3836, \"author\": \"Dr. Jennifer Davis\", \"created\": \"2021-03-16T07:04:27.000Z\", \"specCode\": \"HN,NR,MR\", \"downloads\": 0, \"specialty\": \"Head and Neck,Neuroradiology,Magnetic Resonance Imaging\", \"description\": \"MR Internal Auditory Canal Postoperative - Head and Neck,Neuroradiology,Magnetic Resonance Imaging template with structured reporting format.\", \"template_id\": \"50843\"}, {\"title\": \"CT Mastoid and Middle Ear Postoperative\", \"views\": 3989, \"author\": \"Dr. Daniel Anderson\", \"created\": \"2021-03-16T07:03:39.000Z\", \"specCode\": \"CT,HN,NR\", \"downloads\": 0, \"specialty\": \"Computed Tomography,Head and Neck,Neuroradiology\", \"description\": \"CT Mastoid and Middle Ear Postoperative - Computed Tomography,Head and Neck,Neuroradiology template with structured reporting format.\", \"template_id\": \"50844\"}, {\"title\": \"CT Neck - Primary Hyperparathyroidism (PHPT) - Parathyroid 4D CT\", \"views\": 3063, \"author\": \"Dr. Michael Chen\", \"created\": \"2020-06-02T04:58:34.000Z\", \"specCode\": \"HN,NR,CT\", \"downloads\": 0, \"specialty\": \"Head and Neck,Neuroradiology,Computed Tomography\", \"description\": \"CT Neck - Primary Hyperparathyroidism (PHPT) - Parathyroid 4D CT - Head and Neck,Neuroradiology,Computed Tomography template with structured reporting format.\", \"template_id\": \"50801\"}, {\"title\": \"CT Neck WO Contrast\", \"views\": 7065, \"author\": \"Dr. Lisa Thompson\", \"created\": \"2019-03-20T10:23:35.000Z\", \"specCode\": \"HN,NR\", \"downloads\": 0, \"specialty\": \"Head and Neck,Neuroradiology\", \"description\": \"CT Neck WO Contrast - Head and Neck,Neuroradiology template with structured reporting format.\", \"template_id\": \"50675\"}], \"originalResponse\": {\"data\": {\"findings\": \"The MRI shows the cervical spine in a sagittal view. Vertebral alignment appears neutral, and intervertebral disc spaces are preserved. No obvious herniations or major degenerative changes are visible. Spinal cord appears intact without obvious signal intensity changes.\", \"subspecialty\": {\"id\": 16, \"code\": \"NR\", \"name\": \"Neuroradiology\", \"shortName\": \"Neuro\", \"templates\": [{\"title\": \"MRI Cervical Spine\", \"views\": 5194, \"author\": \"Caleb Epps\", \"created\": \"2023-05-24T07:51:01.000Z\", \"specCode\": \"NR\", \"downloads\": 0, \"specialty\": \"Neuroradiology\", \"description\": \"MRI Cervical Spine template with detailed HTML structure\", \"template_id\": \"50890\"}, {\"title\": \"MR Internal Auditory Canal Postoperative\", \"views\": 3836, \"author\": \"Dr. Jennifer Davis\", \"created\": \"2021-03-16T07:04:27.000Z\", \"specCode\": \"HN,NR,MR\", \"downloads\": 0, \"specialty\": \"Head and Neck,Neuroradiology,Magnetic Resonance Imaging\", \"description\": \"MR Internal Auditory Canal Postoperative - Head and Neck,Neuroradiology,Magnetic Resonance Imaging template with structured reporting format.\", \"template_id\": \"50843\"}, {\"title\": \"CT Mastoid and Middle Ear Postoperative\", \"views\": 3989, \"author\": \"Dr. Daniel Anderson\", \"created\": \"2021-03-16T07:03:39.000Z\", \"specCode\": \"CT,HN,NR\", \"downloads\": 0, \"specialty\": \"Computed Tomography,Head and Neck,Neuroradiology\", \"description\": \"CT Mastoid and Middle Ear Postoperative - Computed Tomography,Head and Neck,Neuroradiology template with structured reporting format.\", \"template_id\": \"50844\"}, {\"title\": \"CT Neck - Primary Hyperparathyroidism (PHPT) - Parathyroid 4D CT\", \"views\": 3063, \"author\": \"Dr. Michael Chen\", \"created\": \"2020-06-02T04:58:34.000Z\", \"specCode\": \"HN,NR,CT\", \"downloads\": 0, \"specialty\": \"Head and Neck,Neuroradiology,Computed Tomography\", \"description\": \"CT Neck - Primary Hyperparathyroidism (PHPT) - Parathyroid 4D CT - Head and Neck,Neuroradiology,Computed Tomography template with structured reporting format.\", \"template_id\": \"50801\"}, {\"title\": \"CT Neck WO Contrast\", \"views\": 7065, \"author\": \"Dr. Lisa Thompson\", \"created\": \"2019-03-20T10:23:35.000Z\", \"specCode\": \"HN,NR\", \"downloads\": 0, \"specialty\": \"Head and Neck,Neuroradiology\", \"description\": \"CT Neck WO Contrast - Head and Neck,Neuroradiology template with structured reporting format.\", \"template_id\": \"50675\"}], \"confidence_score\": 3, \"templates_pagination\": {\"skip\": 0, \"limit\": 5, \"total\": 115, \"hasMore\": true}}, \"interpretation\": \"The findings suggest a normal cervical spine MRI without evidence of acute pathology.\", \"recommendations\": \"Clinical correlation with symptoms is recommended. Consider follow-up imaging if clinical symptoms persist or worsen.\", \"possible_diagnoses\": [\"Normal study\", \"Early degenerative changes\", \"Mild cervical spondylosis\"]}, \"message\": \"Analysis completed successfully\", \"success\": true, \"comparison\": false}, \"templatesPagination\": {\"skip\": 0, \"limit\": 5, \"total\": 115, \"hasMore\": true}}','2025-11-06 10:15:28','2025-11-06 10:15:28'),('e06c933e-d114-40f9-9f71-ad1ae0851c4f','41fea22a-bbe2-4411-b47d-59d5dfe36062','5b712f04-41cc-4bf1-9dc6-05ce5ac34ba2','2025-10-31 06:42:13','general','Analysis completed via API','[{\"severity\": \"None\", \"pathology\": \"Normal\", \"confidence\": 0.85, \"clinical_significance\": \"No abnormalities detected\"}]','[\"Continue routine monitoring\"]','{\"low_confidence\": 0, \"high_confidence\": 1, \"medium_confidence\": 0}','{\"prediction_id\": \"5b712f04-41cc-4bf1-9dc6-05ce5ac34ba2\", \"models_evaluated\": 1, \"processing_time_seconds\": 1}',1.000,1,'{\"originalResponse\": {\"timestamp\": \"2025-10-31T12:12:13.416913\", \"image_type\": \"general\", \"analysis_id\": \"5b712f04-41cc-4bf1-9dc6-05ce5ac34ba2\", \"processing_time\": 1, \"recommendations\": [\"Continue routine monitoring\"], \"confidence_scores\": {\"low_confidence\": 0, \"high_confidence\": 1, \"medium_confidence\": 0}, \"technical_details\": {\"prediction_id\": \"5b712f04-41cc-4bf1-9dc6-05ce5ac34ba2\", \"models_evaluated\": 1, \"processing_time_seconds\": 1}, \"overall_assessment\": \"Analysis completed via API\", \"pathologies_detected\": [{\"severity\": \"None\", \"pathology\": \"Normal\", \"confidence\": 0.85, \"clinical_significance\": \"No abnormalities detected\"}]}}','2025-10-31 06:42:13','2025-10-31 06:42:13'),('f9f5044e-b434-4885-9e71-18392ce1cf8c','690051bf-dd15-401f-a4fb-95660ba38a09','82be6960-0d2f-4089-ba73-ef1d45da38ef','2025-10-31 06:20:41','general','Analysis completed via API','[{\"severity\": \"None\", \"pathology\": \"Normal\", \"confidence\": 0.85, \"clinical_significance\": \"No abnormalities detected\"}]','[\"Continue routine monitoring\"]','{\"low_confidence\": 0, \"high_confidence\": 1, \"medium_confidence\": 0}','{\"prediction_id\": \"82be6960-0d2f-4089-ba73-ef1d45da38ef\", \"models_evaluated\": 1, \"processing_time_seconds\": 1}',1.000,1,'{\"originalResponse\": {\"timestamp\": \"2025-10-31T11:50:41.414945\", \"image_type\": \"general\", \"analysis_id\": \"82be6960-0d2f-4089-ba73-ef1d45da38ef\", \"processing_time\": 1, \"recommendations\": [\"Continue routine monitoring\"], \"confidence_scores\": {\"low_confidence\": 0, \"high_confidence\": 1, \"medium_confidence\": 0}, \"technical_details\": {\"prediction_id\": \"82be6960-0d2f-4089-ba73-ef1d45da38ef\", \"models_evaluated\": 1, \"processing_time_seconds\": 1}, \"overall_assessment\": \"Analysis completed via API\", \"pathologies_detected\": [{\"severity\": \"None\", \"pathology\": \"Normal\", \"confidence\": 0.85, \"clinical_significance\": \"No abnormalities detected\"}]}}','2025-10-31 06:20:41','2025-10-31 06:20:41'),('fde4bf37-5260-4441-8407-2b0e7f0dc279','41fea22a-bbe2-4411-b47d-59d5dfe36062','5e96fe10-7cf2-420a-a205-76b608c407ed','2025-10-31 06:35:46','general','Analysis completed via API','[{\"severity\": \"None\", \"pathology\": \"Normal\", \"confidence\": 0.85, \"clinical_significance\": \"No abnormalities detected\"}]','[\"Continue routine monitoring\"]','{\"low_confidence\": 0, \"high_confidence\": 1, \"medium_confidence\": 0}','{\"prediction_id\": \"5e96fe10-7cf2-420a-a205-76b608c407ed\", \"models_evaluated\": 1, \"processing_time_seconds\": 1}',1.000,1,'{\"originalResponse\": {\"timestamp\": \"2025-10-31T12:05:46.860416\", \"image_type\": \"general\", \"analysis_id\": \"5e96fe10-7cf2-420a-a205-76b608c407ed\", \"processing_time\": 1, \"recommendations\": [\"Continue routine monitoring\"], \"confidence_scores\": {\"low_confidence\": 0, \"high_confidence\": 1, \"medium_confidence\": 0}, \"technical_details\": {\"prediction_id\": \"5e96fe10-7cf2-420a-a205-76b608c407ed\", \"models_evaluated\": 1, \"processing_time_seconds\": 1}, \"overall_assessment\": \"Analysis completed via API\", \"pathologies_detected\": [{\"severity\": \"None\", \"pathology\": \"Normal\", \"confidence\": 0.85, \"clinical_significance\": \"No abnormalities detected\"}]}}','2025-10-31 06:35:47','2025-10-31 06:35:47');
/*!40000 ALTER TABLE `ai_analyses` ENABLE KEYS */;
UNLOCK TABLES;

--
-- Table structure for table `billings`
--

DROP TABLE IF EXISTS `billings`;
/*!40101 SET @saved_cs_client     = @@character_set_client */;
/*!50503 SET character_set_client = utf8mb4 */;
CREATE TABLE `billings` (
  `id` char(36) CHARACTER SET utf8mb4 COLLATE utf8mb4_bin NOT NULL,
  `order_id` char(36) CHARACTER SET utf8mb4 COLLATE utf8mb4_bin NOT NULL,
  `billing_number` varchar(50) NOT NULL,
  `insurance_id` char(36) CHARACTER SET utf8mb4 COLLATE utf8mb4_bin DEFAULT NULL,
  `patient_id` char(36) CHARACTER SET utf8mb4 COLLATE utf8mb4_bin NOT NULL,
  `status` enum('draft','pending','submitted','approved','rejected','paid','cancelled') NOT NULL DEFAULT 'draft',
  `total_amount` decimal(10,2) NOT NULL DEFAULT '0.00',
  `insurance_amount` decimal(10,2) DEFAULT '0.00',
  `patient_amount` decimal(10,2) DEFAULT '0.00',
  `copay_amount` decimal(10,2) DEFAULT '0.00',
  `deductible_amount` decimal(10,2) DEFAULT '0.00',
  `pre_authorization_number` varchar(100) DEFAULT NULL,
  `claim_number` varchar(100) DEFAULT NULL,
  `claim_date` datetime DEFAULT NULL,
  `payment_date` datetime DEFAULT NULL,
  `payment_method` enum('cash','card','insurance','check','other') DEFAULT NULL,
  `payment_reference` varchar(100) DEFAULT NULL,
  `rejection_reason` text,
  `notes` text,
  `is_active` tinyint(1) DEFAULT '1',
  `metadata` json DEFAULT NULL COMMENT 'Additional metadata for billing',
  `created_at` datetime NOT NULL,
  `updated_at` datetime NOT NULL,
  PRIMARY KEY (`id`),
  UNIQUE KEY `billing_number` (`billing_number`),
  UNIQUE KEY `billing_number_2` (`billing_number`),
  UNIQUE KEY `billing_number_3` (`billing_number`),
  UNIQUE KEY `billing_number_4` (`billing_number`),
  UNIQUE KEY `billing_number_5` (`billing_number`),
  UNIQUE KEY `billing_number_6` (`billing_number`),
  UNIQUE KEY `billing_number_7` (`billing_number`),
  UNIQUE KEY `billing_number_8` (`billing_number`),
  UNIQUE KEY `billing_number_9` (`billing_number`),
  UNIQUE KEY `billing_number_10` (`billing_number`),
  UNIQUE KEY `billing_number_11` (`billing_number`),
  UNIQUE KEY `billing_number_12` (`billing_number`),
  UNIQUE KEY `billing_number_13` (`billing_number`),
  UNIQUE KEY `billing_number_14` (`billing_number`),
  UNIQUE KEY `billing_number_15` (`billing_number`),
  UNIQUE KEY `billing_number_16` (`billing_number`),
  UNIQUE KEY `billing_number_17` (`billing_number`),
  UNIQUE KEY `billing_number_18` (`billing_number`),
  UNIQUE KEY `billing_number_19` (`billing_number`),
  UNIQUE KEY `billing_number_20` (`billing_number`),
  UNIQUE KEY `billing_number_21` (`billing_number`),
  UNIQUE KEY `billing_number_22` (`billing_number`),
  UNIQUE KEY `billing_number_23` (`billing_number`),
  UNIQUE KEY `billing_number_24` (`billing_number`),
  UNIQUE KEY `billing_number_25` (`billing_number`),
  UNIQUE KEY `billing_number_26` (`billing_number`),
  UNIQUE KEY `billing_number_27` (`billing_number`),
  UNIQUE KEY `billing_number_28` (`billing_number`),
  UNIQUE KEY `billing_number_29` (`billing_number`),
  UNIQUE KEY `billing_number_30` (`billing_number`),
  UNIQUE KEY `billing_number_31` (`billing_number`),
  UNIQUE KEY `billing_number_32` (`billing_number`),
  UNIQUE KEY `billing_number_33` (`billing_number`),
  UNIQUE KEY `billing_number_34` (`billing_number`),
  UNIQUE KEY `billing_number_35` (`billing_number`),
  UNIQUE KEY `billing_number_36` (`billing_number`),
  UNIQUE KEY `billing_number_37` (`billing_number`),
  UNIQUE KEY `billing_number_38` (`billing_number`),
  UNIQUE KEY `billing_number_39` (`billing_number`),
  UNIQUE KEY `billing_number_40` (`billing_number`),
  UNIQUE KEY `billing_number_41` (`billing_number`),
  UNIQUE KEY `billing_number_42` (`billing_number`),
  UNIQUE KEY `billing_number_43` (`billing_number`),
  UNIQUE KEY `billing_number_44` (`billing_number`),
  UNIQUE KEY `billing_number_45` (`billing_number`),
  UNIQUE KEY `billing_number_46` (`billing_number`),
  UNIQUE KEY `billing_number_47` (`billing_number`),
  UNIQUE KEY `billing_number_48` (`billing_number`),
  UNIQUE KEY `billing_number_49` (`billing_number`),
  UNIQUE KEY `billing_number_50` (`billing_number`),
  UNIQUE KEY `billing_number_51` (`billing_number`),
  UNIQUE KEY `billing_number_52` (`billing_number`),
  UNIQUE KEY `billing_number_53` (`billing_number`),
  UNIQUE KEY `billing_number_54` (`billing_number`),
  UNIQUE KEY `billing_number_55` (`billing_number`),
  UNIQUE KEY `billing_number_56` (`billing_number`),
  KEY `order_id` (`order_id`),
  KEY `insurance_id` (`insurance_id`),
  KEY `patient_id` (`patient_id`),
  CONSTRAINT `billings_ibfk_166` FOREIGN KEY (`order_id`) REFERENCES `orders` (`id`) ON DELETE CASCADE ON UPDATE CASCADE,
  CONSTRAINT `billings_ibfk_167` FOREIGN KEY (`insurance_id`) REFERENCES `insurances` (`id`) ON DELETE SET NULL ON UPDATE CASCADE,
  CONSTRAINT `billings_ibfk_168` FOREIGN KEY (`patient_id`) REFERENCES `patients` (`id`)
) ENGINE=InnoDB DEFAULT CHARSET=utf8mb4 COLLATE=utf8mb4_0900_ai_ci;
/*!40101 SET character_set_client = @saved_cs_client */;

--
-- Dumping data for table `billings`
--

LOCK TABLES `billings` WRITE;
/*!40000 ALTER TABLE `billings` DISABLE KEYS */;
INSERT INTO `billings` VALUES ('09fc90f6-5f98-44c6-b28d-8f341ba1b975','62238026-8c80-4566-bef4-9d152be437fd','BIL-1757580923989-003','3eb3f0a0-30b1-404e-bd3d-7afcaae8d889','58590151-06df-4d89-9600-d46267c3efcd','draft',800.00,640.00,160.00,0.00,160.00,NULL,NULL,NULL,NULL,NULL,NULL,NULL,NULL,1,NULL,'2025-09-11 08:55:23','2025-09-11 08:55:23'),('b7a8a1cc-14bd-47e5-81fe-60a32d1d061f','e0643e70-e458-48ef-ba17-ef89b63d748c','BIL-1757580923989-001','4dfc986c-7558-4dc7-806f-74d90eef27e4','654860ac-c217-4331-920b-77f00cf8ee02','submitted',75.00,60.00,15.00,15.00,0.00,NULL,NULL,'2024-01-15 00:00:00',NULL,NULL,NULL,NULL,NULL,1,NULL,'2025-09-11 08:55:23','2025-09-11 08:55:23'),('c3cc0e19-3810-46cc-986a-d60ef2174431','f0cf9f54-7c44-4bf0-b825-45422ef82c9a','BIL-1757580923989-002','e93ca29a-f394-4dd3-8ed4-85c55d3b3fab','3175b245-4021-4dc3-adf2-0bffd6f124eb','pending',350.00,280.00,70.00,50.00,20.00,NULL,NULL,NULL,NULL,NULL,NULL,NULL,NULL,1,NULL,'2025-09-11 08:55:23','2025-09-11 08:55:23');
/*!40000 ALTER TABLE `billings` ENABLE KEYS */;
UNLOCK TABLES;

--
-- Table structure for table `communications`
--

DROP TABLE IF EXISTS `communications`;
/*!40101 SET @saved_cs_client     = @@character_set_client */;
/*!50503 SET character_set_client = utf8mb4 */;
CREATE TABLE `communications` (
  `id` char(36) CHARACTER SET utf8mb4 COLLATE utf8mb4_bin NOT NULL,
  `order_id` char(36) CHARACTER SET utf8mb4 COLLATE utf8mb4_bin DEFAULT NULL,
  `from_user_id` char(36) CHARACTER SET utf8mb4 COLLATE utf8mb4_bin NOT NULL,
  `to_user_id` char(36) CHARACTER SET utf8mb4 COLLATE utf8mb4_bin NOT NULL,
  `type` enum('note','chat','alert','notification','email','sms') NOT NULL DEFAULT 'note',
  `subject` varchar(200) DEFAULT NULL,
  `message` text NOT NULL,
  `priority` enum('low','normal','high','urgent') NOT NULL DEFAULT 'normal',
  `status` enum('sent','delivered','read','replied','archived') NOT NULL DEFAULT 'sent',
  `is_read` tinyint(1) DEFAULT '0',
  `read_at` datetime DEFAULT NULL,
  `replied_at` datetime DEFAULT NULL,
  `parent_id` char(36) CHARACTER SET utf8mb4 COLLATE utf8mb4_bin DEFAULT NULL,
  `attachments` json DEFAULT NULL COMMENT 'JSON array of attachment file paths',
  `metadata` json DEFAULT NULL COMMENT 'Additional metadata for the communication',
  `is_active` tinyint(1) DEFAULT '1',
  `created_at` datetime NOT NULL,
  `updated_at` datetime NOT NULL,
  PRIMARY KEY (`id`),
  KEY `order_id` (`order_id`),
  KEY `from_user_id` (`from_user_id`),
  KEY `to_user_id` (`to_user_id`),
  KEY `parent_id` (`parent_id`),
  CONSTRAINT `communications_ibfk_221` FOREIGN KEY (`order_id`) REFERENCES `orders` (`id`) ON DELETE SET NULL ON UPDATE CASCADE,
  CONSTRAINT `communications_ibfk_222` FOREIGN KEY (`from_user_id`) REFERENCES `users` (`id`) ON UPDATE CASCADE,
  CONSTRAINT `communications_ibfk_223` FOREIGN KEY (`to_user_id`) REFERENCES `users` (`id`) ON UPDATE CASCADE,
  CONSTRAINT `communications_ibfk_224` FOREIGN KEY (`parent_id`) REFERENCES `communications` (`id`)
) ENGINE=InnoDB DEFAULT CHARSET=utf8mb4 COLLATE=utf8mb4_0900_ai_ci;
/*!40101 SET character_set_client = @saved_cs_client */;

--
-- Dumping data for table `communications`
--

LOCK TABLES `communications` WRITE;
/*!40000 ALTER TABLE `communications` DISABLE KEYS */;
INSERT INTO `communications` VALUES ('216dbbd2-ac34-41cf-afa0-f0d2cb6a452f','9fcadab8-165d-4ba0-b5c2-24617bf6d7aa','5f626882-288a-41b0-83e1-8fade70b18b3','5f626882-288a-41b0-83e1-8fade70b18b3','note','Urgent: Patient requires immediate attention','The patient is experiencing severe pain and needs immediate review.','urgent','sent',0,NULL,NULL,NULL,NULL,NULL,1,'2025-09-16 04:25:51','2025-09-16 04:25:51'),('93adae5a-b289-45b6-985e-195d6809df7a','62238026-8c80-4566-bef4-9d152be437fd','72b05470-3dc1-4900-908e-aab71a68aec2','40e2e2ee-fc04-47bd-b7cf-fdeaea8eb3c5','alert','URGENT: STAT MRI needed','Patient has acute neurological symptoms. Please prioritize this STAT MRI study.','urgent','sent',0,NULL,NULL,NULL,NULL,NULL,1,'2025-09-11 08:55:23','2025-09-11 08:55:23'),('af41703e-b364-4c70-9909-627f55aa3a1d','e0643e70-e458-48ef-ba17-ef89b63d748c','f29ce7b0-bf29-4647-a219-7a91c99486c2','72b05470-3dc1-4900-908e-aab71a68aec2','note','Chest X-Ray results','Chest X-Ray is normal. No evidence of pneumonia or other acute pathology.','normal','sent',0,NULL,NULL,NULL,NULL,NULL,1,'2025-09-11 08:55:23','2025-09-11 08:55:23'),('fbcd94b4-4890-4445-a147-0f939fd9d38b','f0cf9f54-7c44-4bf0-b825-45422ef82c9a','f29ce7b0-bf29-4647-a219-7a91c99486c2','346cccee-d19c-42ae-bdab-3ec83bba0d2e','note','CT Chest preliminary findings','Preliminary CT shows no evidence of metastatic disease. Full report will be available shortly.','normal','sent',0,NULL,NULL,NULL,NULL,NULL,1,'2025-09-11 08:55:23','2025-09-11 08:55:23');
/*!40000 ALTER TABLE `communications` ENABLE KEYS */;
UNLOCK TABLES;

--
-- Table structure for table `cpt_codes`
--

DROP TABLE IF EXISTS `cpt_codes`;
/*!40101 SET @saved_cs_client     = @@character_set_client */;
/*!50503 SET character_set_client = utf8mb4 */;
CREATE TABLE `cpt_codes` (
  `id` char(36) CHARACTER SET utf8mb4 COLLATE utf8mb4_bin NOT NULL,
  `code` varchar(10) NOT NULL,
  `description` text NOT NULL,
  `category` varchar(100) DEFAULT NULL,
  `body_part` varchar(100) DEFAULT NULL,
  `modality` varchar(100) DEFAULT NULL,
  `rvu` decimal(8,3) DEFAULT NULL COMMENT 'Relative Value Unit',
  `facility_fee` decimal(10,2) DEFAULT NULL,
  `professional_fee` decimal(10,2) DEFAULT NULL,
  `total_fee` decimal(10,2) DEFAULT NULL,
  `is_active` tinyint(1) DEFAULT '1',
  `effective_date` datetime DEFAULT NULL,
  `end_date` datetime DEFAULT NULL,
  `notes` text,
  `created_at` datetime NOT NULL,
  `updated_at` datetime NOT NULL,
  PRIMARY KEY (`id`),
  UNIQUE KEY `code` (`code`),
  UNIQUE KEY `code_2` (`code`),
  UNIQUE KEY `code_3` (`code`),
  UNIQUE KEY `code_4` (`code`),
  UNIQUE KEY `code_5` (`code`),
  UNIQUE KEY `code_6` (`code`),
  UNIQUE KEY `code_7` (`code`),
  UNIQUE KEY `code_8` (`code`),
  UNIQUE KEY `code_9` (`code`),
  UNIQUE KEY `code_10` (`code`),
  UNIQUE KEY `code_11` (`code`),
  UNIQUE KEY `code_12` (`code`),
  UNIQUE KEY `code_13` (`code`),
  UNIQUE KEY `code_14` (`code`),
  UNIQUE KEY `code_15` (`code`),
  UNIQUE KEY `code_16` (`code`),
  UNIQUE KEY `code_17` (`code`),
  UNIQUE KEY `code_18` (`code`),
  UNIQUE KEY `code_19` (`code`),
  UNIQUE KEY `code_20` (`code`),
  UNIQUE KEY `code_21` (`code`),
  UNIQUE KEY `code_22` (`code`),
  UNIQUE KEY `code_23` (`code`),
  UNIQUE KEY `code_24` (`code`),
  UNIQUE KEY `code_25` (`code`),
  UNIQUE KEY `code_26` (`code`),
  UNIQUE KEY `code_27` (`code`),
  UNIQUE KEY `code_28` (`code`),
  UNIQUE KEY `code_29` (`code`),
  UNIQUE KEY `code_30` (`code`),
  UNIQUE KEY `code_31` (`code`),
  UNIQUE KEY `code_32` (`code`),
  UNIQUE KEY `code_33` (`code`),
  UNIQUE KEY `code_34` (`code`),
  UNIQUE KEY `code_35` (`code`),
  UNIQUE KEY `code_36` (`code`),
  UNIQUE KEY `code_37` (`code`),
  UNIQUE KEY `code_38` (`code`),
  UNIQUE KEY `code_39` (`code`),
  UNIQUE KEY `code_40` (`code`),
  UNIQUE KEY `code_41` (`code`),
  UNIQUE KEY `code_42` (`code`),
  UNIQUE KEY `code_43` (`code`),
  UNIQUE KEY `code_44` (`code`),
  UNIQUE KEY `code_45` (`code`),
  UNIQUE KEY `code_46` (`code`),
  UNIQUE KEY `code_47` (`code`),
  UNIQUE KEY `code_48` (`code`),
  UNIQUE KEY `code_49` (`code`),
  UNIQUE KEY `code_50` (`code`),
  UNIQUE KEY `code_51` (`code`),
  UNIQUE KEY `code_52` (`code`),
  UNIQUE KEY `code_53` (`code`),
  UNIQUE KEY `code_54` (`code`),
  UNIQUE KEY `code_55` (`code`),
  UNIQUE KEY `code_56` (`code`)
) ENGINE=InnoDB DEFAULT CHARSET=utf8mb4 COLLATE=utf8mb4_0900_ai_ci;
/*!40101 SET character_set_client = @saved_cs_client */;

--
-- Dumping data for table `cpt_codes`
--

LOCK TABLES `cpt_codes` WRITE;
/*!40000 ALTER TABLE `cpt_codes` DISABLE KEYS */;
INSERT INTO `cpt_codes` VALUES ('38f7e9d5-60da-4bf9-8285-8ffc00f28316','71020','Radiologic examination, chest, 2 views, frontal and lateral','Radiology','Chest','X-Ray',0.170,45.00,15.00,60.00,1,NULL,NULL,NULL,'2025-09-11 08:55:16','2025-09-11 08:55:16'),('71046126-f652-45c9-9e14-3bc73d14db96','70551','Magnetic resonance (eg, proton) imaging, brain (including brain stem); without contrast material','Radiology','Brain','MRI',2.500,800.00,150.00,950.00,1,NULL,NULL,NULL,'2025-09-11 08:55:16','2025-09-11 08:55:16'),('e0e95fce-9fee-40a8-9b9f-98e370f7b960','71250','Computed tomography, thorax, diagnostic; without contrast material','Radiology','Chest','CT',1.500,350.00,75.00,425.00,1,NULL,NULL,NULL,'2025-09-11 08:55:16','2025-09-11 08:55:16');
/*!40000 ALTER TABLE `cpt_codes` ENABLE KEYS */;
UNLOCK TABLES;

--
-- Table structure for table `exam_types`
--

DROP TABLE IF EXISTS `exam_types`;
/*!40101 SET @saved_cs_client     = @@character_set_client */;
/*!50503 SET character_set_client = utf8mb4 */;
CREATE TABLE `exam_types` (
  `id` char(36) CHARACTER SET utf8mb4 COLLATE utf8mb4_bin NOT NULL,
  `name` varchar(100) NOT NULL,
  `code` varchar(20) NOT NULL,
  `description` text,
  `category` enum('X-Ray','CT','MRI','USG','Nuclear Medicine','Mammography','Fluoroscopy','Other') NOT NULL,
  `body_part` varchar(100) DEFAULT NULL,
  `preparation_instructions` text,
  `contraindications` text,
  `estimated_duration` int DEFAULT NULL COMMENT 'Duration in minutes',
  `requires_contrast` tinyint(1) DEFAULT '0',
  `requires_fasting` tinyint(1) DEFAULT '0',
  `fasting_hours` int DEFAULT NULL COMMENT 'Hours of fasting required',
  `cpt_code` varchar(10) DEFAULT NULL,
  `loinc_code` varchar(10) DEFAULT NULL,
  `is_active` tinyint(1) DEFAULT '1',
  `sort_order` int DEFAULT '0',
  `created_at` datetime NOT NULL,
  `updated_at` datetime NOT NULL,
  PRIMARY KEY (`id`),
  UNIQUE KEY `code` (`code`),
  UNIQUE KEY `code_2` (`code`),
  UNIQUE KEY `code_3` (`code`),
  UNIQUE KEY `code_4` (`code`),
  UNIQUE KEY `code_5` (`code`),
  UNIQUE KEY `code_6` (`code`),
  UNIQUE KEY `code_7` (`code`),
  UNIQUE KEY `code_8` (`code`),
  UNIQUE KEY `code_9` (`code`),
  UNIQUE KEY `code_10` (`code`),
  UNIQUE KEY `code_11` (`code`),
  UNIQUE KEY `code_12` (`code`),
  UNIQUE KEY `code_13` (`code`),
  UNIQUE KEY `code_14` (`code`),
  UNIQUE KEY `code_15` (`code`),
  UNIQUE KEY `code_16` (`code`),
  UNIQUE KEY `code_17` (`code`),
  UNIQUE KEY `code_18` (`code`),
  UNIQUE KEY `code_19` (`code`),
  UNIQUE KEY `code_20` (`code`),
  UNIQUE KEY `code_21` (`code`),
  UNIQUE KEY `code_22` (`code`),
  UNIQUE KEY `code_23` (`code`),
  UNIQUE KEY `code_24` (`code`),
  UNIQUE KEY `code_25` (`code`),
  UNIQUE KEY `code_26` (`code`),
  UNIQUE KEY `code_27` (`code`),
  UNIQUE KEY `code_28` (`code`),
  UNIQUE KEY `code_29` (`code`),
  UNIQUE KEY `code_30` (`code`),
  UNIQUE KEY `code_31` (`code`),
  UNIQUE KEY `code_32` (`code`),
  UNIQUE KEY `code_33` (`code`),
  UNIQUE KEY `code_34` (`code`),
  UNIQUE KEY `code_35` (`code`),
  UNIQUE KEY `code_36` (`code`),
  UNIQUE KEY `code_37` (`code`),
  UNIQUE KEY `code_38` (`code`),
  UNIQUE KEY `code_39` (`code`),
  UNIQUE KEY `code_40` (`code`),
  UNIQUE KEY `code_41` (`code`),
  UNIQUE KEY `code_42` (`code`),
  UNIQUE KEY `code_43` (`code`),
  UNIQUE KEY `code_44` (`code`),
  UNIQUE KEY `code_45` (`code`),
  UNIQUE KEY `code_46` (`code`),
  UNIQUE KEY `code_47` (`code`),
  UNIQUE KEY `code_48` (`code`),
  UNIQUE KEY `code_49` (`code`),
  UNIQUE KEY `code_50` (`code`),
  UNIQUE KEY `code_51` (`code`),
  UNIQUE KEY `code_52` (`code`),
  UNIQUE KEY `code_53` (`code`),
  UNIQUE KEY `code_54` (`code`),
  UNIQUE KEY `code_55` (`code`),
  UNIQUE KEY `code_56` (`code`),
  UNIQUE KEY `code_57` (`code`),
  UNIQUE KEY `code_58` (`code`)
) ENGINE=InnoDB DEFAULT CHARSET=utf8mb4 COLLATE=utf8mb4_0900_ai_ci;
/*!40101 SET character_set_client = @saved_cs_client */;

--
-- Dumping data for table `exam_types`
--

LOCK TABLES `exam_types` WRITE;
/*!40000 ALTER TABLE `exam_types` DISABLE KEYS */;
INSERT INTO `exam_types` VALUES ('33bb1a00-4bf5-4df0-b2b8-f70e4a1a6e99','CT Chest','CT_CHEST',NULL,'CT','Chest','NPO 4 hours prior, remove metal objects',NULL,30,1,0,NULL,'71250','18748-4',1,0,'2025-09-11 08:55:16','2025-09-11 08:55:16'),('c9a1ceb7-6165-4137-bf73-8daee84742ef','Abdominal Ultrasound','US_ABD',NULL,'USG','Abdomen','NPO 8 hours prior',NULL,30,0,1,8,'76700','18748-4',1,0,'2025-09-11 08:55:16','2025-09-11 08:55:16'),('ca7a6b32-c47d-4713-8c5e-564e098b589e','MRI Brain','MRI_BRAIN',NULL,'MRI','Brain','Remove all metal objects, no pacemaker',NULL,45,0,0,NULL,'70551','18748-4',1,0,'2025-09-11 08:55:16','2025-09-11 08:55:16'),('d8126f9f-2bc2-4930-9a09-fb4e9e5a6a32','Chest X-Ray','CXR',NULL,'X-Ray','Chest','Remove jewelry and metal objects',NULL,15,0,0,NULL,'71020','18748-4',1,0,'2025-09-11 08:55:16','2025-09-11 08:55:16');
/*!40000 ALTER TABLE `exam_types` ENABLE KEYS */;
UNLOCK TABLES;

--
-- Table structure for table `icd_codes`
--

DROP TABLE IF EXISTS `icd_codes`;
/*!40101 SET @saved_cs_client     = @@character_set_client */;
/*!50503 SET character_set_client = utf8mb4 */;
CREATE TABLE `icd_codes` (
  `id` char(36) CHARACTER SET utf8mb4 COLLATE utf8mb4_bin NOT NULL,
  `code` varchar(20) NOT NULL,
  `description` text NOT NULL,
  `category` varchar(100) DEFAULT NULL,
  `subcategory` varchar(100) DEFAULT NULL,
  `chapter` varchar(100) DEFAULT NULL,
  `version` varchar(10) NOT NULL DEFAULT 'ICD-10',
  `is_active` tinyint(1) DEFAULT '1',
  `effective_date` datetime DEFAULT NULL,
  `end_date` datetime DEFAULT NULL,
  `notes` text,
  `created_at` datetime NOT NULL,
  `updated_at` datetime NOT NULL,
  PRIMARY KEY (`id`),
  UNIQUE KEY `code` (`code`),
  UNIQUE KEY `code_2` (`code`),
  UNIQUE KEY `code_3` (`code`),
  UNIQUE KEY `code_4` (`code`),
  UNIQUE KEY `code_5` (`code`),
  UNIQUE KEY `code_6` (`code`),
  UNIQUE KEY `code_7` (`code`),
  UNIQUE KEY `code_8` (`code`),
  UNIQUE KEY `code_9` (`code`),
  UNIQUE KEY `code_10` (`code`),
  UNIQUE KEY `code_11` (`code`),
  UNIQUE KEY `code_12` (`code`),
  UNIQUE KEY `code_13` (`code`),
  UNIQUE KEY `code_14` (`code`),
  UNIQUE KEY `code_15` (`code`),
  UNIQUE KEY `code_16` (`code`),
  UNIQUE KEY `code_17` (`code`),
  UNIQUE KEY `code_18` (`code`),
  UNIQUE KEY `code_19` (`code`),
  UNIQUE KEY `code_20` (`code`),
  UNIQUE KEY `code_21` (`code`),
  UNIQUE KEY `code_22` (`code`),
  UNIQUE KEY `code_23` (`code`),
  UNIQUE KEY `code_24` (`code`),
  UNIQUE KEY `code_25` (`code`),
  UNIQUE KEY `code_26` (`code`),
  UNIQUE KEY `code_27` (`code`),
  UNIQUE KEY `code_28` (`code`),
  UNIQUE KEY `code_29` (`code`),
  UNIQUE KEY `code_30` (`code`),
  UNIQUE KEY `code_31` (`code`),
  UNIQUE KEY `code_32` (`code`),
  UNIQUE KEY `code_33` (`code`),
  UNIQUE KEY `code_34` (`code`),
  UNIQUE KEY `code_35` (`code`),
  UNIQUE KEY `code_36` (`code`),
  UNIQUE KEY `code_37` (`code`),
  UNIQUE KEY `code_38` (`code`),
  UNIQUE KEY `code_39` (`code`),
  UNIQUE KEY `code_40` (`code`),
  UNIQUE KEY `code_41` (`code`),
  UNIQUE KEY `code_42` (`code`),
  UNIQUE KEY `code_43` (`code`),
  UNIQUE KEY `code_44` (`code`),
  UNIQUE KEY `code_45` (`code`),
  UNIQUE KEY `code_46` (`code`),
  UNIQUE KEY `code_47` (`code`),
  UNIQUE KEY `code_48` (`code`),
  UNIQUE KEY `code_49` (`code`),
  UNIQUE KEY `code_50` (`code`),
  UNIQUE KEY `code_51` (`code`),
  UNIQUE KEY `code_52` (`code`),
  UNIQUE KEY `code_53` (`code`),
  UNIQUE KEY `code_54` (`code`),
  UNIQUE KEY `code_55` (`code`),
  UNIQUE KEY `code_56` (`code`)
) ENGINE=InnoDB DEFAULT CHARSET=utf8mb4 COLLATE=utf8mb4_0900_ai_ci;
/*!40101 SET character_set_client = @saved_cs_client */;

--
-- Dumping data for table `icd_codes`
--

LOCK TABLES `icd_codes` WRITE;
/*!40000 ALTER TABLE `icd_codes` DISABLE KEYS */;
INSERT INTO `icd_codes` VALUES ('4cfe39b7-aa36-487e-9921-d65830e4fd51','Z00.00','Encounter for general adult medical examination without abnormal findings','Encounter for examination',NULL,'Factors influencing health status and contact with health services','ICD-10',1,NULL,NULL,NULL,'2025-09-11 08:55:16','2025-09-11 08:55:16'),('ca5b2bbc-331b-46cf-85d9-de526af94f3a','R50.9','Fever, unspecified','General symptoms and signs',NULL,'Symptoms, signs and abnormal clinical and laboratory findings','ICD-10',1,NULL,NULL,NULL,'2025-09-11 08:55:16','2025-09-11 08:55:16');
/*!40000 ALTER TABLE `icd_codes` ENABLE KEYS */;
UNLOCK TABLES;

--
-- Table structure for table `insurances`
--

DROP TABLE IF EXISTS `insurances`;
/*!40101 SET @saved_cs_client     = @@character_set_client */;
/*!50503 SET character_set_client = utf8mb4 */;
CREATE TABLE `insurances` (
  `id` char(36) CHARACTER SET utf8mb4 COLLATE utf8mb4_bin NOT NULL,
  `name` varchar(200) NOT NULL,
  `code` varchar(50) NOT NULL,
  `type` enum('primary','secondary','tertiary') NOT NULL DEFAULT 'primary',
  `contact_person` varchar(200) DEFAULT NULL,
  `phone` varchar(20) DEFAULT NULL,
  `email` varchar(255) DEFAULT NULL,
  `address` text,
  `city` varchar(100) DEFAULT NULL,
  `state` varchar(100) DEFAULT NULL,
  `zip_code` varchar(20) DEFAULT NULL,
  `country` varchar(100) DEFAULT NULL,
  `website` varchar(500) DEFAULT NULL,
  `pre_auth_required` tinyint(1) DEFAULT '0',
  `pre_auth_phone` varchar(20) DEFAULT NULL,
  `pre_auth_email` varchar(255) DEFAULT NULL,
  `claim_submission_method` enum('electronic','paper','both') NOT NULL DEFAULT 'electronic',
  `claim_submission_url` varchar(500) DEFAULT NULL,
  `is_active` tinyint(1) DEFAULT '1',
  `notes` text,
  `created_at` datetime NOT NULL,
  `updated_at` datetime NOT NULL,
  PRIMARY KEY (`id`),
  UNIQUE KEY `code` (`code`),
  UNIQUE KEY `code_2` (`code`),
  UNIQUE KEY `code_3` (`code`),
  UNIQUE KEY `code_4` (`code`),
  UNIQUE KEY `code_5` (`code`),
  UNIQUE KEY `code_6` (`code`),
  UNIQUE KEY `code_7` (`code`),
  UNIQUE KEY `code_8` (`code`),
  UNIQUE KEY `code_9` (`code`),
  UNIQUE KEY `code_10` (`code`),
  UNIQUE KEY `code_11` (`code`),
  UNIQUE KEY `code_12` (`code`),
  UNIQUE KEY `code_13` (`code`),
  UNIQUE KEY `code_14` (`code`),
  UNIQUE KEY `code_15` (`code`),
  UNIQUE KEY `code_16` (`code`),
  UNIQUE KEY `code_17` (`code`),
  UNIQUE KEY `code_18` (`code`),
  UNIQUE KEY `code_19` (`code`),
  UNIQUE KEY `code_20` (`code`),
  UNIQUE KEY `code_21` (`code`),
  UNIQUE KEY `code_22` (`code`),
  UNIQUE KEY `code_23` (`code`),
  UNIQUE KEY `code_24` (`code`),
  UNIQUE KEY `code_25` (`code`),
  UNIQUE KEY `code_26` (`code`),
  UNIQUE KEY `code_27` (`code`),
  UNIQUE KEY `code_28` (`code`),
  UNIQUE KEY `code_29` (`code`),
  UNIQUE KEY `code_30` (`code`),
  UNIQUE KEY `code_31` (`code`),
  UNIQUE KEY `code_32` (`code`),
  UNIQUE KEY `code_33` (`code`),
  UNIQUE KEY `code_34` (`code`),
  UNIQUE KEY `code_35` (`code`),
  UNIQUE KEY `code_36` (`code`),
  UNIQUE KEY `code_37` (`code`),
  UNIQUE KEY `code_38` (`code`),
  UNIQUE KEY `code_39` (`code`),
  UNIQUE KEY `code_40` (`code`),
  UNIQUE KEY `code_41` (`code`),
  UNIQUE KEY `code_42` (`code`),
  UNIQUE KEY `code_43` (`code`),
  UNIQUE KEY `code_44` (`code`),
  UNIQUE KEY `code_45` (`code`),
  UNIQUE KEY `code_46` (`code`),
  UNIQUE KEY `code_47` (`code`),
  UNIQUE KEY `code_48` (`code`),
  UNIQUE KEY `code_49` (`code`),
  UNIQUE KEY `code_50` (`code`),
  UNIQUE KEY `code_51` (`code`),
  UNIQUE KEY `code_52` (`code`),
  UNIQUE KEY `code_53` (`code`),
  UNIQUE KEY `code_54` (`code`),
  UNIQUE KEY `code_55` (`code`),
  UNIQUE KEY `code_56` (`code`)
) ENGINE=InnoDB DEFAULT CHARSET=utf8mb4 COLLATE=utf8mb4_0900_ai_ci;
/*!40101 SET character_set_client = @saved_cs_client */;

--
-- Dumping data for table `insurances`
--

LOCK TABLES `insurances` WRITE;
/*!40000 ALTER TABLE `insurances` DISABLE KEYS */;
INSERT INTO `insurances` VALUES ('3eb3f0a0-30b1-404e-bd3d-7afcaae8d889','Medicare','MEDICARE','primary','Medicare Support','1-800-MEDICARE','provider@medicare.gov',NULL,NULL,NULL,NULL,NULL,NULL,0,NULL,NULL,'electronic','https://www.cms.gov',1,NULL,'2025-09-11 08:55:16','2025-09-11 08:55:16'),('4dfc986c-7558-4dc7-806f-74d90eef27e4','Blue Cross Blue Shield','BCBS','primary','John Smith','1-800-555-0123','support@bcbs.com',NULL,NULL,NULL,NULL,NULL,NULL,1,'1-800-555-0124',NULL,'electronic','https://provider.bcbs.com',1,NULL,'2025-09-11 08:55:16','2025-09-11 08:55:16'),('e93ca29a-f394-4dd3-8ed4-85c55d3b3fab','Aetna','AETNA','primary','Jane Doe','1-800-555-0456','provider@aetna.com',NULL,NULL,NULL,NULL,NULL,NULL,1,'1-800-555-0457',NULL,'electronic','https://provider.aetna.com',1,NULL,'2025-09-11 08:55:16','2025-09-11 08:55:16');
/*!40000 ALTER TABLE `insurances` ENABLE KEYS */;
UNLOCK TABLES;

--
-- Table structure for table `loinc_codes`
--

DROP TABLE IF EXISTS `loinc_codes`;
/*!40101 SET @saved_cs_client     = @@character_set_client */;
/*!50503 SET character_set_client = utf8mb4 */;
CREATE TABLE `loinc_codes` (
  `id` char(36) CHARACTER SET utf8mb4 COLLATE utf8mb4_bin NOT NULL,
  `code` varchar(10) NOT NULL,
  `description` text NOT NULL,
  `long_name` varchar(500) DEFAULT NULL,
  `component` varchar(200) DEFAULT NULL,
  `property` varchar(200) DEFAULT NULL,
  `time` varchar(200) DEFAULT NULL,
  `system` varchar(200) DEFAULT NULL,
  `scale` varchar(100) DEFAULT NULL,
  `method` varchar(200) DEFAULT NULL,
  `class` varchar(100) DEFAULT NULL,
  `is_active` tinyint(1) DEFAULT '1',
  `effective_date` datetime DEFAULT NULL,
  `end_date` datetime DEFAULT NULL,
  `notes` text,
  `created_at` datetime NOT NULL,
  `updated_at` datetime NOT NULL,
  PRIMARY KEY (`id`),
  UNIQUE KEY `code` (`code`),
  UNIQUE KEY `code_2` (`code`),
  UNIQUE KEY `code_3` (`code`),
  UNIQUE KEY `code_4` (`code`),
  UNIQUE KEY `code_5` (`code`),
  UNIQUE KEY `code_6` (`code`),
  UNIQUE KEY `code_7` (`code`),
  UNIQUE KEY `code_8` (`code`),
  UNIQUE KEY `code_9` (`code`),
  UNIQUE KEY `code_10` (`code`),
  UNIQUE KEY `code_11` (`code`),
  UNIQUE KEY `code_12` (`code`),
  UNIQUE KEY `code_13` (`code`),
  UNIQUE KEY `code_14` (`code`),
  UNIQUE KEY `code_15` (`code`),
  UNIQUE KEY `code_16` (`code`),
  UNIQUE KEY `code_17` (`code`),
  UNIQUE KEY `code_18` (`code`),
  UNIQUE KEY `code_19` (`code`),
  UNIQUE KEY `code_20` (`code`),
  UNIQUE KEY `code_21` (`code`),
  UNIQUE KEY `code_22` (`code`),
  UNIQUE KEY `code_23` (`code`),
  UNIQUE KEY `code_24` (`code`),
  UNIQUE KEY `code_25` (`code`),
  UNIQUE KEY `code_26` (`code`),
  UNIQUE KEY `code_27` (`code`),
  UNIQUE KEY `code_28` (`code`),
  UNIQUE KEY `code_29` (`code`),
  UNIQUE KEY `code_30` (`code`),
  UNIQUE KEY `code_31` (`code`),
  UNIQUE KEY `code_32` (`code`),
  UNIQUE KEY `code_33` (`code`),
  UNIQUE KEY `code_34` (`code`),
  UNIQUE KEY `code_35` (`code`),
  UNIQUE KEY `code_36` (`code`),
  UNIQUE KEY `code_37` (`code`),
  UNIQUE KEY `code_38` (`code`),
  UNIQUE KEY `code_39` (`code`),
  UNIQUE KEY `code_40` (`code`),
  UNIQUE KEY `code_41` (`code`),
  UNIQUE KEY `code_42` (`code`),
  UNIQUE KEY `code_43` (`code`),
  UNIQUE KEY `code_44` (`code`),
  UNIQUE KEY `code_45` (`code`),
  UNIQUE KEY `code_46` (`code`),
  UNIQUE KEY `code_47` (`code`),
  UNIQUE KEY `code_48` (`code`),
  UNIQUE KEY `code_49` (`code`),
  UNIQUE KEY `code_50` (`code`),
  UNIQUE KEY `code_51` (`code`),
  UNIQUE KEY `code_52` (`code`),
  UNIQUE KEY `code_53` (`code`),
  UNIQUE KEY `code_54` (`code`),
  UNIQUE KEY `code_55` (`code`),
  UNIQUE KEY `code_56` (`code`)
) ENGINE=InnoDB DEFAULT CHARSET=utf8mb4 COLLATE=utf8mb4_0900_ai_ci;
/*!40101 SET character_set_client = @saved_cs_client */;

--
-- Dumping data for table `loinc_codes`
--

LOCK TABLES `loinc_codes` WRITE;
/*!40000 ALTER TABLE `loinc_codes` DISABLE KEYS */;
INSERT INTO `loinc_codes` VALUES ('24186d64-56d1-4e3a-9a1a-b891ba212c18','18748-4','Chest X-ray','Chest X-ray','Chest','Imaging','Point in time','Chest','Nominal','X-ray',NULL,1,NULL,NULL,NULL,'2025-09-11 08:55:16','2025-09-11 08:55:16'),('40059bfe-d5e2-4861-93a0-911e12a367c0','18750-0','CT Chest','Computed tomography of chest','Chest','Imaging','Point in time','Chest','Nominal','CT',NULL,1,NULL,NULL,NULL,'2025-09-11 08:55:16','2025-09-11 08:55:16');
/*!40000 ALTER TABLE `loinc_codes` ENABLE KEYS */;
UNLOCK TABLES;

--
-- Table structure for table `modalities`
--

DROP TABLE IF EXISTS `modalities`;
/*!40101 SET @saved_cs_client     = @@character_set_client */;
/*!50503 SET character_set_client = utf8mb4 */;
CREATE TABLE `modalities` (
  `id` char(36) CHARACTER SET utf8mb4 COLLATE utf8mb4_bin NOT NULL,
  `name` varchar(100) NOT NULL,
  `type` enum('X-Ray','CT','MRI','USG','Nuclear Medicine','Mammography','Fluoroscopy','Other') NOT NULL,
  `manufacturer` varchar(100) DEFAULT NULL,
  `model` varchar(100) DEFAULT NULL,
  `serial_number` varchar(100) DEFAULT NULL,
  `room_number` varchar(20) DEFAULT NULL,
  `location` varchar(200) DEFAULT NULL,
  `dicom_a_e_title` varchar(16) DEFAULT NULL,
  `dicom_host` varchar(255) DEFAULT NULL,
  `dicom_port` int DEFAULT NULL,
  `is_active` tinyint(1) DEFAULT '1',
  `last_maintenance` datetime DEFAULT NULL,
  `next_maintenance` datetime DEFAULT NULL,
  `max_daily_exams` int DEFAULT NULL,
  `operating_hours` json DEFAULT NULL COMMENT 'JSON object with operating hours for each day',
  `capabilities` json DEFAULT NULL COMMENT 'JSON array of exam capabilities',
  `notes` text,
  `created_at` datetime NOT NULL,
  `updated_at` datetime NOT NULL,
  PRIMARY KEY (`id`)
) ENGINE=InnoDB DEFAULT CHARSET=utf8mb4 COLLATE=utf8mb4_0900_ai_ci;
/*!40101 SET character_set_client = @saved_cs_client */;

--
-- Dumping data for table `modalities`
--

LOCK TABLES `modalities` WRITE;
/*!40000 ALTER TABLE `modalities` DISABLE KEYS */;
INSERT INTO `modalities` VALUES ('494b1513-1e9b-4b20-b45d-c0b909741ba5','GE MRI Scanner','MRI','GE Healthcare','SIGNA Architect',NULL,'MRI-01','Ground Floor, MRI Suite','MRI_SCANNER_01','192.168.1.101',104,1,NULL,NULL,30,'{\"friday\": {\"end\": \"19:00\", \"start\": \"07:00\"}, \"monday\": {\"end\": \"19:00\", \"start\": \"07:00\"}, \"sunday\": {\"end\": \"16:00\", \"start\": \"08:00\"}, \"tuesday\": {\"end\": \"19:00\", \"start\": \"07:00\"}, \"saturday\": {\"end\": \"16:00\", \"start\": \"08:00\"}, \"thursday\": {\"end\": \"19:00\", \"start\": \"07:00\"}, \"wednesday\": {\"end\": \"19:00\", \"start\": \"07:00\"}}','[\"MRI\", \"MRA\", \"MR Spectroscopy\", \"Diffusion Weighted Imaging\"]',NULL,'2025-09-11 08:55:16','2025-09-11 08:55:16'),('629fbeb3-5caf-4261-977e-a4ad5f1131ed','Siemens CT Scanner','CT','Siemens','SOMATOM Force',NULL,'CT-01','First Floor, Radiology Department','CT_SCANNER_01','192.168.1.100',104,1,NULL,NULL,50,'{\"friday\": {\"end\": \"17:00\", \"start\": \"08:00\"}, \"monday\": {\"end\": \"17:00\", \"start\": \"08:00\"}, \"sunday\": {\"end\": \"13:00\", \"start\": \"09:00\"}, \"tuesday\": {\"end\": \"17:00\", \"start\": \"08:00\"}, \"saturday\": {\"end\": \"13:00\", \"start\": \"09:00\"}, \"thursday\": {\"end\": \"17:00\", \"start\": \"08:00\"}, \"wednesday\": {\"end\": \"17:00\", \"start\": \"08:00\"}}','[\"CT\", \"CTA\", \"CT Perfusion\"]',NULL,'2025-09-11 08:55:16','2025-09-11 08:55:16'),('85832cbf-c90c-43c9-9c33-637fecff2cc1','Philips X-Ray Machine','X-Ray','Philips','DigitalDiagnost C50',NULL,'XR-01','First Floor, Radiology Department','XR_MACHINE_01','192.168.1.102',104,1,NULL,NULL,100,'{\"friday\": {\"end\": \"18:00\", \"start\": \"08:00\"}, \"monday\": {\"end\": \"18:00\", \"start\": \"08:00\"}, \"sunday\": {\"end\": \"15:00\", \"start\": \"09:00\"}, \"tuesday\": {\"end\": \"18:00\", \"start\": \"08:00\"}, \"saturday\": {\"end\": \"15:00\", \"start\": \"09:00\"}, \"thursday\": {\"end\": \"18:00\", \"start\": \"08:00\"}, \"wednesday\": {\"end\": \"18:00\", \"start\": \"08:00\"}}','[\"X-Ray\", \"Fluoroscopy\"]',NULL,'2025-09-11 08:55:16','2025-09-11 08:55:16');
/*!40000 ALTER TABLE `modalities` ENABLE KEYS */;
UNLOCK TABLES;

--
-- Table structure for table `modality_slots`
--

DROP TABLE IF EXISTS `modality_slots`;
/*!40101 SET @saved_cs_client     = @@character_set_client */;
/*!50503 SET character_set_client = utf8mb4 */;
CREATE TABLE `modality_slots` (
  `id` char(36) CHARACTER SET utf8mb4 COLLATE utf8mb4_bin NOT NULL,
  `modality_id` char(36) CHARACTER SET utf8mb4 COLLATE utf8mb4_bin NOT NULL,
  `day_of_week` enum('monday','tuesday','wednesday','thursday','friday','saturday','sunday') NOT NULL COMMENT 'Day of the week this slot applies to',
  `slot_name` varchar(100) NOT NULL COMMENT 'Name/description of the slot (e.g., "Morning Slot", "Emergency Slot")',
  `start_time` time NOT NULL COMMENT 'Start time of the slot',
  `end_time` time NOT NULL COMMENT 'End time of the slot',
  `duration` int NOT NULL COMMENT 'Default duration in minutes for appointments in this slot',
  `slot_type` enum('regular','emergency','maintenance','training','blocked') NOT NULL DEFAULT 'regular' COMMENT 'Type of slot - affects scheduling rules',
  `max_appointments` int NOT NULL DEFAULT '1' COMMENT 'Maximum number of appointments that can be scheduled in this slot',
  `buffer_time` int NOT NULL DEFAULT '0' COMMENT 'Buffer time in minutes between appointments',
  `exam_types` json DEFAULT NULL COMMENT 'Array of exam type IDs that can be scheduled in this slot',
  `priority` int NOT NULL DEFAULT '1' COMMENT 'Priority level (1=highest, higher numbers = lower priority)',
  `is_active` tinyint(1) DEFAULT '1' COMMENT 'Whether this slot is currently active',
  `effective_date` date DEFAULT NULL COMMENT 'Date from which this slot configuration is effective',
  `end_date` date DEFAULT NULL COMMENT 'Date until which this slot configuration is effective',
  `notes` text COMMENT 'Additional notes about this slot configuration',
  `created_by` char(36) CHARACTER SET utf8mb4 COLLATE utf8mb4_bin DEFAULT NULL COMMENT 'User who created this slot configuration',
  `updated_by` char(36) CHARACTER SET utf8mb4 COLLATE utf8mb4_bin DEFAULT NULL COMMENT 'User who last updated this slot configuration',
  `created_at` datetime NOT NULL,
  `updated_at` datetime NOT NULL,
  PRIMARY KEY (`id`),
  KEY `created_by` (`created_by`),
  KEY `updated_by` (`updated_by`),
  KEY `idx_modality_slots_modality_day_active` (`modality_id`,`day_of_week`,`is_active`),
  KEY `idx_modality_slots_modality_time` (`modality_id`,`start_time`,`end_time`),
  KEY `idx_modality_slots_effective_dates` (`effective_date`,`end_date`),
  KEY `idx_modality_slots_slot_type` (`slot_type`),
  KEY `modality_slots_modality_id_day_of_week_is_active` (`modality_id`,`day_of_week`,`is_active`),
  KEY `modality_slots_modality_id_start_time_end_time` (`modality_id`,`start_time`,`end_time`),
  KEY `modality_slots_effective_date_end_date` (`effective_date`,`end_date`),
  CONSTRAINT `modality_slots_ibfk_1` FOREIGN KEY (`modality_id`) REFERENCES `modalities` (`id`) ON DELETE CASCADE ON UPDATE CASCADE,
  CONSTRAINT `modality_slots_ibfk_2` FOREIGN KEY (`created_by`) REFERENCES `users` (`id`) ON DELETE SET NULL ON UPDATE CASCADE,
  CONSTRAINT `modality_slots_ibfk_3` FOREIGN KEY (`updated_by`) REFERENCES `users` (`id`) ON DELETE SET NULL ON UPDATE CASCADE
) ENGINE=InnoDB DEFAULT CHARSET=utf8mb4 COLLATE=utf8mb4_0900_ai_ci;
/*!40101 SET character_set_client = @saved_cs_client */;

--
-- Dumping data for table `modality_slots`
--

LOCK TABLES `modality_slots` WRITE;
/*!40000 ALTER TABLE `modality_slots` DISABLE KEYS */;
INSERT INTO `modality_slots` VALUES ('68519136-5221-476d-96fd-673de6d9ca62','85832cbf-c90c-43c9-9c33-637fecff2cc1','monday','test','08:00:00','12:00:00',30,'regular',8,5,NULL,1,1,NULL,NULL,'','5f626882-288a-41b0-83e1-8fade70b18b3','5f626882-288a-41b0-83e1-8fade70b18b3','2025-09-22 05:06:15','2025-09-23 06:26:31'),('6fd4d510-976f-11f0-b60d-9657f3bbd0e1','494b1513-1e9b-4b20-b45d-c0b909741ba5','monday','Morning Slot','08:00:00','12:00:00',60,'regular',4,0,NULL,1,1,NULL,NULL,NULL,NULL,NULL,'0000-00-00 00:00:00','0000-00-00 00:00:00'),('6fd59fd6-976f-11f0-b60d-9657f3bbd0e1','494b1513-1e9b-4b20-b45d-c0b909741ba5','monday','Afternoon Slot','13:00:00','17:00:00',60,'regular',4,0,NULL,2,1,NULL,NULL,NULL,NULL,NULL,'0000-00-00 00:00:00','0000-00-00 00:00:00'),('6fd64918-976f-11f0-b60d-9657f3bbd0e1','494b1513-1e9b-4b20-b45d-c0b909741ba5','monday','Evening Slot','17:00:00','19:00:00',30,'regular',2,0,NULL,3,1,NULL,NULL,NULL,NULL,NULL,'0000-00-00 00:00:00','0000-00-00 00:00:00'),('6fd6e940-976f-11f0-b60d-9657f3bbd0e1','494b1513-1e9b-4b20-b45d-c0b909741ba5','tuesday','Morning Slot','08:00:00','12:00:00',60,'regular',4,0,NULL,1,1,NULL,NULL,NULL,NULL,NULL,'0000-00-00 00:00:00','0000-00-00 00:00:00'),('6fd75a9c-976f-11f0-b60d-9657f3bbd0e1','494b1513-1e9b-4b20-b45d-c0b909741ba5','tuesday','Afternoon Slot','13:00:00','17:00:00',60,'regular',4,0,NULL,2,1,NULL,NULL,NULL,NULL,NULL,'0000-00-00 00:00:00','0000-00-00 00:00:00'),('6fd7c3ba-976f-11f0-b60d-9657f3bbd0e1','494b1513-1e9b-4b20-b45d-c0b909741ba5','tuesday','Evening Slot','17:00:00','19:00:00',30,'regular',2,0,NULL,3,1,NULL,NULL,NULL,NULL,NULL,'0000-00-00 00:00:00','0000-00-00 00:00:00'),('6fd84268-976f-11f0-b60d-9657f3bbd0e1','494b1513-1e9b-4b20-b45d-c0b909741ba5','wednesday','Morning Slot','08:00:00','12:00:00',60,'regular',4,0,NULL,1,1,NULL,NULL,NULL,NULL,NULL,'0000-00-00 00:00:00','0000-00-00 00:00:00'),('6fd9d9ca-976f-11f0-b60d-9657f3bbd0e1','494b1513-1e9b-4b20-b45d-c0b909741ba5','wednesday','Afternoon Slot','13:00:00','17:00:00',60,'regular',4,0,NULL,2,1,NULL,NULL,NULL,NULL,NULL,'0000-00-00 00:00:00','0000-00-00 00:00:00'),('6fda8f50-976f-11f0-b60d-9657f3bbd0e1','494b1513-1e9b-4b20-b45d-c0b909741ba5','wednesday','Evening Slot','17:00:00','19:00:00',30,'regular',2,0,NULL,3,1,NULL,NULL,NULL,NULL,NULL,'0000-00-00 00:00:00','0000-00-00 00:00:00'),('6fdb186c-976f-11f0-b60d-9657f3bbd0e1','494b1513-1e9b-4b20-b45d-c0b909741ba5','thursday','Morning Slot','08:00:00','12:00:00',60,'regular',4,0,NULL,1,1,NULL,NULL,NULL,NULL,NULL,'0000-00-00 00:00:00','0000-00-00 00:00:00'),('6fdb8a04-976f-11f0-b60d-9657f3bbd0e1','494b1513-1e9b-4b20-b45d-c0b909741ba5','thursday','Afternoon Slot','13:00:00','17:00:00',60,'regular',4,0,NULL,2,1,NULL,NULL,NULL,NULL,NULL,'0000-00-00 00:00:00','0000-00-00 00:00:00'),('6fdbf1f6-976f-11f0-b60d-9657f3bbd0e1','494b1513-1e9b-4b20-b45d-c0b909741ba5','thursday','Evening Slot','17:00:00','19:00:00',30,'regular',2,0,NULL,3,1,NULL,NULL,NULL,NULL,NULL,'0000-00-00 00:00:00','0000-00-00 00:00:00'),('6fdc90ca-976f-11f0-b60d-9657f3bbd0e1','494b1513-1e9b-4b20-b45d-c0b909741ba5','friday','Morning Slot','08:00:00','12:00:00',60,'regular',4,0,NULL,1,1,NULL,NULL,NULL,NULL,NULL,'0000-00-00 00:00:00','0000-00-00 00:00:00'),('6fdcd54e-976f-11f0-b60d-9657f3bbd0e1','494b1513-1e9b-4b20-b45d-c0b909741ba5','friday','Afternoon Slot','13:00:00','17:00:00',60,'regular',4,0,NULL,2,1,NULL,NULL,NULL,NULL,NULL,'0000-00-00 00:00:00','0000-00-00 00:00:00'),('6fdd1f86-976f-11f0-b60d-9657f3bbd0e1','494b1513-1e9b-4b20-b45d-c0b909741ba5','friday','Evening Slot','17:00:00','19:00:00',30,'regular',2,0,NULL,3,1,NULL,NULL,NULL,NULL,NULL,'0000-00-00 00:00:00','0000-00-00 00:00:00'),('6fdd5fbe-976f-11f0-b60d-9657f3bbd0e1','494b1513-1e9b-4b20-b45d-c0b909741ba5','saturday','Morning Slot','08:00:00','12:00:00',60,'regular',4,0,NULL,1,1,NULL,NULL,NULL,NULL,NULL,'0000-00-00 00:00:00','0000-00-00 00:00:00'),('6fde22b4-976f-11f0-b60d-9657f3bbd0e1','494b1513-1e9b-4b20-b45d-c0b909741ba5','saturday','Afternoon Slot','13:00:00','17:00:00',60,'regular',4,0,NULL,2,1,NULL,NULL,NULL,NULL,NULL,'0000-00-00 00:00:00','0000-00-00 00:00:00'),('6fdec336-976f-11f0-b60d-9657f3bbd0e1','494b1513-1e9b-4b20-b45d-c0b909741ba5','sunday','Morning Slot','08:00:00','12:00:00',60,'regular',4,0,NULL,1,1,NULL,NULL,NULL,NULL,NULL,'0000-00-00 00:00:00','0000-00-00 00:00:00'),('6fdf3d98-976f-11f0-b60d-9657f3bbd0e1','494b1513-1e9b-4b20-b45d-c0b909741ba5','sunday','Afternoon Slot','13:00:00','17:00:00',60,'regular',4,0,NULL,2,1,NULL,NULL,NULL,NULL,NULL,'0000-00-00 00:00:00','0000-00-00 00:00:00'),('d8d72a74-ba75-4aa5-8fd4-384a03583c1e','85832cbf-c90c-43c9-9c33-637fecff2cc1','tuesday','Tuesday slots','08:00:00','23:00:00',900,'regular',4,15,NULL,1,1,NULL,NULL,'','5f626882-288a-41b0-83e1-8fade70b18b3','5f626882-288a-41b0-83e1-8fade70b18b3','2025-09-23 06:28:00','2025-09-23 06:28:00');
/*!40000 ALTER TABLE `modality_slots` ENABLE KEYS */;
UNLOCK TABLES;

--
-- Table structure for table `orders`
--

DROP TABLE IF EXISTS `orders`;
/*!40101 SET @saved_cs_client     = @@character_set_client */;
/*!50503 SET character_set_client = utf8mb4 */;
CREATE TABLE `orders` (
  `id` char(36) CHARACTER SET utf8mb4 COLLATE utf8mb4_bin NOT NULL,
  `order_number` varchar(50) NOT NULL,
  `patient_id` char(36) CHARACTER SET utf8mb4 COLLATE utf8mb4_bin NOT NULL,
  `exam_type_id` char(36) CHARACTER SET utf8mb4 COLLATE utf8mb4_bin NOT NULL,
  `modality_id` char(36) CHARACTER SET utf8mb4 COLLATE utf8mb4_bin DEFAULT NULL,
  `referring_physician_id` char(36) CHARACTER SET utf8mb4 COLLATE utf8mb4_bin NOT NULL,
  `technician_id` char(36) CHARACTER SET utf8mb4 COLLATE utf8mb4_bin DEFAULT NULL,
  `radiologist_id` char(36) CHARACTER SET utf8mb4 COLLATE utf8mb4_bin DEFAULT NULL,
  `priority` enum('routine','urgent','stat') NOT NULL DEFAULT 'routine',
  `status` enum('created','scheduled','in_progress','assigned','ai_read','first_read','qa','completed','reported','verified') NOT NULL DEFAULT 'scheduled',
  `clinical_history` text,
  `clinical_question` text,
  `special_instructions` text,
  `contrast_required` tinyint(1) DEFAULT '0',
  `contrast_type` varchar(100) DEFAULT NULL,
  `contrast_amount` varchar(50) DEFAULT NULL,
  `pre_authorization_number` varchar(100) DEFAULT NULL,
  `pre_authorization_expiry` datetime DEFAULT NULL,
  `insurance_id` varchar(50) DEFAULT NULL,
  `estimated_cost` decimal(10,2) DEFAULT NULL,
  `actual_cost` decimal(10,2) DEFAULT NULL,
  `scheduled_date` datetime DEFAULT NULL,
  `scheduled_time` time DEFAULT NULL,
  `completed_date` datetime DEFAULT NULL,
  `reported_date` datetime DEFAULT NULL,
  `verified_date` datetime DEFAULT NULL,
  `dicom_study_instance_u_i_d` varchar(255) DEFAULT NULL,
  `dicom_series_instance_u_i_d` varchar(255) DEFAULT NULL,
  `is_active` tinyint(1) DEFAULT '1',
  `notes` text,
  `metadata` json DEFAULT NULL COMMENT 'Additional metadata for the order',
  `created_at` datetime NOT NULL,
  `updated_at` datetime NOT NULL,
  `qa_user_id` varchar(36) DEFAULT NULL,
  PRIMARY KEY (`id`),
  UNIQUE KEY `order_number` (`order_number`),
  UNIQUE KEY `order_number_2` (`order_number`),
  UNIQUE KEY `order_number_3` (`order_number`),
  UNIQUE KEY `order_number_4` (`order_number`),
  UNIQUE KEY `order_number_5` (`order_number`),
  UNIQUE KEY `order_number_6` (`order_number`),
  UNIQUE KEY `order_number_7` (`order_number`),
  UNIQUE KEY `order_number_8` (`order_number`),
  UNIQUE KEY `order_number_9` (`order_number`),
  UNIQUE KEY `order_number_10` (`order_number`),
  UNIQUE KEY `order_number_11` (`order_number`),
  UNIQUE KEY `order_number_12` (`order_number`),
  UNIQUE KEY `order_number_13` (`order_number`),
  UNIQUE KEY `order_number_14` (`order_number`),
  UNIQUE KEY `order_number_15` (`order_number`),
  UNIQUE KEY `order_number_16` (`order_number`),
  UNIQUE KEY `order_number_17` (`order_number`),
  UNIQUE KEY `order_number_18` (`order_number`),
  UNIQUE KEY `order_number_19` (`order_number`),
  UNIQUE KEY `order_number_20` (`order_number`),
  UNIQUE KEY `order_number_21` (`order_number`),
  UNIQUE KEY `order_number_22` (`order_number`),
  UNIQUE KEY `order_number_23` (`order_number`),
  UNIQUE KEY `order_number_24` (`order_number`),
  UNIQUE KEY `order_number_25` (`order_number`),
  UNIQUE KEY `order_number_26` (`order_number`),
  UNIQUE KEY `order_number_27` (`order_number`),
  UNIQUE KEY `order_number_28` (`order_number`),
  UNIQUE KEY `order_number_29` (`order_number`),
  UNIQUE KEY `order_number_30` (`order_number`),
  UNIQUE KEY `order_number_31` (`order_number`),
  UNIQUE KEY `order_number_32` (`order_number`),
  UNIQUE KEY `order_number_33` (`order_number`),
  UNIQUE KEY `order_number_34` (`order_number`),
  UNIQUE KEY `order_number_35` (`order_number`),
  UNIQUE KEY `order_number_36` (`order_number`),
  UNIQUE KEY `order_number_37` (`order_number`),
  UNIQUE KEY `order_number_38` (`order_number`),
  UNIQUE KEY `order_number_39` (`order_number`),
  UNIQUE KEY `order_number_40` (`order_number`),
  UNIQUE KEY `order_number_41` (`order_number`),
  UNIQUE KEY `order_number_42` (`order_number`),
  UNIQUE KEY `order_number_43` (`order_number`),
  UNIQUE KEY `order_number_44` (`order_number`),
  UNIQUE KEY `order_number_45` (`order_number`),
  UNIQUE KEY `order_number_46` (`order_number`),
  UNIQUE KEY `order_number_47` (`order_number`),
  UNIQUE KEY `order_number_48` (`order_number`),
  UNIQUE KEY `order_number_49` (`order_number`),
  UNIQUE KEY `order_number_50` (`order_number`),
  UNIQUE KEY `order_number_51` (`order_number`),
  UNIQUE KEY `order_number_52` (`order_number`),
  UNIQUE KEY `order_number_53` (`order_number`),
  UNIQUE KEY `order_number_54` (`order_number`),
  UNIQUE KEY `order_number_55` (`order_number`),
  UNIQUE KEY `order_number_56` (`order_number`),
  UNIQUE KEY `order_number_57` (`order_number`),
  KEY `patient_id` (`patient_id`),
  KEY `exam_type_id` (`exam_type_id`),
  KEY `modality_id` (`modality_id`),
  KEY `referring_physician_id` (`referring_physician_id`),
  KEY `technician_id` (`technician_id`),
  KEY `radiologist_id` (`radiologist_id`),
  CONSTRAINT `orders_ibfk_337` FOREIGN KEY (`patient_id`) REFERENCES `patients` (`id`) ON DELETE CASCADE ON UPDATE CASCADE,
  CONSTRAINT `orders_ibfk_338` FOREIGN KEY (`exam_type_id`) REFERENCES `exam_types` (`id`) ON UPDATE CASCADE,
  CONSTRAINT `orders_ibfk_339` FOREIGN KEY (`modality_id`) REFERENCES `modalities` (`id`) ON DELETE SET NULL ON UPDATE CASCADE,
  CONSTRAINT `orders_ibfk_340` FOREIGN KEY (`referring_physician_id`) REFERENCES `users` (`id`) ON UPDATE CASCADE,
  CONSTRAINT `orders_ibfk_341` FOREIGN KEY (`technician_id`) REFERENCES `users` (`id`) ON DELETE SET NULL ON UPDATE CASCADE,
  CONSTRAINT `orders_ibfk_342` FOREIGN KEY (`radiologist_id`) REFERENCES `users` (`id`) ON DELETE SET NULL ON UPDATE CASCADE
) ENGINE=InnoDB DEFAULT CHARSET=utf8mb4 COLLATE=utf8mb4_0900_ai_ci;
/*!40101 SET character_set_client = @saved_cs_client */;

--
-- Dumping data for table `orders`
--

LOCK TABLES `orders` WRITE;
/*!40000 ALTER TABLE `orders` DISABLE KEYS */;
INSERT INTO `orders` VALUES ('017c9088-02ea-4a27-9e32-50c3697da4b8','ORD-1762233270016-6FLZ8Y583','bed6c572-cd43-43c4-9d68-1d28d98ba2be','d8126f9f-2bc2-4930-9a09-fb4e9e5a6a32','629fbeb3-5caf-4261-977e-a4ad5f1131ed','5f626882-288a-41b0-83e1-8fade70b18b3','075845bb-bca2-46a7-907a-235f088439f4','cbb0dda8-105a-48e7-a22d-db9ce0b8d8a2','routine','in_progress','nil','nil','nil',0,NULL,NULL,NULL,NULL,NULL,1499.99,NULL,'2025-11-04 00:00:00','08:00:00',NULL,NULL,NULL,'1.2.826.0.1.3680043.8.498.1762233308964.5872',NULL,1,NULL,'{\"sopInstanceUID\": \"d75e8181-ff91-4f1c-b875-b95e8e2a5c5f\", \"studyInstanceUID\": \"1.2.826.0.1.3680043.8.498.1762233308964.5872\", \"seriesInstanceUID\": \"dcd70794-926e-44bc-9415-ef66f7887151\", \"referringPhysicianName\": \"Syed\"}','2025-11-04 05:14:30','2025-11-04 05:20:32',NULL),('019b1f91-fbf8-4e34-b103-b82474822325','ORD-1757913530634-4SPI33KRK','3175b245-4021-4dc3-adf2-0bffd6f124eb','c9a1ceb7-6165-4137-bf73-8daee84742ef','494b1513-1e9b-4b20-b45d-c0b909741ba5','346cccee-d19c-42ae-bdab-3ec83bba0d2e',NULL,NULL,'urgent','scheduled','s,dnckjbdwj','hdcjygdycg','smdbchjvsdc',0,NULL,NULL,NULL,NULL,NULL,0.00,NULL,NULL,NULL,NULL,NULL,NULL,NULL,NULL,1,NULL,NULL,'2025-09-15 05:18:50','2025-09-15 05:18:50',NULL),('050d5bc7-70d9-4cab-b21e-f093e4156fbf','ORD-1759144728490-XL2XPS3KD','3175b245-4021-4dc3-adf2-0bffd6f124eb','c9a1ceb7-6165-4137-bf73-8daee84742ef','494b1513-1e9b-4b20-b45d-c0b909741ba5','05de5156-937a-41dc-b036-bf535b1f9d30','e84697ea-e8db-4229-9452-3bcfba9ff4be','f29ce7b0-bf29-4647-a219-7a91c99486c2','routine','ai_read','test','test','',0,NULL,NULL,NULL,NULL,NULL,0.00,NULL,'2025-10-31 00:00:00','08:00:00','2025-10-31 05:31:25',NULL,NULL,'1.2.826.0.1.3680043.8.498.1761885763351.6364',NULL,1,NULL,'{\"sopInstanceUID\": \"adfe39ca-2d1b-410c-8692-1777206b8ad2\", \"studyInstanceUID\": \"1.2.826.0.1.3680043.8.498.1761885763351.6364\", \"seriesInstanceUID\": \"dbbbbc6b-f882-499f-a913-db9983cb62a1\", \"referringPhysicianName\": \"dr\"}','2025-09-29 11:18:48','2025-10-31 05:50:21',NULL),('058e0b5a-7acc-4b7e-9285-ac567f023ac0','ORD-1759229352129-KWP45C6TS','bed6c572-cd43-43c4-9d68-1d28d98ba2be','c9a1ceb7-6165-4137-bf73-8daee84742ef','494b1513-1e9b-4b20-b45d-c0b909741ba5','5f626882-288a-41b0-83e1-8fade70b18b3','e84697ea-e8db-4229-9452-3bcfba9ff4be','cbb0dda8-105a-48e7-a22d-db9ce0b8d8a2','urgent','in_progress','NO','NO','No',1,NULL,NULL,NULL,NULL,NULL,1000.00,NULL,'2025-09-30 00:00:00','17:30:00',NULL,NULL,NULL,'1.2.826.0.1.3680043.8.498.1759229413323.3533',NULL,1,NULL,'{\"studyInstanceUID\": \"1.2.826.0.1.3680043.8.498.1759229413323.3533\", \"referringPhysicianName\": \"Syed\"}','2025-09-30 10:49:12','2025-09-30 10:58:00',NULL),('099be602-e579-4616-b71b-6e99692ec9eb','ORD-1758017922627-X90M13W33','3175b245-4021-4dc3-adf2-0bffd6f124eb','c9a1ceb7-6165-4137-bf73-8daee84742ef','494b1513-1e9b-4b20-b45d-c0b909741ba5','72b05470-3dc1-4900-908e-aab71a68aec2',NULL,NULL,'stat','scheduled','tets','test','',0,NULL,NULL,NULL,NULL,NULL,0.00,NULL,'2025-09-16 00:00:00','08:00:00',NULL,NULL,NULL,NULL,NULL,1,NULL,NULL,'2025-09-16 10:18:42','2025-09-16 10:19:01',NULL),('0bed362b-b775-4bbb-880f-d3cdbbcac0c1','ORD-1759732570684-FI49H2LCB','3175b245-4021-4dc3-adf2-0bffd6f124eb','d8126f9f-2bc2-4930-9a09-fb4e9e5a6a32','494b1513-1e9b-4b20-b45d-c0b909741ba5','5f626882-288a-41b0-83e1-8fade70b18b3','e84697ea-e8db-4229-9452-3bcfba9ff4be','cbb0dda8-105a-48e7-a22d-db9ce0b8d8a2','urgent','completed','test','test1','test2',0,NULL,NULL,NULL,NULL,NULL,1000.00,NULL,NULL,NULL,'2025-10-06 09:32:35',NULL,NULL,NULL,NULL,1,NULL,'{\"referringPhysicianName\": \"adfaere\"}','2025-10-06 06:36:10','2025-10-06 09:32:35',NULL),('0ef46df3-23c2-4676-88f3-ab46b0f41043','ORD-1757912926571-8P99MHXCW','3175b245-4021-4dc3-adf2-0bffd6f124eb','c9a1ceb7-6165-4137-bf73-8daee84742ef','85832cbf-c90c-43c9-9c33-637fecff2cc1','346cccee-d19c-42ae-bdab-3ec83bba0d2e',NULL,NULL,'urgent','scheduled','xsxsx','szxsx','sxs',0,NULL,NULL,NULL,NULL,NULL,11.00,NULL,NULL,NULL,NULL,NULL,NULL,NULL,NULL,1,NULL,NULL,'2025-09-15 05:08:46','2025-09-15 05:08:46',NULL),('0fd3c584-7a9d-436e-8050-bc6d88d103dd','ORD-1758019171600-AU6SA0FVF','58590151-06df-4d89-9600-d46267c3efcd','c9a1ceb7-6165-4137-bf73-8daee84742ef','494b1513-1e9b-4b20-b45d-c0b909741ba5','346cccee-d19c-42ae-bdab-3ec83bba0d2e',NULL,NULL,'urgent','scheduled','sss','sss','',0,NULL,NULL,NULL,NULL,NULL,0.00,NULL,'2025-09-16 00:00:00','09:30:00',NULL,NULL,NULL,NULL,NULL,1,NULL,NULL,'2025-09-16 10:39:31','2025-09-16 10:39:46',NULL),('1123bde2-a012-4310-8f03-975d541afd6d','ORD-1759136647158-7ARQJ3EZO','654860ac-c217-4331-920b-77f00cf8ee02','c9a1ceb7-6165-4137-bf73-8daee84742ef','494b1513-1e9b-4b20-b45d-c0b909741ba5','5f626882-288a-41b0-83e1-8fade70b18b3',NULL,NULL,'urgent','scheduled','nil','nil','nil',0,NULL,NULL,NULL,NULL,NULL,1000.00,NULL,'2025-09-30 00:00:00','09:00:00',NULL,NULL,NULL,'1.2.826.0.1.3680043.8.498.1759205886681.8706',NULL,1,NULL,'{\"studyInstanceUID\": \"1.2.826.0.1.3680043.8.498.1759205886681.8706\", \"referringPhysicianName\": \"Syed\"}','2025-09-29 09:04:07','2025-09-30 04:18:06',NULL),('1a8a313e-60b6-46aa-98ad-b48ad6729e98','ORD-1758604518658-QPTVVNN22','bed6c572-cd43-43c4-9d68-1d28d98ba2be','d8126f9f-2bc2-4930-9a09-fb4e9e5a6a32','85832cbf-c90c-43c9-9c33-637fecff2cc1','5f626882-288a-41b0-83e1-8fade70b18b3','e84697ea-e8db-4229-9452-3bcfba9ff4be','05de5156-937a-41dc-b036-bf535b1f9d30','routine','assigned','No history','No question','Nothing',0,NULL,NULL,NULL,NULL,NULL,1000.00,NULL,'2025-09-23 00:00:00','09:00:00',NULL,NULL,NULL,'1.2.826.0.1.3680043.8.498.1758609912388.3578',NULL,1,NULL,'{\"studyInstanceUID\": \"1.2.826.0.1.3680043.8.498.1758609912388.3578\", \"referringPhysicianName\": \"Syed\"}','2025-09-23 05:15:18','2025-09-23 06:45:55',NULL),('1f2b5827-f50f-4210-aecf-1e9a0796d5dd','ORD-1758298026037-VM7X6862T','3175b245-4021-4dc3-adf2-0bffd6f124eb','c9a1ceb7-6165-4137-bf73-8daee84742ef','494b1513-1e9b-4b20-b45d-c0b909741ba5','05de5156-937a-41dc-b036-bf535b1f9d30','e84697ea-e8db-4229-9452-3bcfba9ff4be','cbb0dda8-105a-48e7-a22d-db9ce0b8d8a2','urgent','verified','sssssss','ssssss','',0,NULL,NULL,NULL,NULL,NULL,100.00,NULL,'2025-09-20 00:00:00','08:30:00','2025-09-22 11:03:11','2025-09-22 11:03:59','2025-09-22 11:04:01','1.2.826.0.1.3680043.8.498.1758298143297.4130',NULL,1,NULL,'{\"studyInstanceUID\": \"1.2.826.0.1.3680043.8.498.1758298143297.4130\", \"referringPhysicianName\": \"ttest\"}','2025-09-19 16:07:06','2025-09-22 11:04:01','482bd169-4930-490b-88b6-bbf1d4af761b'),('2054d395-b542-4df4-b6f6-3f387d517046','ORD-1762236462280-7BWB15VXP','58590151-06df-4d89-9600-d46267c3efcd','c9a1ceb7-6165-4137-bf73-8daee84742ef','494b1513-1e9b-4b20-b45d-c0b909741ba5','5f626882-288a-41b0-83e1-8fade70b18b3','1773faf5-9676-4532-9f59-79a4428c69ed','05de5156-937a-41dc-b036-bf535b1f9d30','routine','reported','nil','nil','nil',0,NULL,NULL,NULL,NULL,NULL,1500.00,NULL,'2025-11-04 00:00:00','16:00:00','2025-11-04 06:12:34','2025-11-04 06:20:31',NULL,'1.2.826.0.1.3680043.8.498.1762236494842.5235',NULL,1,NULL,'{\"sopInstanceUID\": \"63477f5f-b27d-4b0c-987a-95c352b25e5c\", \"studyInstanceUID\": \"1.2.826.0.1.3680043.8.498.1762236494842.5235\", \"seriesInstanceUID\": \"ae2c85ca-fda5-423a-8c0c-0fa38eb12659\", \"referringPhysicianName\": \"Syed\"}','2025-11-04 06:07:42','2025-11-04 06:20:31','05de5156-937a-41dc-b036-bf535b1f9d30'),('258cc47d-28cf-45b7-8f7e-b4f2e35c06ca','ORD-1761822954916-SY9811EIX','58590151-06df-4d89-9600-d46267c3efcd','d8126f9f-2bc2-4930-9a09-fb4e9e5a6a32','85832cbf-c90c-43c9-9c33-637fecff2cc1','5f626882-288a-41b0-83e1-8fade70b18b3','1773faf5-9676-4532-9f59-79a4428c69ed','05de5156-937a-41dc-b036-bf535b1f9d30','routine','assigned','no','no','no',0,NULL,NULL,NULL,NULL,NULL,1400.00,NULL,NULL,NULL,NULL,NULL,NULL,NULL,NULL,1,NULL,'{\"referringPhysicianName\": \"Syed\"}','2025-10-30 11:15:54','2025-10-30 11:16:22',NULL),('3204153a-b359-4359-bdb8-9f03388bfc02','ORD-1759145745306-8X0A7IUSY','3175b245-4021-4dc3-adf2-0bffd6f124eb','ca7a6b32-c47d-4713-8c5e-564e098b589e','494b1513-1e9b-4b20-b45d-c0b909741ba5','05de5156-937a-41dc-b036-bf535b1f9d30',NULL,NULL,'routine','scheduled','test','test','',0,NULL,NULL,NULL,NULL,NULL,0.00,NULL,'2025-09-30 00:00:00','08:00:00',NULL,NULL,NULL,'1.2.826.0.1.3680043.8.498.1759145827359.304',NULL,1,NULL,'{\"studyInstanceUID\": \"1.2.826.0.1.3680043.8.498.1759145827359.304\", \"referringPhysicianName\": \"dr\"}','2025-09-29 11:35:45','2025-09-29 11:37:07',NULL),('342f3f1d-0f1a-4c87-87a9-be0862baf969','ORD-1757928235139-KIUWMBVC2','654860ac-c217-4331-920b-77f00cf8ee02','c9a1ceb7-6165-4137-bf73-8daee84742ef','494b1513-1e9b-4b20-b45d-c0b909741ba5','346cccee-d19c-42ae-bdab-3ec83bba0d2e',NULL,NULL,'routine','verified','zz','zz','zz',0,NULL,NULL,NULL,NULL,NULL,0.00,NULL,'2025-09-15 00:00:00','12:00:00','2025-09-15 09:34:28','2025-09-15 09:35:38','2025-09-15 09:36:39',NULL,NULL,1,NULL,NULL,'2025-09-15 09:23:55','2025-09-15 09:36:39',NULL),('36f4f349-3266-45af-87d4-9c3871fc2b8b','ORD-1758297969252-ANZPX157Z','bed6c572-cd43-43c4-9d68-1d28d98ba2be','d8126f9f-2bc2-4930-9a09-fb4e9e5a6a32','85832cbf-c90c-43c9-9c33-637fecff2cc1','05de5156-937a-41dc-b036-bf535b1f9d30','1773faf5-9676-4532-9f59-79a4428c69ed','05de5156-937a-41dc-b036-bf535b1f9d30','routine','verified','Patient presents with chest pain','Rule out pneumonia',NULL,0,NULL,NULL,NULL,NULL,NULL,NULL,NULL,'2025-09-19 00:00:00','08:00:00','2025-09-22 10:36:07','2025-09-22 10:36:23','2025-09-22 10:36:24','1.2.826.0.1.3680043.8.498.1758298862179.7696',NULL,1,NULL,'{\"studyInstanceUID\": \"1.2.826.0.1.3680043.8.498.1758298862179.7696\", \"referringPhysicianName\": \"Dr. John Smith\"}','2025-09-19 16:06:09','2025-09-22 10:36:24',NULL),('41fea22a-bbe2-4411-b47d-59d5dfe36062','ORD-1761891859907-WDXF2AYBV','bed6c572-cd43-43c4-9d68-1d28d98ba2be','c9a1ceb7-6165-4137-bf73-8daee84742ef','494b1513-1e9b-4b20-b45d-c0b909741ba5','5f626882-288a-41b0-83e1-8fade70b18b3','075845bb-bca2-46a7-907a-235f088439f4','f29ce7b0-bf29-4647-a219-7a91c99486c2','urgent','completed','ss','ss','',0,NULL,NULL,NULL,NULL,NULL,0.00,NULL,'2025-10-31 00:00:00','11:00:00','2025-10-31 06:24:46',NULL,NULL,'1.2.826.0.1.3680043.8.498.1761891870822.4006',NULL,1,NULL,'{\"sopInstanceUID\": \"06ed1e59-9814-4d3d-b469-ab14187f2729\", \"studyInstanceUID\": \"1.2.826.0.1.3680043.8.498.1761891870822.4006\", \"seriesInstanceUID\": \"48345030-84b5-43ef-a7c0-65398b9c58c6\", \"referringPhysicianName\": \"ttest\"}','2025-10-31 06:24:19','2025-10-31 06:50:14',NULL),('4f4ed141-a69f-4bfa-80b5-35542cfafee3','ORD-1762070081240-JBP7ZXQTD','bed6c572-cd43-43c4-9d68-1d28d98ba2be','d8126f9f-2bc2-4930-9a09-fb4e9e5a6a32','494b1513-1e9b-4b20-b45d-c0b909741ba5','5f626882-288a-41b0-83e1-8fade70b18b3','e84697ea-e8db-4229-9452-3bcfba9ff4be','cbb0dda8-105a-48e7-a22d-db9ce0b8d8a2','routine','reported','ss','ss','',0,NULL,NULL,NULL,NULL,NULL,0.00,NULL,'2025-11-02 00:00:00','09:00:00','2025-11-02 07:55:05','2025-11-02 11:10:57',NULL,'1.2.826.0.1.3680043.8.498.1762070091244.7573',NULL,1,NULL,'{\"sopInstanceUID\": \"8e0d0cce-977a-4cb6-9f9b-21d9df998338\", \"studyInstanceUID\": \"1.2.826.0.1.3680043.8.498.1762070091244.7573\", \"seriesInstanceUID\": \"7efbaaa0-9262-4383-b236-1488ff7c040e\", \"referringPhysicianName\": \"ttest\"}','2025-11-02 07:54:41','2025-11-02 11:10:57','05de5156-937a-41dc-b036-bf535b1f9d30'),('4f65cbce-5ef3-44cf-84ae-eeaa0e626a84','ORD-1757914026555-32SBWWPD7','8efe72b7-c71f-4c18-ac98-feb6f6b53d4c','ca7a6b32-c47d-4713-8c5e-564e098b589e','85832cbf-c90c-43c9-9c33-637fecff2cc1','346cccee-d19c-42ae-bdab-3ec83bba0d2e',NULL,NULL,'routine','completed','lkjnhbjgvhcfhvb','njbhgvfcdxsz','gcfvhb',0,NULL,NULL,NULL,NULL,NULL,0.00,NULL,'2025-09-16 00:00:00','07:00:00','2025-09-15 06:10:57',NULL,NULL,'1.2.826.0.1.3680043.8.498.1234567890.1234','1.2.826.0.1.3680043.8.498.1234567890.1235',1,NULL,NULL,'2025-09-15 05:27:06','2025-09-15 06:10:57',NULL),('50292c49-f705-4c0c-a8e9-fd38e04d5b49','ORD-1759230864800-UH9V44FGF','8efe72b7-c71f-4c18-ac98-feb6f6b53d4c','d8126f9f-2bc2-4930-9a09-fb4e9e5a6a32','494b1513-1e9b-4b20-b45d-c0b909741ba5','5f626882-288a-41b0-83e1-8fade70b18b3','e84697ea-e8db-4229-9452-3bcfba9ff4be','cbb0dda8-105a-48e7-a22d-db9ce0b8d8a2','urgent','in_progress','no','no','no',0,NULL,NULL,NULL,NULL,NULL,1000.00,NULL,'2025-09-30 00:00:00','17:00:00',NULL,NULL,NULL,'1.2.826.0.1.3680043.8.498.1759230898749.9756',NULL,1,NULL,'{\"sopInstanceUID\": \"85540596-313a-4915-92bd-11f6cb322315\", \"studyInstanceUID\": \"1.2.826.0.1.3680043.8.498.1759230898749.9756\", \"seriesInstanceUID\": \"71cd1444-26e5-4b72-ad45-34b71305ac95\", \"referringPhysicianName\": \"Syed\"}','2025-09-30 11:14:24','2025-10-06 10:11:26',NULL),('52e1a8f5-09dd-4919-92ad-b67c24495c6b','ORD-1757913129044-9JVBGQM2M','3175b245-4021-4dc3-adf2-0bffd6f124eb','c9a1ceb7-6165-4137-bf73-8daee84742ef','85832cbf-c90c-43c9-9c33-637fecff2cc1','346cccee-d19c-42ae-bdab-3ec83bba0d2e',NULL,NULL,'urgent','scheduled','xsxsx','szxsx','sxs',0,NULL,NULL,NULL,NULL,NULL,11.00,NULL,NULL,NULL,NULL,NULL,NULL,NULL,NULL,1,NULL,NULL,'2025-09-15 05:12:09','2025-09-15 05:12:09',NULL),('58b3032a-6e74-4b4d-9e4d-f1d33abfd52d','ORD-1759745063645-5FWUJRA0T','8efe72b7-c71f-4c18-ac98-feb6f6b53d4c','33bb1a00-4bf5-4df0-b2b8-f70e4a1a6e99','629fbeb3-5caf-4261-977e-a4ad5f1131ed','5f626882-288a-41b0-83e1-8fade70b18b3','f8b4b42f-239f-487b-afc4-476da0e29e12','cbb0dda8-105a-48e7-a22d-db9ce0b8d8a2','stat','in_progress','test','test1','test2',0,NULL,NULL,NULL,NULL,NULL,100.00,NULL,NULL,NULL,NULL,NULL,NULL,NULL,NULL,1,NULL,'{\"referringPhysicianName\": \"Dr. Wilson\"}','2025-10-06 10:04:23','2025-10-06 10:06:10',NULL),('58cd6d20-6f07-4d10-aefd-6328378a8692','ORD-1758621820421-8B19OFY4N','8efe72b7-c71f-4c18-ac98-feb6f6b53d4c','33bb1a00-4bf5-4df0-b2b8-f70e4a1a6e99','494b1513-1e9b-4b20-b45d-c0b909741ba5','5f626882-288a-41b0-83e1-8fade70b18b3','1773faf5-9676-4532-9f59-79a4428c69ed','05de5156-937a-41dc-b036-bf535b1f9d30','routine','reported','test','test','',0,NULL,NULL,NULL,NULL,NULL,0.00,NULL,'2025-09-23 00:00:00','10:00:00','2025-09-23 10:34:02','2025-09-23 10:44:16',NULL,'1.2.826.0.1.3680043.8.498.1758622025284.5065',NULL,1,NULL,'{\"sopInstanceUID\": \"91db4356-a725-4a6d-9e23-895ee16c5599\", \"studyInstanceUID\": \"1.2.826.0.1.3680043.8.498.1758622025284.5065\", \"seriesInstanceUID\": \"73632669-8856-4520-8406-0eac91f7ca41\", \"referringPhysicianName\": \"syed\"}','2025-09-23 10:03:40','2025-09-23 10:44:16',NULL),('5c253cdf-d875-4561-8ce4-5640ea4f0b58','ORD-1762246942339-U9TM1C9GO','3175b245-4021-4dc3-adf2-0bffd6f124eb','c9a1ceb7-6165-4137-bf73-8daee84742ef','494b1513-1e9b-4b20-b45d-c0b909741ba5','5f626882-288a-41b0-83e1-8fade70b18b3','e84697ea-e8db-4229-9452-3bcfba9ff4be','cbb0dda8-105a-48e7-a22d-db9ce0b8d8a2','routine','completed','q','q','',0,NULL,NULL,NULL,NULL,NULL,0.00,NULL,'2025-11-04 00:00:00','15:00:00','2025-11-04 11:24:02',NULL,NULL,'1.2.826.0.1.3680043.8.498.1762246957656.3740',NULL,1,NULL,'{\"sopInstanceUID\": \"71847efd-7b2c-44d2-9f05-d093de5af55d\", \"studyInstanceUID\": \"1.2.826.0.1.3680043.8.498.1762246957656.3740\", \"seriesInstanceUID\": \"64def596-aba4-4d56-b0aa-cfabcd029e2b\", \"referringPhysicianName\": \"q\"}','2025-11-04 09:02:22','2025-11-04 11:24:02',NULL),('5deb933f-6a26-4525-8c9b-fa68dd39fd16','ORD-1757580923911-004','8efe72b7-c71f-4c18-ac98-feb6f6b53d4c','c9a1ceb7-6165-4137-bf73-8daee84742ef',NULL,'346cccee-d19c-42ae-bdab-3ec83bba0d2e',NULL,NULL,'routine','ai_read','Routine abdominal pain evaluation','Evaluate for gallstones or other abdominal pathology','Patient should be NPO for 8 hours prior',0,NULL,NULL,NULL,NULL,NULL,200.00,NULL,'2025-09-11 00:00:00','16:12:00','2025-09-16 05:57:34',NULL,NULL,NULL,NULL,1,NULL,NULL,'2025-09-11 08:55:23','2025-09-16 05:57:41',NULL),('5f7ecbed-87a5-41c6-848e-c3d3ba6cc95c','ORD-1762234032029-RQMEMJVKT','654860ac-c217-4331-920b-77f00cf8ee02','d8126f9f-2bc2-4930-9a09-fb4e9e5a6a32','85832cbf-c90c-43c9-9c33-637fecff2cc1','5f626882-288a-41b0-83e1-8fade70b18b3','1773faf5-9676-4532-9f59-79a4428c69ed','05de5156-937a-41dc-b036-bf535b1f9d30','routine','verified','no','no','no',0,NULL,NULL,NULL,NULL,NULL,1500.00,NULL,'2025-11-04 00:00:00','10:00:00','2025-11-04 05:32:09','2025-11-04 05:35:05','2025-11-04 05:35:16','1.2.826.0.1.3680043.8.498.1762234057940.5865',NULL,1,NULL,'{\"sopInstanceUID\": \"de04cc0f-0052-4add-8a69-feb46e32cf79\", \"studyInstanceUID\": \"1.2.826.0.1.3680043.8.498.1762234057940.5865\", \"seriesInstanceUID\": \"edee1102-c481-46b4-9572-94cbdd6debcd\", \"referringPhysicianName\": \"Syed\"}','2025-11-04 05:27:12','2025-11-04 05:35:16',NULL),('603260a8-4e0f-4735-921d-c7769cc0bbee','ORD-1758020840141-H35N7Q851','3175b245-4021-4dc3-adf2-0bffd6f124eb','c9a1ceb7-6165-4137-bf73-8daee84742ef','494b1513-1e9b-4b20-b45d-c0b909741ba5','346cccee-d19c-42ae-bdab-3ec83bba0d2e',NULL,NULL,'routine','scheduled','s','s','',0,NULL,NULL,NULL,NULL,NULL,0.00,NULL,'2025-09-16 00:00:00','10:00:00',NULL,NULL,NULL,'1.2.826.0.1.3680043.8.498.1758020859710.8340',NULL,1,NULL,'{\"studyInstanceUID\": \"1.2.826.0.1.3680043.8.498.1758020859710.8340\"}','2025-09-16 11:07:20','2025-09-16 11:07:39',NULL),('62238026-8c80-4566-bef4-9d152be437fd','ORD-1757580923911-003','58590151-06df-4d89-9600-d46267c3efcd','ca7a6b32-c47d-4713-8c5e-564e098b589e','494b1513-1e9b-4b20-b45d-c0b909741ba5','72b05470-3dc1-4900-908e-aab71a68aec2',NULL,NULL,'stat','scheduled','Acute onset headache with neurological symptoms','Rule out stroke or intracranial pathology','Patient has pacemaker - verify MRI compatibility',1,'Gadolinium-based contrast','10ml',NULL,NULL,NULL,800.00,NULL,'2024-01-15 00:00:00','16:00:00',NULL,NULL,NULL,NULL,NULL,1,NULL,NULL,'2025-09-11 08:55:23','2025-09-11 08:55:23',NULL),('63b7df86-7e2e-4d6d-8712-33cc027f715f','ORD-1762250393227-97QPAZZDJ','3175b245-4021-4dc3-adf2-0bffd6f124eb','c9a1ceb7-6165-4137-bf73-8daee84742ef','494b1513-1e9b-4b20-b45d-c0b909741ba5','5f626882-288a-41b0-83e1-8fade70b18b3','e84697ea-e8db-4229-9452-3bcfba9ff4be','cbb0dda8-105a-48e7-a22d-db9ce0b8d8a2','urgent','first_read','aqq','qqq','',0,NULL,NULL,NULL,NULL,NULL,0.00,NULL,'2025-11-04 00:00:00','17:00:00','2025-11-04 10:01:40',NULL,NULL,'1.2.826.0.1.3680043.8.498.1762250402558.9617',NULL,1,NULL,'{\"sopInstanceUID\": \"f8457f73-e180-438c-a305-e2adc8b314af\", \"studyInstanceUID\": \"1.2.826.0.1.3680043.8.498.1762250402558.9617\", \"seriesInstanceUID\": \"6b5bd9cd-2932-40d9-98d6-25531ba59705\", \"referringPhysicianName\": \"11\"}','2025-11-04 09:59:53','2025-11-07 10:09:20',NULL),('64524df5-63d1-4362-bfdd-5447776ec3fe','ORD-1757912276638-580NROM0W','3175b245-4021-4dc3-adf2-0bffd6f124eb','c9a1ceb7-6165-4137-bf73-8daee84742ef','494b1513-1e9b-4b20-b45d-c0b909741ba5','346cccee-d19c-42ae-bdab-3ec83bba0d2e',NULL,NULL,'urgent','scheduled','sasa','asasa','asas',0,NULL,NULL,NULL,NULL,NULL,0.00,NULL,NULL,NULL,NULL,NULL,NULL,NULL,NULL,1,NULL,NULL,'2025-09-15 04:57:56','2025-09-15 04:57:56',NULL),('68595142-65cd-4f0c-b5b5-658a588eb88f','ORD-1757913397182-NNCL1Y5YE','3175b245-4021-4dc3-adf2-0bffd6f124eb','c9a1ceb7-6165-4137-bf73-8daee84742ef','494b1513-1e9b-4b20-b45d-c0b909741ba5','346cccee-d19c-42ae-bdab-3ec83bba0d2e',NULL,NULL,'routine','scheduled','sss','asaaa','aaaa',0,NULL,NULL,NULL,NULL,NULL,0.00,NULL,NULL,NULL,NULL,NULL,NULL,NULL,NULL,1,NULL,NULL,'2025-09-15 05:16:37','2025-09-15 05:16:37',NULL),('690051bf-dd15-401f-a4fb-95660ba38a09','ORD-1759136816109-JCUV603PL','bed6c572-cd43-43c4-9d68-1d28d98ba2be','c9a1ceb7-6165-4137-bf73-8daee84742ef','494b1513-1e9b-4b20-b45d-c0b909741ba5','5f626882-288a-41b0-83e1-8fade70b18b3','e84697ea-e8db-4229-9452-3bcfba9ff4be','cbb0dda8-105a-48e7-a22d-db9ce0b8d8a2','routine','ai_read','s','s','s',0,NULL,NULL,NULL,NULL,NULL,0.00,NULL,'2025-10-31 00:00:00','10:00:00','2025-10-31 05:59:17',NULL,NULL,'1.2.826.0.1.3680043.8.498.1761890232924.7711',NULL,1,NULL,'{\"sopInstanceUID\": \"15df9156-5179-46af-a566-feffc1e819b4\", \"studyInstanceUID\": \"1.2.826.0.1.3680043.8.498.1761890232924.7711\", \"seriesInstanceUID\": \"d625b203-0ae9-46ce-93ce-1a52a391d0ce\", \"referringPhysicianName\": \"ttest\"}','2025-09-29 09:06:56','2025-10-31 06:20:41',NULL),('6b24ca7c-1350-4c44-8d9f-26a695ff0c08','ORD-1759205843626-XEPGY3LE5','3175b245-4021-4dc3-adf2-0bffd6f124eb','c9a1ceb7-6165-4137-bf73-8daee84742ef','494b1513-1e9b-4b20-b45d-c0b909741ba5','05de5156-937a-41dc-b036-bf535b1f9d30','e84697ea-e8db-4229-9452-3bcfba9ff4be','cbb0dda8-105a-48e7-a22d-db9ce0b8d8a2','routine','assigned','test','test','',0,NULL,NULL,NULL,NULL,NULL,0.00,NULL,'2025-10-31 00:00:00','13:00:00',NULL,NULL,NULL,'1.2.826.0.1.3680043.8.498.1761895210522.2942',NULL,1,NULL,'{\"sopInstanceUID\": \"a3fc3d84-0b09-4a1f-ae42-e0d0bc097ba0\", \"studyInstanceUID\": \"1.2.826.0.1.3680043.8.498.1761895210522.2942\", \"seriesInstanceUID\": \"ab465f01-b1c9-4981-bf21-9a7c2fded3d3\", \"referringPhysicianName\": \"dr\"}','2025-09-30 04:17:23','2025-10-31 07:20:20',NULL),('6d85b12e-ea70-4317-ae11-a1ce7ed7ee22','ORD-1761896338863-261AMZQ3L','8efe72b7-c71f-4c18-ac98-feb6f6b53d4c','ca7a6b32-c47d-4713-8c5e-564e098b589e','494b1513-1e9b-4b20-b45d-c0b909741ba5','5f626882-288a-41b0-83e1-8fade70b18b3','e84697ea-e8db-4229-9452-3bcfba9ff4be','cbb0dda8-105a-48e7-a22d-db9ce0b8d8a2','routine','ai_read','s','s','',0,NULL,NULL,NULL,NULL,NULL,0.00,NULL,'2025-10-31 00:00:00','15:00:00','2025-10-31 07:42:55',NULL,NULL,'1.2.826.0.1.3680043.8.498.1761896394010.3173',NULL,1,NULL,'{\"sopInstanceUID\": \"4ea6db54-ff9f-463d-80d9-b99fddc014a6\", \"studyInstanceUID\": \"1.2.826.0.1.3680043.8.498.1761896394010.3173\", \"seriesInstanceUID\": \"816aee9f-9f9d-464b-8843-d54b30d831f2\", \"referringPhysicianName\": \"ss\"}','2025-10-31 07:38:58','2025-10-31 07:43:20',NULL),('6f211777-f52a-418f-9ad8-ab138f4f1198','ORD-1758620566625-56QUJPLE1','bed6c572-cd43-43c4-9d68-1d28d98ba2be','d8126f9f-2bc2-4930-9a09-fb4e9e5a6a32','85832cbf-c90c-43c9-9c33-637fecff2cc1','5f626882-288a-41b0-83e1-8fade70b18b3','e84697ea-e8db-4229-9452-3bcfba9ff4be','f29ce7b0-bf29-4647-a219-7a91c99486c2','routine','ai_read','ss','ss','ss',0,NULL,NULL,NULL,NULL,NULL,0.00,NULL,'2025-10-31 00:00:00','14:00:00','2025-10-31 07:26:43',NULL,NULL,'1.2.826.0.1.3680043.8.498.1761895550364.4951',NULL,1,NULL,'{\"sopInstanceUID\": \"deb24c16-5aa6-4004-ae2d-2b0a6563d483\", \"studyInstanceUID\": \"1.2.826.0.1.3680043.8.498.1761895550364.4951\", \"seriesInstanceUID\": \"20e8bb46-a20a-45c7-8afe-efe84b481b7e\", \"referringPhysicianName\": \"ttest\"}','2025-09-23 09:42:46','2025-10-31 07:34:53',NULL),('7523b379-a61c-43d6-bf68-489a5adcafb8','ORD-1761822279001-A7PNKSUGZ','8efe72b7-c71f-4c18-ac98-feb6f6b53d4c','d8126f9f-2bc2-4930-9a09-fb4e9e5a6a32','85832cbf-c90c-43c9-9c33-637fecff2cc1','5f626882-288a-41b0-83e1-8fade70b18b3','1773faf5-9676-4532-9f59-79a4428c69ed','cbb0dda8-105a-48e7-a22d-db9ce0b8d8a2','routine','completed','Nil','Nil','Nil',1,NULL,NULL,NULL,NULL,NULL,1500.00,NULL,NULL,NULL,'2025-10-30 11:13:37',NULL,NULL,NULL,NULL,1,NULL,'{\"referringPhysicianName\": \"Pratheek\"}','2025-10-30 11:04:39','2025-10-30 11:13:37',NULL),('7988fcb0-7fd6-41f5-8a12-e2755ad7c422','ORD-1758021483882-T0OCA8MO6','654860ac-c217-4331-920b-77f00cf8ee02','d8126f9f-2bc2-4930-9a09-fb4e9e5a6a32','85832cbf-c90c-43c9-9c33-637fecff2cc1','346cccee-d19c-42ae-bdab-3ec83bba0d2e',NULL,NULL,'urgent','ai_read','aa','aa','',0,NULL,NULL,NULL,NULL,NULL,0.00,NULL,'2025-09-16 00:00:00','08:30:00',NULL,NULL,NULL,'1.2.826.0.1.3680043.8.498.1758021500772.7320',NULL,1,NULL,'{\"sopInstanceUID\": \"5a85ccdc-c464-42ec-a82a-b609f7ba64b3\"}','2025-09-16 11:18:03','2025-09-18 06:19:48',NULL),('7bde8294-91ae-4215-a23e-3484a6b80289','ORD-1758297981338-OK9OQ5U59','bed6c572-cd43-43c4-9d68-1d28d98ba2be','d8126f9f-2bc2-4930-9a09-fb4e9e5a6a32','85832cbf-c90c-43c9-9c33-637fecff2cc1','346cccee-d19c-42ae-bdab-3ec83bba0d2e','1773faf5-9676-4532-9f59-79a4428c69ed','05de5156-937a-41dc-b036-bf535b1f9d30','routine','completed','Patient presents with chest pain','Rule out pneumonia',NULL,0,NULL,NULL,NULL,NULL,NULL,NULL,NULL,'2025-09-22 00:00:00','08:00:00','2025-09-22 05:36:39',NULL,NULL,'1.2.826.0.1.3680043.8.498.1758518423720.4726',NULL,1,NULL,'{\"studyInstanceUID\": \"1.2.826.0.1.3680043.8.498.1758518423720.4726\"}','2025-09-19 16:06:21','2025-09-22 05:36:39',NULL),('7ef08506-914e-4a1d-b25a-be62b12adbf9','ORD-1761901086016-892Q4A6HX','58590151-06df-4d89-9600-d46267c3efcd','33bb1a00-4bf5-4df0-b2b8-f70e4a1a6e99','629fbeb3-5caf-4261-977e-a4ad5f1131ed','5f626882-288a-41b0-83e1-8fade70b18b3','1773faf5-9676-4532-9f59-79a4428c69ed','05de5156-937a-41dc-b036-bf535b1f9d30','routine','completed','nil','Nil','Nil',0,NULL,NULL,NULL,NULL,NULL,1500.00,NULL,'2025-10-31 00:00:00','16:00:00','2025-11-04 05:28:01',NULL,NULL,'1.2.826.0.1.3680043.8.498.1761902911571.9957',NULL,1,NULL,'{\"sopInstanceUID\": \"37de7c3c-d0d5-4001-8b2f-9006bdd12d91\", \"studyInstanceUID\": \"1.2.826.0.1.3680043.8.498.1761902911571.9957\", \"seriesInstanceUID\": \"c5a3ab3d-3989-415a-8eeb-fbd115d492e2\", \"referringPhysicianName\": \"Syed\"}','2025-10-31 08:58:06','2025-11-04 05:28:01',NULL),('7f65009f-a7db-4734-aa5f-0852bb77b56e','ORD-1758538073024-Y4MJ82UPD','58590151-06df-4d89-9600-d46267c3efcd','d8126f9f-2bc2-4930-9a09-fb4e9e5a6a32','85832cbf-c90c-43c9-9c33-637fecff2cc1','5f626882-288a-41b0-83e1-8fade70b18b3','1773faf5-9676-4532-9f59-79a4428c69ed','05de5156-937a-41dc-b036-bf535b1f9d30','routine','completed','tets','test','test',0,NULL,NULL,NULL,NULL,NULL,0.00,NULL,'2025-09-22 00:00:00','08:35:00','2025-09-22 10:49:06',NULL,NULL,'1.2.826.0.1.3680043.8.498.1758538106825.9410',NULL,1,NULL,'{\"sopInstanceUID\": \"fd9e628f-78bc-42ed-8bdd-020a03e93e67\", \"studyInstanceUID\": \"1.2.826.0.1.3680043.8.498.1758538106825.9410\", \"seriesInstanceUID\": \"44527b5b-ac76-452a-9124-51512abad98a\", \"referringPhysicianName\": \"ttest\"}','2025-09-22 10:47:53','2025-09-22 11:02:25','cbb0dda8-105a-48e7-a22d-db9ce0b8d8a2'),('817717ec-fd14-47a1-9e37-b993de8abed8','ORD-1761895539666-GYFRXASTO','58590151-06df-4d89-9600-d46267c3efcd','ca7a6b32-c47d-4713-8c5e-564e098b589e','494b1513-1e9b-4b20-b45d-c0b909741ba5','5f626882-288a-41b0-83e1-8fade70b18b3',NULL,NULL,'routine','scheduled','s','s','',0,NULL,NULL,NULL,NULL,NULL,0.00,NULL,'2025-11-03 00:00:00','08:00:00',NULL,NULL,NULL,'1.2.826.0.1.3680043.8.498.1762068803329.9404',NULL,1,NULL,'{\"studyInstanceUID\": \"1.2.826.0.1.3680043.8.498.1762068803329.9404\", \"referringPhysicianName\": \"ttest\"}','2025-10-31 07:25:39','2025-11-02 07:33:23',NULL),('817ee038-6bd9-4e35-ae4c-6958b43fe52f','ORD-1759745865155-GTZP0JBSR','654860ac-c217-4331-920b-77f00cf8ee02','c9a1ceb7-6165-4137-bf73-8daee84742ef','494b1513-1e9b-4b20-b45d-c0b909741ba5','5f626882-288a-41b0-83e1-8fade70b18b3','f8b4b42f-239f-487b-afc4-476da0e29e12','f29ce7b0-bf29-4647-a219-7a91c99486c2','stat','completed','test','test1','test2',0,NULL,NULL,NULL,NULL,NULL,100.00,NULL,'2025-10-06 00:00:00','08:00:00','2025-10-06 10:28:59',NULL,NULL,'1.2.826.0.1.3680043.8.498.1759745960841.9706',NULL,1,NULL,'{\"sopInstanceUID\": \"2134fff1-7ed5-4286-b8c2-2337376dc454\", \"studyInstanceUID\": \"1.2.826.0.1.3680043.8.498.1759745960841.9706\", \"seriesInstanceUID\": \"f3b40990-43ca-4b9a-bc20-caa886fe6f55\", \"referringPhysicianName\": \"Dr. Wilson\"}','2025-10-06 10:17:45','2025-10-06 10:28:59',NULL),('8f23742b-578d-472c-8149-d368f5dd7dbe','ORD-1757580923911-005','bed6c572-cd43-43c4-9d68-1d28d98ba2be','d8126f9f-2bc2-4930-9a09-fb4e9e5a6a32','85832cbf-c90c-43c9-9c33-637fecff2cc1','72b05470-3dc1-4900-908e-aab71a68aec2',NULL,NULL,'routine','scheduled','COPD patient with increased shortness of breath','Evaluate for pneumonia or COPD exacerbation','Patient has difficulty lying flat',0,NULL,NULL,NULL,NULL,NULL,75.00,NULL,'2024-01-16 00:00:00','11:00:00',NULL,NULL,NULL,NULL,NULL,1,NULL,NULL,'2025-09-11 08:55:23','2025-09-11 08:55:23',NULL),('9783bec4-0857-4943-a393-050b90e91f5b','ORD-1762246857756-ZQ17P9AU2','3175b245-4021-4dc3-adf2-0bffd6f124eb','c9a1ceb7-6165-4137-bf73-8daee84742ef','494b1513-1e9b-4b20-b45d-c0b909741ba5','5f626882-288a-41b0-83e1-8fade70b18b3','e84697ea-e8db-4229-9452-3bcfba9ff4be','cbb0dda8-105a-48e7-a22d-db9ce0b8d8a2','urgent','assigned','ss','ss','',0,NULL,NULL,NULL,NULL,NULL,0.00,NULL,'2025-11-04 00:00:00','14:00:00',NULL,NULL,NULL,'1.2.826.0.1.3680043.8.498.1762246868848.9315',NULL,1,NULL,'{\"sopInstanceUID\": \"8ce6093d-2d1d-4c40-a562-6f53359a5bf2\", \"studyInstanceUID\": \"1.2.826.0.1.3680043.8.498.1762246868848.9315\", \"seriesInstanceUID\": \"765227f4-e309-4810-9cc4-8e671b72336c\", \"referringPhysicianName\": \"s\"}','2025-11-04 09:00:57','2025-11-04 11:42:09',NULL),('9a00f654-178f-405f-9897-8400f8d96a7e','ORD-1762234146140-QDK45UIQZ','3175b245-4021-4dc3-adf2-0bffd6f124eb','c9a1ceb7-6165-4137-bf73-8daee84742ef','494b1513-1e9b-4b20-b45d-c0b909741ba5','1773faf5-9676-4532-9f59-79a4428c69ed','e84697ea-e8db-4229-9452-3bcfba9ff4be','cbb0dda8-105a-48e7-a22d-db9ce0b8d8a2','urgent','ai_read','111','111','',0,NULL,NULL,NULL,NULL,NULL,111.00,NULL,'2025-11-04 00:00:00','11:00:00','2025-11-04 05:33:51',NULL,NULL,'1.2.826.0.1.3680043.8.498.1762234165178.8826',NULL,1,NULL,'{\"sopInstanceUID\": \"e58be825-0155-4a33-931a-7af1aff26eb7\", \"studyInstanceUID\": \"1.2.826.0.1.3680043.8.498.1762234165178.8826\", \"seriesInstanceUID\": \"d27fdd85-1de9-4d96-a1f8-a3401004b81a\", \"referringPhysicianName\": \"ttest\"}','2025-11-04 05:29:06','2025-11-04 06:42:58',NULL),('9fcadab8-165d-4ba0-b5c2-24617bf6d7aa','ORD-1757929462850-RRN0NHN4L','3175b245-4021-4dc3-adf2-0bffd6f124eb','c9a1ceb7-6165-4137-bf73-8daee84742ef','494b1513-1e9b-4b20-b45d-c0b909741ba5','346cccee-d19c-42ae-bdab-3ec83bba0d2e',NULL,NULL,'routine','verified','mmmm','mmm','mmmm',0,NULL,NULL,NULL,NULL,NULL,0.00,NULL,'2025-09-15 00:00:00','10:00:00','2025-09-15 09:44:54','2025-09-15 09:51:12','2025-09-15 09:51:16',NULL,NULL,1,NULL,NULL,'2025-09-15 09:44:22','2025-09-15 09:51:16',NULL),('a48b7ce7-013e-4e35-a823-4a079d5c92b6','ORD-1761895199198-HQUYWT5UY','654860ac-c217-4331-920b-77f00cf8ee02','c9a1ceb7-6165-4137-bf73-8daee84742ef','85832cbf-c90c-43c9-9c33-637fecff2cc1','5f626882-288a-41b0-83e1-8fade70b18b3','e84697ea-e8db-4229-9452-3bcfba9ff4be','cbb0dda8-105a-48e7-a22d-db9ce0b8d8a2','routine','ai_read','ss','ss','',0,NULL,NULL,NULL,NULL,NULL,0.00,NULL,'2025-11-02 00:00:00','08:00:00','2025-11-02 07:37:22',NULL,NULL,'1.2.826.0.1.3680043.8.498.1762069028687.1613',NULL,1,NULL,'{\"sopInstanceUID\": \"f583e47b-fe6c-4470-9270-572082435027\", \"studyInstanceUID\": \"1.2.826.0.1.3680043.8.498.1762069028687.1613\", \"seriesInstanceUID\": \"43e17a48-ce8c-4298-82d5-646dc3dc8f3f\", \"referringPhysicianName\": \"ttest\"}','2025-10-31 07:19:59','2025-11-02 07:46:06',NULL),('a4c6719e-e062-4443-8734-393a9edda3a4','ORD-1759136872577-PF5F42ASW','654860ac-c217-4331-920b-77f00cf8ee02','c9a1ceb7-6165-4137-bf73-8daee84742ef','494b1513-1e9b-4b20-b45d-c0b909741ba5','5f626882-288a-41b0-83e1-8fade70b18b3','e84697ea-e8db-4229-9452-3bcfba9ff4be','cbb0dda8-105a-48e7-a22d-db9ce0b8d8a2','urgent','in_progress','nil','nil','nil',0,NULL,NULL,NULL,NULL,NULL,1000.00,NULL,'2025-09-29 00:00:00','17:30:00',NULL,NULL,NULL,'1.2.826.0.1.3680043.8.498.1759138635396.29',NULL,1,NULL,'{\"studyInstanceUID\": \"1.2.826.0.1.3680043.8.498.1759138635396.29\", \"referringPhysicianName\": \"Syed\"}','2025-09-29 09:07:52','2025-09-29 10:09:50',NULL),('aad59992-18f3-452d-bafb-612f57b68c1b','ORD-1758298096070-SVE20BOGW','3175b245-4021-4dc3-adf2-0bffd6f124eb','c9a1ceb7-6165-4137-bf73-8daee84742ef','494b1513-1e9b-4b20-b45d-c0b909741ba5','05de5156-937a-41dc-b036-bf535b1f9d30','1773faf5-9676-4532-9f59-79a4428c69ed','05de5156-937a-41dc-b036-bf535b1f9d30','routine','completed','tets','test','',0,NULL,NULL,NULL,NULL,NULL,100.00,NULL,'2025-09-22 00:00:00','08:00:00','2025-09-22 05:31:22',NULL,NULL,'1.2.826.0.1.3680043.8.498.1758518578164.3591',NULL,1,NULL,'{\"studyInstanceUID\": \"1.2.826.0.1.3680043.8.498.1758518578164.3591\", \"referringPhysicianName\": \"ttest\"}','2025-09-19 16:08:16','2025-09-22 10:42:52',NULL),('b0648215-7e78-4d5d-920d-dc8e97ddc0c3','ORD-1758006942319-3ATJR572T','8efe72b7-c71f-4c18-ac98-feb6f6b53d4c','c9a1ceb7-6165-4137-bf73-8daee84742ef','494b1513-1e9b-4b20-b45d-c0b909741ba5','346cccee-d19c-42ae-bdab-3ec83bba0d2e',NULL,NULL,'routine','scheduled','test','test','',0,NULL,NULL,NULL,NULL,NULL,200.00,NULL,'2025-09-16 00:00:00','08:30:00',NULL,NULL,NULL,NULL,NULL,1,NULL,NULL,'2025-09-16 07:15:42','2025-09-16 07:15:58',NULL),('b0fa0b35-61d4-4826-8330-108c07f85910','ORD-1762274830663-JB8GUEB5V','58590151-06df-4d89-9600-d46267c3efcd','c9a1ceb7-6165-4137-bf73-8daee84742ef','494b1513-1e9b-4b20-b45d-c0b909741ba5','5f626882-288a-41b0-83e1-8fade70b18b3','e84697ea-e8db-4229-9452-3bcfba9ff4be','cbb0dda8-105a-48e7-a22d-db9ce0b8d8a2','routine','verified','Nil','Nil','Nil',0,NULL,NULL,NULL,NULL,NULL,1000.00,NULL,'2025-11-05 00:00:00','08:00:00','2025-11-04 16:50:22','2025-11-04 16:51:11','2025-11-04 16:51:16','1.2.826.0.1.3680043.8.498.1762274862358.9694',NULL,1,NULL,'{\"sopInstanceUID\": \"d98ea26f-d58d-4f99-aef8-b70f8d80558e\", \"studyInstanceUID\": \"1.2.826.0.1.3680043.8.498.1762274862358.9694\", \"seriesInstanceUID\": \"aee0e254-7dfb-4350-87cc-906eec64c749\", \"referringPhysicianName\": \"Syed\"}','2025-11-04 16:47:10','2025-11-04 16:51:16','f29ce7b0-bf29-4647-a219-7a91c99486c2'),('b31e28f1-cdcc-4de2-b3d6-d02de58319ef','ORD-1762068790238-624NP2M19','3175b245-4021-4dc3-adf2-0bffd6f124eb','c9a1ceb7-6165-4137-bf73-8daee84742ef','494b1513-1e9b-4b20-b45d-c0b909741ba5','5f626882-288a-41b0-83e1-8fade70b18b3',NULL,NULL,'urgent','scheduled','aaa','aaa','',0,NULL,NULL,NULL,NULL,NULL,11.00,NULL,'2025-11-04 00:00:00','09:00:00',NULL,NULL,NULL,'1.2.826.0.1.3680043.8.498.1762234005111.7417',NULL,1,NULL,'{\"sopInstanceUID\": \"9e596523-6bc8-480d-8c8b-a994361b01ee\", \"studyInstanceUID\": \"1.2.826.0.1.3680043.8.498.1762234005111.7417\", \"seriesInstanceUID\": \"ed797bf6-d9e5-4ebd-9658-f51c67e46e66\", \"referringPhysicianName\": \"ttest\"}','2025-11-02 07:33:10','2025-11-04 05:26:45',NULL),('b5b6f0fd-2c03-4d62-b2d0-81796f3c08e8','ORD-1761885584511-IBNZSHCCK','3175b245-4021-4dc3-adf2-0bffd6f124eb','c9a1ceb7-6165-4137-bf73-8daee84742ef','494b1513-1e9b-4b20-b45d-c0b909741ba5','5f626882-288a-41b0-83e1-8fade70b18b3','e84697ea-e8db-4229-9452-3bcfba9ff4be','cbb0dda8-105a-48e7-a22d-db9ce0b8d8a2','routine','reported','aa','aa','aa',0,NULL,NULL,NULL,NULL,NULL,0.00,NULL,'2025-11-04 00:00:00','17:30:00','2025-11-04 11:26:33',NULL,NULL,'1.2.826.0.1.3680043.8.498.1762255551788.4205',NULL,1,NULL,'{\"sopInstanceUID\": \"cac61d0b-997d-4e62-bc96-2b8ebd509798\", \"studyInstanceUID\": \"1.2.826.0.1.3680043.8.498.1762255551788.4205\", \"seriesInstanceUID\": \"3db28a70-365b-4728-a131-6086b5a0b8a8\", \"referringPhysicianName\": \"ttest\"}','2025-10-31 04:39:44','2025-11-04 11:46:57',NULL),('bb56ab07-fa1d-4a08-98d0-cfa8969af645','ORD-1762233994510-M7CDXB60T','3175b245-4021-4dc3-adf2-0bffd6f124eb','c9a1ceb7-6165-4137-bf73-8daee84742ef','494b1513-1e9b-4b20-b45d-c0b909741ba5','1773faf5-9676-4532-9f59-79a4428c69ed','e84697ea-e8db-4229-9452-3bcfba9ff4be','cbb0dda8-105a-48e7-a22d-db9ce0b8d8a2','routine','qa','ss','sss','',0,NULL,NULL,NULL,NULL,NULL,2222.00,NULL,'2025-11-06 00:00:00','08:00:00','2025-11-06 10:15:16',NULL,NULL,'1.2.826.0.1.3680043.8.498.1762424040415.7270',NULL,1,NULL,'{\"sopInstanceUID\": \"008562f8-ecac-40b3-ae68-d5931739cd3b\", \"studyInstanceUID\": \"1.2.826.0.1.3680043.8.498.1762424040415.7270\", \"seriesInstanceUID\": \"77f433e1-af24-41b2-a775-86e74a5ead0a\", \"referringPhysicianName\": \"ttest\"}','2025-11-04 05:26:34','2025-11-06 10:15:58','cbb0dda8-105a-48e7-a22d-db9ce0b8d8a2'),('c3b7f3f6-ffa7-4035-8070-201ab3a82c45','ORD-1758018962134-LC0GOZUZ1','3175b245-4021-4dc3-adf2-0bffd6f124eb','d8126f9f-2bc2-4930-9a09-fb4e9e5a6a32','85832cbf-c90c-43c9-9c33-637fecff2cc1','346cccee-d19c-42ae-bdab-3ec83bba0d2e',NULL,NULL,'urgent','scheduled','test','test','',0,NULL,NULL,NULL,NULL,NULL,0.00,NULL,'2025-09-16 00:00:00','09:00:00',NULL,NULL,NULL,NULL,NULL,1,NULL,NULL,'2025-09-16 10:36:02','2025-09-16 10:36:16',NULL),('c6cc48f1-abcb-4d48-90f5-3936503f763d','ORD-1759747413123-DG7L71PME','58590151-06df-4d89-9600-d46267c3efcd','d8126f9f-2bc2-4930-9a09-fb4e9e5a6a32','85832cbf-c90c-43c9-9c33-637fecff2cc1','5f626882-288a-41b0-83e1-8fade70b18b3','e84697ea-e8db-4229-9452-3bcfba9ff4be','cbb0dda8-105a-48e7-a22d-db9ce0b8d8a2','routine','completed','sss','ss','ss',0,NULL,NULL,NULL,NULL,NULL,0.00,NULL,'2025-10-06 00:00:00','08:00:00','2025-10-06 11:38:31',NULL,NULL,'1.2.826.0.1.3680043.8.498.1759747448687.5611',NULL,1,NULL,'{\"sopInstanceUID\": \"108001cc-d109-4b98-aaf2-e60509b8bc0f\", \"studyInstanceUID\": \"1.2.826.0.1.3680043.8.498.1759747448687.5611\", \"seriesInstanceUID\": \"4f200257-0283-4e5d-89c0-5ea78748878e\", \"referringPhysicianName\": \"ttest\"}','2025-10-06 10:43:33','2025-10-06 11:38:31',NULL),('c8b4a068-8e28-4c57-a21d-e3b68f909af1','ORD-1758620835166-BAGJB4438','bed6c572-cd43-43c4-9d68-1d28d98ba2be','33bb1a00-4bf5-4df0-b2b8-f70e4a1a6e99','494b1513-1e9b-4b20-b45d-c0b909741ba5','5f626882-288a-41b0-83e1-8fade70b18b3','1773faf5-9676-4532-9f59-79a4428c69ed','f29ce7b0-bf29-4647-a219-7a91c99486c2','routine','verified','s','s','',0,NULL,NULL,NULL,NULL,NULL,0.00,NULL,'2025-09-23 00:00:00','08:00:00','2025-09-23 09:49:21','2025-09-23 09:53:21','2025-09-23 09:53:29','1.2.826.0.1.3680043.8.498.1758620846568.3228',NULL,1,NULL,'{\"sopInstanceUID\": \"934d9dea-b5a7-4376-ac1e-5d3c0d609c58\", \"studyInstanceUID\": \"1.2.826.0.1.3680043.8.498.1758620846568.3228\", \"seriesInstanceUID\": \"5fec01c8-3ac7-4696-b9f7-5c773807ddf6\", \"referringPhysicianName\": \"ttest\"}','2025-09-23 09:47:15','2025-09-23 09:53:29','05de5156-937a-41dc-b036-bf535b1f9d30'),('ca523212-818c-41c6-9e5c-f8cdca3e09fa','ORD-1758021684031-5QAWD9OZA','bed6c572-cd43-43c4-9d68-1d28d98ba2be','d8126f9f-2bc2-4930-9a09-fb4e9e5a6a32','85832cbf-c90c-43c9-9c33-637fecff2cc1','346cccee-d19c-42ae-bdab-3ec83bba0d2e',NULL,NULL,'routine','verified','ss','ss','',0,NULL,NULL,NULL,NULL,NULL,0.00,NULL,'2025-09-16 00:00:00','09:00:00','2025-09-18 05:17:02','2025-09-19 09:54:59','2025-09-19 09:55:21','1.2.826.0.1.3680043.8.498.1758021698885.175',NULL,1,NULL,'{\"sopInstanceUID\": \"65d4e682-cb60-4eda-8224-221136168903\", \"studyInstanceUID\": \"1.2.826.0.1.3680043.8.498.1758021698885.175\", \"seriesInstanceUID\": \"27e643eb-2a04-4f00-80f3-aa5195f66925\"}','2025-09-16 11:21:24','2025-09-19 09:55:21',NULL),('d9a2fcfc-51b7-4eec-b04e-38152906e4f9','ORD-1762235562020-1L39BEFT4','8efe72b7-c71f-4c18-ac98-feb6f6b53d4c','d8126f9f-2bc2-4930-9a09-fb4e9e5a6a32','494b1513-1e9b-4b20-b45d-c0b909741ba5','5f626882-288a-41b0-83e1-8fade70b18b3','1773faf5-9676-4532-9f59-79a4428c69ed','05de5156-937a-41dc-b036-bf535b1f9d30','routine','first_read','no','no','no',0,NULL,NULL,NULL,NULL,NULL,1500.00,NULL,'2025-11-04 00:00:00','13:00:00','2025-11-04 05:59:57',NULL,NULL,'1.2.826.0.1.3680043.8.498.1762235631871.1528',NULL,1,NULL,'{\"sopInstanceUID\": \"2b6f08b6-2127-4d30-b9e6-6096529a8d02\", \"studyInstanceUID\": \"1.2.826.0.1.3680043.8.498.1762235631871.1528\", \"seriesInstanceUID\": \"2d795873-4c09-4bc0-9cc4-b5533a9c532e\", \"referringPhysicianName\": \"Syed\"}','2025-11-04 05:52:42','2025-11-04 06:01:07',NULL),('da939f17-2a78-4c56-b8dc-85831658fda6','ORD-1761886474896-VTKH1FV6K','3175b245-4021-4dc3-adf2-0bffd6f124eb','33bb1a00-4bf5-4df0-b2b8-f70e4a1a6e99','629fbeb3-5caf-4261-977e-a4ad5f1131ed','5f626882-288a-41b0-83e1-8fade70b18b3','1773faf5-9676-4532-9f59-79a4428c69ed','05de5156-937a-41dc-b036-bf535b1f9d30','routine','assigned','Nil','Nil','Nil',0,NULL,NULL,NULL,NULL,NULL,2500.00,NULL,'2025-10-31 00:00:00','09:00:00',NULL,NULL,NULL,'1.2.826.0.1.3680043.8.498.1761886819351.6859',NULL,1,NULL,'{\"sopInstanceUID\": \"1c2aad3d-602c-44e6-a99f-a0efa77d255e\", \"studyInstanceUID\": \"1.2.826.0.1.3680043.8.498.1761886819351.6859\", \"seriesInstanceUID\": \"21550e7d-2c9e-4078-b0e1-78dd97c6f6cd\", \"referringPhysicianName\": \"Syed\"}','2025-10-31 04:54:34','2025-10-31 05:01:40',NULL),('e0643e70-e458-48ef-ba17-ef89b63d748c','ORD-1757580923911-001','654860ac-c217-4331-920b-77f00cf8ee02','d8126f9f-2bc2-4930-9a09-fb4e9e5a6a32','85832cbf-c90c-43c9-9c33-637fecff2cc1','72b05470-3dc1-4900-908e-aab71a68aec2',NULL,NULL,'routine','scheduled','Patient presents with persistent cough for 2 weeks','Rule out pneumonia or other pulmonary pathology','Patient is claustrophobic, prefer standing position',0,NULL,NULL,NULL,NULL,NULL,75.00,NULL,'2024-01-15 00:00:00','10:00:00',NULL,NULL,NULL,NULL,NULL,1,NULL,NULL,'2025-09-11 08:55:23','2025-09-11 08:55:23',NULL),('f0cf9f54-7c44-4bf0-b825-45422ef82c9a','ORD-1757580923911-002','3175b245-4021-4dc3-adf2-0bffd6f124eb','33bb1a00-4bf5-4df0-b2b8-f70e4a1a6e99','629fbeb3-5caf-4261-977e-a4ad5f1131ed','346cccee-d19c-42ae-bdab-3ec83bba0d2e',NULL,NULL,'urgent','scheduled','Breast cancer survivor with new chest pain','Evaluate for metastatic disease or recurrence','Use low-dose protocol due to previous radiation',1,'Iodinated contrast','100ml',NULL,NULL,NULL,350.00,NULL,'2024-01-15 00:00:00','14:00:00',NULL,NULL,NULL,NULL,NULL,1,NULL,NULL,'2025-09-11 08:55:23','2025-09-11 08:55:23',NULL),('f23a3ed7-2ed1-40e5-8efd-8f7346ada249','ORD-1758006816906-T2GXDLQ2W','58590151-06df-4d89-9600-d46267c3efcd','c9a1ceb7-6165-4137-bf73-8daee84742ef','494b1513-1e9b-4b20-b45d-c0b909741ba5','346cccee-d19c-42ae-bdab-3ec83bba0d2e',NULL,NULL,'urgent','completed','testTEST','test','',0,NULL,NULL,NULL,NULL,NULL,100.00,NULL,'2025-09-16 00:00:00','08:00:00','2025-09-16 10:34:44',NULL,NULL,NULL,NULL,1,NULL,NULL,'2025-09-16 07:13:36','2025-09-16 10:34:44',NULL),('f46f0fb0-eadc-416c-8856-f544929b80f9','ORD-1762424028707-JFIHX3E9R','3175b245-4021-4dc3-adf2-0bffd6f124eb','c9a1ceb7-6165-4137-bf73-8daee84742ef','494b1513-1e9b-4b20-b45d-c0b909741ba5','5f626882-288a-41b0-83e1-8fade70b18b3','e84697ea-e8db-4229-9452-3bcfba9ff4be','cbb0dda8-105a-48e7-a22d-db9ce0b8d8a2','routine','ai_read','test','test','',0,NULL,NULL,NULL,NULL,NULL,0.00,NULL,'2025-11-07 00:00:00','08:00:00','2025-11-07 10:12:11',NULL,NULL,'1.2.826.0.1.3680043.8.498.1762510289557.1535',NULL,1,NULL,'{\"sopInstanceUID\": \"bcc638f9-c1b6-4c3f-a998-de19115727c0\", \"studyInstanceUID\": \"1.2.826.0.1.3680043.8.498.1762510289557.1535\", \"seriesInstanceUID\": \"7fc20334-3ba3-4e3d-a385-617dd758b939\", \"referringPhysicianName\": \"ttest\"}','2025-11-06 10:13:48','2025-11-07 10:12:18',NULL),('f55022a8-30f7-4d86-8624-9502808b82af','ORD-1757918196516-ZHQG5462E','8efe72b7-c71f-4c18-ac98-feb6f6b53d4c','d8126f9f-2bc2-4930-9a09-fb4e9e5a6a32','85832cbf-c90c-43c9-9c33-637fecff2cc1','346cccee-d19c-42ae-bdab-3ec83bba0d2e',NULL,NULL,'routine','in_progress','ss','ss','',0,NULL,NULL,NULL,NULL,NULL,0.00,NULL,'2025-09-15 00:00:00','13:00:00',NULL,NULL,NULL,NULL,NULL,1,NULL,NULL,'2025-09-15 06:36:36','2025-09-15 09:55:55',NULL),('f93c094e-436a-472d-bf91-eb0b9d8e8bec','ORD-1758021428754-LM1E9P89R','58590151-06df-4d89-9600-d46267c3efcd','c9a1ceb7-6165-4137-bf73-8daee84742ef','494b1513-1e9b-4b20-b45d-c0b909741ba5','346cccee-d19c-42ae-bdab-3ec83bba0d2e',NULL,NULL,'routine','scheduled','sa','aa','',0,NULL,NULL,NULL,NULL,NULL,0.00,NULL,'2025-09-16 00:00:00','10:30:00',NULL,NULL,NULL,'1.2.826.0.1.3680043.8.498.1758021445501.9632',NULL,1,NULL,'{\"sopInstanceUID\": \"93ef1d2d-d904-4309-84aa-2816a059f18a\"}','2025-09-16 11:17:08','2025-09-16 11:17:25',NULL),('facb367b-e57d-4461-b50f-917d84eb9b97','ORD-1758621716302-O04OKLG4L','8efe72b7-c71f-4c18-ac98-feb6f6b53d4c','33bb1a00-4bf5-4df0-b2b8-f70e4a1a6e99','494b1513-1e9b-4b20-b45d-c0b909741ba5','5f626882-288a-41b0-83e1-8fade70b18b3',NULL,NULL,'routine','created','test','test','',0,NULL,NULL,NULL,NULL,NULL,0.00,NULL,NULL,NULL,NULL,NULL,NULL,NULL,NULL,1,NULL,'{\"referringPhysicianName\": \"syed\"}','2025-09-23 10:01:56','2025-09-23 10:01:56',NULL),('fcf336b4-a9bb-4544-b21a-e6790be09dee','ORD-1757916375942-3B7PBI81N','3175b245-4021-4dc3-adf2-0bffd6f124eb','d8126f9f-2bc2-4930-9a09-fb4e9e5a6a32','85832cbf-c90c-43c9-9c33-637fecff2cc1','346cccee-d19c-42ae-bdab-3ec83bba0d2e',NULL,NULL,'urgent','scheduled','d,mc bdhjdbc','sdjhcbvcd','dcbxhjdvbcgh',0,NULL,NULL,NULL,NULL,NULL,0.00,NULL,'2025-09-16 00:00:00','08:00:00',NULL,NULL,NULL,NULL,NULL,1,NULL,NULL,'2025-09-15 06:06:15','2025-09-16 07:11:43',NULL),('fd6afc04-a980-464c-a211-113f5fa5e51e','ORD-1757912521595-V7O9VQGVL','3175b245-4021-4dc3-adf2-0bffd6f124eb','c9a1ceb7-6165-4137-bf73-8daee84742ef','494b1513-1e9b-4b20-b45d-c0b909741ba5','346cccee-d19c-42ae-bdab-3ec83bba0d2e',NULL,NULL,'routine','scheduled','xszx','sss','ss',0,NULL,NULL,NULL,NULL,NULL,0.00,NULL,NULL,NULL,NULL,NULL,NULL,NULL,NULL,1,NULL,NULL,'2025-09-15 05:02:01','2025-09-15 05:02:01',NULL);
/*!40000 ALTER TABLE `orders` ENABLE KEYS */;
UNLOCK TABLES;

--
-- Table structure for table `patients`
--

DROP TABLE IF EXISTS `patients`;
/*!40101 SET @saved_cs_client     = @@character_set_client */;
/*!50503 SET character_set_client = utf8mb4 */;
CREATE TABLE `patients` (
  `id` char(36) CHARACTER SET utf8mb4 COLLATE utf8mb4_bin NOT NULL,
  `patient_id` varchar(50) NOT NULL,
  `first_name` varchar(100) NOT NULL,
  `last_name` varchar(100) NOT NULL,
  `middle_name` varchar(100) DEFAULT NULL,
  `date_of_birth` date NOT NULL,
  `gender` enum('M','F','O','U') NOT NULL,
  `phone` varchar(20) DEFAULT NULL,
  `email` varchar(255) DEFAULT NULL,
  `address` text,
  `city` varchar(100) DEFAULT NULL,
  `state` varchar(100) DEFAULT NULL,
  `zip_code` varchar(20) DEFAULT NULL,
  `country` varchar(100) DEFAULT NULL,
  `emergency_contact_name` varchar(200) DEFAULT NULL,
  `emergency_contact_phone` varchar(20) DEFAULT NULL,
  `emergency_contact_relation` varchar(50) DEFAULT NULL,
  `medical_record_number` varchar(50) DEFAULT NULL,
  `social_security_number` varchar(20) DEFAULT NULL,
  `insurance_id` varchar(50) DEFAULT NULL,
  `allergies` text,
  `medical_history` text,
  `current_medications` text,
  `is_active` tinyint(1) DEFAULT '1',
  `notes` text,
  `created_at` datetime NOT NULL,
  `updated_at` datetime NOT NULL,
  PRIMARY KEY (`id`),
  UNIQUE KEY `patient_id_32` (`patient_id`),
  UNIQUE KEY `patient_id` (`patient_id`),
  UNIQUE KEY `patient_id_2` (`patient_id`),
  UNIQUE KEY `patient_id_3` (`patient_id`),
  UNIQUE KEY `patient_id_4` (`patient_id`),
  UNIQUE KEY `patient_id_5` (`patient_id`),
  UNIQUE KEY `patient_id_6` (`patient_id`),
  UNIQUE KEY `patient_id_7` (`patient_id`),
  UNIQUE KEY `patient_id_8` (`patient_id`),
  UNIQUE KEY `patient_id_9` (`patient_id`),
  UNIQUE KEY `patient_id_10` (`patient_id`),
  UNIQUE KEY `patient_id_11` (`patient_id`),
  UNIQUE KEY `patient_id_12` (`patient_id`),
  UNIQUE KEY `patient_id_13` (`patient_id`),
  UNIQUE KEY `patient_id_14` (`patient_id`),
  UNIQUE KEY `patient_id_15` (`patient_id`),
  UNIQUE KEY `patient_id_16` (`patient_id`),
  UNIQUE KEY `patient_id_17` (`patient_id`),
  UNIQUE KEY `patient_id_18` (`patient_id`),
  UNIQUE KEY `patient_id_19` (`patient_id`),
  UNIQUE KEY `patient_id_20` (`patient_id`),
  UNIQUE KEY `patient_id_21` (`patient_id`),
  UNIQUE KEY `patient_id_22` (`patient_id`),
  UNIQUE KEY `patient_id_23` (`patient_id`),
  UNIQUE KEY `patient_id_24` (`patient_id`),
  UNIQUE KEY `patient_id_25` (`patient_id`),
  UNIQUE KEY `patient_id_26` (`patient_id`),
  UNIQUE KEY `patient_id_27` (`patient_id`),
  UNIQUE KEY `medical_record_number` (`medical_record_number`),
  UNIQUE KEY `medical_record_number_2` (`medical_record_number`),
  UNIQUE KEY `medical_record_number_3` (`medical_record_number`),
  UNIQUE KEY `medical_record_number_4` (`medical_record_number`),
  UNIQUE KEY `medical_record_number_5` (`medical_record_number`),
  UNIQUE KEY `medical_record_number_6` (`medical_record_number`),
  UNIQUE KEY `medical_record_number_7` (`medical_record_number`),
  UNIQUE KEY `medical_record_number_8` (`medical_record_number`),
  UNIQUE KEY `medical_record_number_9` (`medical_record_number`),
  UNIQUE KEY `medical_record_number_10` (`medical_record_number`),
  UNIQUE KEY `medical_record_number_11` (`medical_record_number`),
  UNIQUE KEY `medical_record_number_12` (`medical_record_number`),
  UNIQUE KEY `medical_record_number_13` (`medical_record_number`),
  UNIQUE KEY `medical_record_number_14` (`medical_record_number`),
  UNIQUE KEY `medical_record_number_15` (`medical_record_number`),
  UNIQUE KEY `medical_record_number_16` (`medical_record_number`),
  UNIQUE KEY `medical_record_number_17` (`medical_record_number`),
  UNIQUE KEY `medical_record_number_18` (`medical_record_number`),
  UNIQUE KEY `medical_record_number_19` (`medical_record_number`),
  UNIQUE KEY `medical_record_number_20` (`medical_record_number`),
  UNIQUE KEY `medical_record_number_21` (`medical_record_number`),
  UNIQUE KEY `medical_record_number_22` (`medical_record_number`),
  UNIQUE KEY `medical_record_number_23` (`medical_record_number`),
  UNIQUE KEY `medical_record_number_24` (`medical_record_number`),
  UNIQUE KEY `medical_record_number_25` (`medical_record_number`),
  UNIQUE KEY `medical_record_number_26` (`medical_record_number`),
  UNIQUE KEY `medical_record_number_27` (`medical_record_number`)
) ENGINE=InnoDB DEFAULT CHARSET=utf8mb4 COLLATE=utf8mb4_0900_ai_ci;
/*!40101 SET character_set_client = @saved_cs_client */;

--
-- Dumping data for table `patients`
--

LOCK TABLES `patients` WRITE;
/*!40000 ALTER TABLE `patients` DISABLE KEYS */;
INSERT INTO `patients` VALUES ('3175b245-4021-4dc3-adf2-0bffd6f124eb','P002','Jane','Smith',NULL,'1975-08-22','F','+1-555-1003','jane.smith@email.com','456 Oak Ave, Anytown, ST 12345','Anytown','ST','12345','USA','Bob Smith','+1-555-1004','Husband','MRN002',NULL,NULL,'None known','Breast cancer (2019), currently in remission','Tamoxifen',1,NULL,'2025-09-11 08:55:23','2025-09-11 08:55:23'),('58590151-06df-4d89-9600-d46267c3efcd','P003','Robert','Johnson',NULL,'1965-12-10','M','+1-555-1005','robert.johnson@email.com','789 Pine St, Anytown, ST 12345','Anytown','ST','12345','USA','Mary Johnson','+1-555-1006','Wife','MRN003',NULL,NULL,'Shellfish','Heart disease, previous MI (2020)','Aspirin, Atorvastatin, Metoprolol',1,NULL,'2025-09-11 08:55:23','2025-09-11 08:55:23'),('654860ac-c217-4331-920b-77f00cf8ee02','P001','John','Doe',NULL,'1980-05-15','M','+1-555-1001','john.doe@email.com','123 Main St, Anytown, ST 12345','Anytown','ST','12345','USA','Jane Doe','+1-555-1002','Spouse','MRN001',NULL,NULL,'Penicillin','Hypertension, Diabetes Type 2','Metformin, Lisinopril',1,NULL,'2025-09-11 08:55:23','2025-09-11 08:55:23'),('8efe72b7-c71f-4c18-ac98-feb6f6b53d4c','P004','Emily','Davis',NULL,'1990-03-18','F','+1-555-1007','emily.davis@email.com','321 Elm St, Anytown, ST 12345','Anytown','ST','12345','USA','Tom Davis','+1-555-1008','Father','MRN004',NULL,NULL,'None known','Healthy, routine checkup','None',1,NULL,'2025-09-11 08:55:23','2025-09-11 08:55:23'),('bed6c572-cd43-43c4-9d68-1d28d98ba2be','P005','Michael','Wilson',NULL,'1955-07-25','M','+1-555-1009','michael.wilson@email.com','654 Maple Dr, Anytown, ST 12345','Anytown','ST','12345','USA','Linda Wilson','+1-555-1010','Wife','MRN005',NULL,NULL,'Contrast dye','Chronic kidney disease, COPD','Furosemide, Albuterol inhaler',1,NULL,'2025-09-11 08:55:23','2025-09-11 08:55:23');
/*!40000 ALTER TABLE `patients` ENABLE KEYS */;
UNLOCK TABLES;

--
-- Table structure for table `permissions`
--

DROP TABLE IF EXISTS `permissions`;
/*!40101 SET @saved_cs_client     = @@character_set_client */;
/*!50503 SET character_set_client = utf8mb4 */;
CREATE TABLE `permissions` (
  `id` char(36) CHARACTER SET utf8mb4 COLLATE utf8mb4_bin NOT NULL,
  `name` varchar(100) NOT NULL,
  `description` text,
  `resource` varchar(50) NOT NULL,
  `action` varchar(50) NOT NULL,
  `is_active` tinyint(1) DEFAULT '1',
  `created_at` datetime NOT NULL,
  `updated_at` datetime NOT NULL,
  PRIMARY KEY (`id`),
  UNIQUE KEY `name` (`name`),
  UNIQUE KEY `name_2` (`name`),
  UNIQUE KEY `name_3` (`name`),
  UNIQUE KEY `name_4` (`name`),
  UNIQUE KEY `name_5` (`name`),
  UNIQUE KEY `name_6` (`name`),
  UNIQUE KEY `name_7` (`name`),
  UNIQUE KEY `name_8` (`name`),
  UNIQUE KEY `name_9` (`name`),
  UNIQUE KEY `name_10` (`name`),
  UNIQUE KEY `name_11` (`name`),
  UNIQUE KEY `name_12` (`name`),
  UNIQUE KEY `name_13` (`name`),
  UNIQUE KEY `name_14` (`name`),
  UNIQUE KEY `name_15` (`name`),
  UNIQUE KEY `name_16` (`name`),
  UNIQUE KEY `name_17` (`name`),
  UNIQUE KEY `name_18` (`name`),
  UNIQUE KEY `name_19` (`name`),
  UNIQUE KEY `name_20` (`name`),
  UNIQUE KEY `name_21` (`name`),
  UNIQUE KEY `name_22` (`name`),
  UNIQUE KEY `name_23` (`name`),
  UNIQUE KEY `name_24` (`name`),
  UNIQUE KEY `name_25` (`name`),
  UNIQUE KEY `name_26` (`name`),
  UNIQUE KEY `name_27` (`name`),
  UNIQUE KEY `name_28` (`name`),
  UNIQUE KEY `name_29` (`name`),
  UNIQUE KEY `name_30` (`name`),
  UNIQUE KEY `name_31` (`name`),
  UNIQUE KEY `name_32` (`name`),
  UNIQUE KEY `name_33` (`name`),
  UNIQUE KEY `name_34` (`name`),
  UNIQUE KEY `name_35` (`name`),
  UNIQUE KEY `name_36` (`name`),
  UNIQUE KEY `name_37` (`name`),
  UNIQUE KEY `name_38` (`name`),
  UNIQUE KEY `name_39` (`name`),
  UNIQUE KEY `name_40` (`name`),
  UNIQUE KEY `name_41` (`name`),
  UNIQUE KEY `name_42` (`name`),
  UNIQUE KEY `name_43` (`name`),
  UNIQUE KEY `name_44` (`name`),
  UNIQUE KEY `name_45` (`name`),
  UNIQUE KEY `name_46` (`name`),
  UNIQUE KEY `name_47` (`name`),
  UNIQUE KEY `name_48` (`name`),
  UNIQUE KEY `name_49` (`name`),
  UNIQUE KEY `name_50` (`name`),
  UNIQUE KEY `name_51` (`name`),
  UNIQUE KEY `name_52` (`name`),
  UNIQUE KEY `name_53` (`name`),
  UNIQUE KEY `name_54` (`name`),
  UNIQUE KEY `name_55` (`name`),
  UNIQUE KEY `name_56` (`name`),
  UNIQUE KEY `name_57` (`name`),
  UNIQUE KEY `name_58` (`name`),
  UNIQUE KEY `name_59` (`name`)
) ENGINE=InnoDB DEFAULT CHARSET=utf8mb4 COLLATE=utf8mb4_0900_ai_ci;
/*!40101 SET character_set_client = @saved_cs_client */;

--
-- Dumping data for table `permissions`
--

LOCK TABLES `permissions` WRITE;
/*!40000 ALTER TABLE `permissions` DISABLE KEYS */;
INSERT INTO `permissions` VALUES ('0073ba01-9fe5-4f0a-bb24-46ef80fcd1ba','orders.create','Create orders','orders','create',1,'2025-09-11 08:55:15','2025-09-11 08:55:15'),('0ff1fd3e-f562-479a-95d9-4351450a0695','communication.delete','Delete communications','communication','delete',1,'2025-09-11 08:55:16','2025-09-11 08:55:16'),('10034454-bd21-47d6-9466-c22d9076d3ae','scheduling.create','Create schedules','scheduling','create',1,'2025-09-11 08:55:15','2025-09-11 08:55:15'),('19a4c5fe-057e-4031-8318-133d21feb9d5','reports.read','Read reports','reports','read',1,'2025-09-11 08:55:16','2025-09-11 08:55:16'),('1e266f04-5866-42bc-aab3-f5c55ac1045f','modality_slots.create','Create modality slots','modality_slots','create',1,'2025-09-22 05:05:10','2025-09-22 05:05:10'),('2bcd3824-f796-41dd-80f6-6a734e6fa536','reports.verify','Verify reports','reports','verify',1,'2025-09-11 08:55:16','2025-09-11 08:55:16'),('31b9d5fb-b9b0-4403-80ac-e6ba05ecb6da','users.update','Update users','users','update',1,'2025-09-11 08:55:15','2025-09-11 08:55:15'),('330387e7-4b4a-4f07-8a6d-38d8688b7c32','communication.update','Update communications','communication','update',1,'2025-09-11 08:55:16','2025-09-11 08:55:16'),('3725e58d-e05f-4b07-a29a-c9c5cc1959a9','orders.delete','Delete orders','orders','delete',1,'2025-09-11 08:55:15','2025-09-11 08:55:15'),('4288fd45-56a8-49b7-88fa-2ce71a48dd2d','modality_slots.read','Read modality slots','modality_slots','read',1,'2025-09-22 05:05:10','2025-09-22 05:05:10'),('444455e7-0a99-40eb-8ac6-26b626cd1ba6','orders.update','Update orders','orders','update',1,'2025-09-11 08:55:15','2025-09-11 08:55:15'),('4bd0283d-6882-4417-b4c7-a87c4d703eed','communication.create','Create communications','communication','create',1,'2025-09-11 08:55:16','2025-09-11 08:55:16'),('53239370-5257-4c5c-b00b-7831df5ab7eb','users.read','Read users','users','read',1,'2025-09-11 08:55:15','2025-09-11 08:55:15'),('597e4615-a0d2-4183-80f6-901e2b65aad4','scheduling.read','Read schedules','scheduling','read',1,'2025-09-11 08:55:15','2025-09-11 08:55:15'),('71ce6ccc-66e8-41f4-b858-03755241bfb0','reports.delete','Delete reports','reports','delete',1,'2025-09-11 08:55:16','2025-09-11 08:55:16'),('7942f34d-412f-48c2-b1be-b5e555ea5cf7','admin.access','Admin access','admin','access',1,'2025-09-11 08:55:16','2025-09-11 08:55:16'),('79c428d5-6f91-4f7e-b11f-ce1a628260bb','reports.update','Update reports','reports','update',1,'2025-09-11 08:55:16','2025-09-11 08:55:16'),('abbde4f0-5361-4691-8d12-40de06b299e4','orders.read','Read orders','orders','read',1,'2025-09-11 08:55:15','2025-09-11 08:55:15'),('ad9c5033-1059-4b8e-86fe-6f8edeec4e89','scheduling.delete','Delete schedules','scheduling','delete',1,'2025-09-11 08:55:16','2025-09-11 08:55:16'),('bba8d228-3b95-4c0a-a0c0-1db3a7e0d428','users.create','Create users','users','create',1,'2025-09-11 08:55:15','2025-09-11 08:55:15'),('beb63743-518b-4f5c-8daf-7445d8c73bdf','scheduling.update','Update schedules','scheduling','update',1,'2025-09-11 08:55:15','2025-09-11 08:55:15'),('bfc97454-368a-4cd6-a7d3-62931cac676a','system.config','System configuration','system','config',1,'2025-09-11 08:55:16','2025-09-11 08:55:16'),('c7a938e2-02cd-4b5f-a3ca-a410667ed72b','reports.create','Create reports','reports','create',1,'2025-09-11 08:55:16','2025-09-11 08:55:16'),('c92e97c0-9547-420d-9302-768213614b3c','billing.delete','Delete billing','billing','delete',1,'2025-09-11 08:55:16','2025-09-11 08:55:16'),('d63f5e17-4de0-4f6f-9618-5c914902de7e','billing.read','Read billing','billing','read',1,'2025-09-11 08:55:16','2025-09-11 08:55:16'),('ec2a450a-c227-4a71-ada6-0bba3ce232eb','communication.read','Read communications','communication','read',1,'2025-09-11 08:55:16','2025-09-11 08:55:16'),('ee0f88e3-bb43-4134-a315-652d1465973f','modality_slots.update','Update modality slots','modality_slots','update',1,'2025-09-22 05:05:10','2025-09-22 05:05:10'),('f911849c-6165-48c4-a1ba-deb82e875a04','users.delete','Delete users','users','delete',1,'2025-09-11 08:55:15','2025-09-11 08:55:15'),('fb3ae5e0-be29-413a-8e9f-3bd57b68fc78','billing.create','Create billing','billing','create',1,'2025-09-11 08:55:16','2025-09-11 08:55:16'),('fbd217ea-04ea-4919-92b9-cab461df2dda','billing.update','Update billing','billing','update',1,'2025-09-11 08:55:16','2025-09-11 08:55:16'),('fbf8f4c5-4967-405f-a5c9-ed26155cbf2e','modality_slots.delete','Delete modality slots','modality_slots','delete',1,'2025-09-22 05:05:11','2025-09-22 05:05:11');
/*!40000 ALTER TABLE `permissions` ENABLE KEYS */;
UNLOCK TABLES;

--
-- Table structure for table `report_templates`
--

DROP TABLE IF EXISTS `report_templates`;
/*!40101 SET @saved_cs_client     = @@character_set_client */;
/*!50503 SET character_set_client = utf8mb4 */;
CREATE TABLE `report_templates` (
  `id` char(36) CHARACTER SET utf8mb4 COLLATE utf8mb4_bin NOT NULL,
  `name` varchar(100) NOT NULL,
  `category` enum('X-Ray','CT','MRI','USG','Nuclear Medicine','Mammography','Fluoroscopy','Other') NOT NULL,
  `body_part` varchar(100) DEFAULT NULL,
  `description` text,
  `template` text NOT NULL,
  `sections` json DEFAULT NULL COMMENT 'JSON array of template sections',
  `variables` json DEFAULT NULL COMMENT 'JSON array of template variables',
  `is_default` tinyint(1) DEFAULT '0',
  `is_active` tinyint(1) DEFAULT '1',
  `created_by` char(36) CHARACTER SET utf8mb4 COLLATE utf8mb4_bin DEFAULT NULL,
  `version` varchar(20) NOT NULL DEFAULT '1.0',
  `sort_order` int DEFAULT '0',
  `created_at` datetime NOT NULL,
  `updated_at` datetime NOT NULL,
  PRIMARY KEY (`id`),
  KEY `created_by` (`created_by`),
  CONSTRAINT `report_templates_ibfk_1` FOREIGN KEY (`created_by`) REFERENCES `users` (`id`)
) ENGINE=InnoDB DEFAULT CHARSET=utf8mb4 COLLATE=utf8mb4_0900_ai_ci;
/*!40101 SET character_set_client = @saved_cs_client */;

--
-- Dumping data for table `report_templates`
--

LOCK TABLES `report_templates` WRITE;
/*!40000 ALTER TABLE `report_templates` DISABLE KEYS */;
INSERT INTO `report_templates` VALUES ('86c4634a-c2d6-44f9-a16f-959eb5c01ce6','CT Chest Template','CT','Chest','Standard CT chest report template','CLINICAL HISTORY:\n{clinicalHistory}\n\nTECHNIQUE:\nCT of the chest was performed {with/without} intravenous contrast.\n\nFINDINGS:\n{findings}\n\nIMPRESSION:\n{impression}\n\nRECOMMENDATIONS:\n{recommendations}','[{\"name\": \"Clinical History\", \"type\": \"text\"}, {\"name\": \"Technique\", \"type\": \"text\"}, {\"name\": \"Findings\", \"type\": \"text\"}, {\"name\": \"Impression\", \"type\": \"text\"}, {\"name\": \"Recommendations\", \"type\": \"text\"}]','[{\"name\": \"clinicalHistory\", \"type\": \"text\", \"required\": true}, {\"name\": \"findings\", \"type\": \"text\", \"required\": true}, {\"name\": \"impression\", \"type\": \"text\", \"required\": true}, {\"name\": \"recommendations\", \"type\": \"text\", \"required\": false}]',1,1,NULL,'1.0',0,'2025-09-11 08:55:16','2025-09-11 08:55:16'),('d7eaf4ba-2dd0-451d-a310-1139fc07a074','Chest X-Ray Template','X-Ray','Chest','Standard chest X-ray report template','CLINICAL HISTORY:\n{clinicalHistory}\n\nTECHNIQUE:\nFrontal and lateral chest radiographs were obtained.\n\nFINDINGS:\nThe lungs are clear bilaterally. The cardiac silhouette is normal in size and configuration. The mediastinal structures are unremarkable. The bony structures are intact.\n\nIMPRESSION:\n{impression}\n\nRECOMMENDATIONS:\n{recommendations}','[{\"name\": \"Clinical History\", \"type\": \"text\"}, {\"name\": \"Technique\", \"type\": \"text\"}, {\"name\": \"Findings\", \"type\": \"text\"}, {\"name\": \"Impression\", \"type\": \"text\"}, {\"name\": \"Recommendations\", \"type\": \"text\"}]','[{\"name\": \"clinicalHistory\", \"type\": \"text\", \"required\": true}, {\"name\": \"impression\", \"type\": \"text\", \"required\": true}, {\"name\": \"recommendations\", \"type\": \"text\", \"required\": false}]',1,1,NULL,'1.0',0,'2025-09-11 08:55:16','2025-09-11 08:55:16');
/*!40000 ALTER TABLE `report_templates` ENABLE KEYS */;
UNLOCK TABLES;

--
-- Table structure for table `reports`
--

DROP TABLE IF EXISTS `reports`;
/*!40101 SET @saved_cs_client     = @@character_set_client */;
/*!50503 SET character_set_client = utf8mb4 */;
CREATE TABLE `reports` (
  `id` char(36) CHARACTER SET utf8mb4 COLLATE utf8mb4_bin NOT NULL,
  `order_id` char(36) CHARACTER SET utf8mb4 COLLATE utf8mb4_bin NOT NULL,
  `radiologist_id` char(36) CHARACTER SET utf8mb4 COLLATE utf8mb4_bin NOT NULL,
  `template_id` char(36) CHARACTER SET utf8mb4 COLLATE utf8mb4_bin DEFAULT NULL,
  `report_number` varchar(50) NOT NULL,
  `status` enum('draft','preliminary','final','amended','cancelled') NOT NULL DEFAULT 'draft',
  `title` varchar(200) NOT NULL,
  `clinical_history` text,
  `technique` text,
  `findings` text,
  `impression` text,
  `recommendations` text,
  `critical_findings` tinyint(1) DEFAULT '0',
  `critical_findings_text` text,
  `voice_dictation_file` varchar(500) DEFAULT NULL,
  `voice_dictation_text` text,
  `measurements` json DEFAULT NULL COMMENT 'JSON array of measurements and annotations',
  `comparison_studies` json DEFAULT NULL COMMENT 'JSON array of comparison study references',
  `quality_score` int DEFAULT NULL,
  `quality_comments` text,
  `reviewed_by` char(36) CHARACTER SET utf8mb4 COLLATE utf8mb4_bin DEFAULT NULL,
  `reviewed_at` datetime DEFAULT NULL,
  `verified_by` char(36) CHARACTER SET utf8mb4 COLLATE utf8mb4_bin DEFAULT NULL,
  `verified_at` datetime DEFAULT NULL,
  `created_date` datetime NOT NULL,
  `finalized_date` datetime DEFAULT NULL,
  `is_active` tinyint(1) DEFAULT '1',
  `metadata` json DEFAULT NULL COMMENT 'Additional metadata for the report',
  `created_at` datetime NOT NULL,
  `updated_at` datetime NOT NULL,
  PRIMARY KEY (`id`),
  UNIQUE KEY `report_number` (`report_number`),
  UNIQUE KEY `report_number_2` (`report_number`),
  UNIQUE KEY `report_number_3` (`report_number`),
  UNIQUE KEY `report_number_4` (`report_number`),
  UNIQUE KEY `report_number_5` (`report_number`),
  UNIQUE KEY `report_number_6` (`report_number`),
  UNIQUE KEY `report_number_7` (`report_number`),
  UNIQUE KEY `report_number_8` (`report_number`),
  UNIQUE KEY `report_number_9` (`report_number`),
  UNIQUE KEY `report_number_10` (`report_number`),
  UNIQUE KEY `report_number_11` (`report_number`),
  UNIQUE KEY `report_number_12` (`report_number`),
  UNIQUE KEY `report_number_13` (`report_number`),
  UNIQUE KEY `report_number_14` (`report_number`),
  UNIQUE KEY `report_number_15` (`report_number`),
  UNIQUE KEY `report_number_16` (`report_number`),
  UNIQUE KEY `report_number_17` (`report_number`),
  UNIQUE KEY `report_number_18` (`report_number`),
  UNIQUE KEY `report_number_19` (`report_number`),
  UNIQUE KEY `report_number_20` (`report_number`),
  UNIQUE KEY `report_number_21` (`report_number`),
  UNIQUE KEY `report_number_22` (`report_number`),
  UNIQUE KEY `report_number_23` (`report_number`),
  UNIQUE KEY `report_number_24` (`report_number`),
  UNIQUE KEY `report_number_25` (`report_number`),
  UNIQUE KEY `report_number_26` (`report_number`),
  UNIQUE KEY `report_number_27` (`report_number`),
  UNIQUE KEY `report_number_28` (`report_number`),
  UNIQUE KEY `report_number_29` (`report_number`),
  UNIQUE KEY `report_number_30` (`report_number`),
  UNIQUE KEY `report_number_31` (`report_number`),
  UNIQUE KEY `report_number_32` (`report_number`),
  UNIQUE KEY `report_number_33` (`report_number`),
  UNIQUE KEY `report_number_34` (`report_number`),
  UNIQUE KEY `report_number_35` (`report_number`),
  UNIQUE KEY `report_number_36` (`report_number`),
  UNIQUE KEY `report_number_37` (`report_number`),
  UNIQUE KEY `report_number_38` (`report_number`),
  UNIQUE KEY `report_number_39` (`report_number`),
  UNIQUE KEY `report_number_40` (`report_number`),
  UNIQUE KEY `report_number_41` (`report_number`),
  UNIQUE KEY `report_number_42` (`report_number`),
  UNIQUE KEY `report_number_43` (`report_number`),
  UNIQUE KEY `report_number_44` (`report_number`),
  UNIQUE KEY `report_number_45` (`report_number`),
  UNIQUE KEY `report_number_46` (`report_number`),
  UNIQUE KEY `report_number_47` (`report_number`),
  UNIQUE KEY `report_number_48` (`report_number`),
  UNIQUE KEY `report_number_49` (`report_number`),
  UNIQUE KEY `report_number_50` (`report_number`),
  UNIQUE KEY `report_number_51` (`report_number`),
  UNIQUE KEY `report_number_52` (`report_number`),
  UNIQUE KEY `report_number_53` (`report_number`),
  UNIQUE KEY `report_number_54` (`report_number`),
  UNIQUE KEY `report_number_55` (`report_number`),
  UNIQUE KEY `report_number_56` (`report_number`),
  KEY `order_id` (`order_id`),
  KEY `radiologist_id` (`radiologist_id`),
  KEY `template_id` (`template_id`),
  KEY `reviewed_by` (`reviewed_by`),
  KEY `verified_by` (`verified_by`),
  CONSTRAINT `reports_ibfk_276` FOREIGN KEY (`order_id`) REFERENCES `orders` (`id`) ON DELETE CASCADE ON UPDATE CASCADE,
  CONSTRAINT `reports_ibfk_277` FOREIGN KEY (`radiologist_id`) REFERENCES `users` (`id`) ON UPDATE CASCADE,
  CONSTRAINT `reports_ibfk_278` FOREIGN KEY (`template_id`) REFERENCES `report_templates` (`id`) ON DELETE SET NULL ON UPDATE CASCADE,
  CONSTRAINT `reports_ibfk_279` FOREIGN KEY (`reviewed_by`) REFERENCES `users` (`id`) ON DELETE SET NULL ON UPDATE CASCADE,
  CONSTRAINT `reports_ibfk_280` FOREIGN KEY (`verified_by`) REFERENCES `users` (`id`) ON DELETE SET NULL ON UPDATE CASCADE
) ENGINE=InnoDB DEFAULT CHARSET=utf8mb4 COLLATE=utf8mb4_0900_ai_ci;
/*!40101 SET character_set_client = @saved_cs_client */;

--
-- Dumping data for table `reports`
--

LOCK TABLES `reports` WRITE;
/*!40000 ALTER TABLE `reports` DISABLE KEYS */;
INSERT INTO `reports` VALUES ('07918bfc-6131-4319-9d7c-cc8fd6d09446','5f7ecbed-87a5-41c6-848e-c3d3ba6cc95c','5f626882-288a-41b0-83e1-8fade70b18b3',NULL,'RPT-1762234396107-EDV93MORX','preliminary','Axial and coronal CT images with and without contrast.','no','Axial and coronal CT images with and without contrast.','Normal attenuation values. No evidence of acute pathology. Normal anatomical structures are preserved. No abnormal enhancement following contrast administration.','Normal CT study. No acute abnormality.','1st read',0,NULL,NULL,NULL,NULL,NULL,5,'verified','5f626882-288a-41b0-83e1-8fade70b18b3','2025-11-04 05:34:53',NULL,NULL,'2025-11-04 05:33:16',NULL,1,'{\"source\": \"pacs\", \"pacsData\": {\"id\": 3, \"studyId\": \"unknown\", \"findings\": \"Normal attenuation values. No evidence of acute pathology. Normal anatomical structures are preserved. No abnormal enhancement following contrast administration.\", \"modality\": \"Unknown\", \"createdAt\": \"2025-11-04 05:33:00\", \"updatedAt\": \"2025-11-04 05:33:00\", \"impression\": \"Normal CT study. No acute abnormality.\", \"instanceId\": \"b2185156-4a96-4702-9fe1-ea80c5d4acfa\", \"templateId\": \"50512\", \"comparisons\": \"No prior studies available for comparison.\", \"sopInstanceUID\": \"de04cc0f-0052-4add-8a69-feb46e32cf79\", \"instanceInternalId\": 24, \"clinicalInformation\": \"Exam Date: [DATE] Exam Type: CT Chest PE Name of Patient: [PATIENT NAME] Date of Birth: [DOB] Clinical History: [CLINICAL HISTORY]\", \"procedureInformation\": \"Axial and coronal CT images with and without contrast.\"}, \"importedAt\": \"2025-11-04T05:33:16.107Z\"}','2025-11-04 05:33:16','2025-11-04 05:34:53'),('0b960406-c561-41ba-894a-107e589c2880','b0fa0b35-61d4-4826-8330-108c07f85910','5f626882-288a-41b0-83e1-8fade70b18b3',NULL,'RPT-1762275013711-7MKR7Q7QG','draft','Sagittal T1, T2, STIR, Axial T1, T2, and Coronal T2 sequences.','Nil','Sagittal T1, T2, STIR, Axial T1, T2, and Coronal T2 sequences.','Normal signal intensity throughout. No evidence of acute pathology. Normal anatomical structures are preserved. No abnormal enhancement following contrast administration.','Normal MRI study. No acute abnormality.',NULL,0,NULL,NULL,NULL,NULL,NULL,NULL,NULL,NULL,NULL,NULL,NULL,'2025-11-04 16:50:13',NULL,1,'{\"source\": \"pacs\", \"pacsData\": {\"id\": 8, \"studyId\": \"unknown\", \"findings\": \"Normal signal intensity throughout. No evidence of acute pathology. Normal anatomical structures are preserved. No abnormal enhancement following contrast administration.\", \"modality\": \"Unknown\", \"createdAt\": \"2025-11-04 16:49:48\", \"updatedAt\": \"2025-11-04 16:49:48\", \"impression\": \"Normal MRI study. No acute abnormality.\", \"instanceId\": \"0062a47a-75d7-4719-9ab7-e61439e3cabc\", \"templateId\": \"50860\", \"comparisons\": \"No prior studies available for comparison.\", \"sopInstanceUID\": \"d98ea26f-d58d-4f99-aef8-b70f8d80558e\", \"instanceInternalId\": 72, \"clinicalInformation\": \"Exam Date: [DATE] Exam Type: CT and MR Liver - LI-RADS Name of Patient: [PATIENT NAME] Date of Birth: [DOB] Clinical History: [CLINICAL HISTORY]\", \"procedureInformation\": \"Sagittal T1, T2, STIR, Axial T1, T2, and Coronal T2 sequences.\"}, \"importedAt\": \"2025-11-04T16:50:13.711Z\"}','2025-11-04 16:50:13','2025-11-04 16:50:13'),('152bc0dd-3320-414a-8597-c20371ca411b','bb56ab07-fa1d-4a08-98d0-cfa8969af645','5f626882-288a-41b0-83e1-8fade70b18b3',NULL,'RPT-1762424145415-3379TRZ6A','draft','Axial and coronal CT images with and without contrast.','ss','Axial and coronal CT images with and without contrast.','Normal attenuation values. No evidence of acute pathology. Normal anatomical structures are preserved. No abnormal enhancement following contrast administration.','Normal CT study. No acute abnormality.',NULL,0,NULL,NULL,NULL,NULL,NULL,NULL,NULL,NULL,NULL,NULL,NULL,'2025-11-06 10:15:45',NULL,1,'{\"source\": \"pacs\", \"pacsData\": {\"id\": 9, \"studyId\": \"unknown\", \"findings\": \"Normal attenuation values. No evidence of acute pathology. Normal anatomical structures are preserved. No abnormal enhancement following contrast administration.\", \"modality\": \"Unknown\", \"createdAt\": \"2025-11-06 10:15:00\", \"updatedAt\": \"2025-11-06 10:15:00\", \"impression\": \"Normal CT study. No acute abnormality.\", \"instanceId\": \"d9a42f65-f55d-4c6c-836c-cd70b370c647\", \"templateId\": \"50829\", \"comparisons\": \"No prior studies available for comparison.\", \"sopInstanceUID\": \"008562f8-ecac-40b3-ae68-d5931739cd3b\", \"instanceInternalId\": 76, \"clinicalInformation\": \"Exam Date: [DATE] Exam Type: CT Angiography or CT Enterography - GI Bleed Name of Patient: [PATIENT NAME] Date of Birth: [DOB] Clinical History: [CLINICAL HISTORY]\", \"procedureInformation\": \"Axial and coronal CT images with and without contrast.\"}, \"importedAt\": \"2025-11-06T10:15:45.415Z\"}','2025-11-06 10:15:45','2025-11-06 10:15:45'),('263bd91a-89a7-4815-bdb3-a24ecd47bf1c','4f4ed141-a69f-4bfa-80b5-35542cfafee3','5f626882-288a-41b0-83e1-8fade70b18b3',NULL,'RPT-1762081837371-GRDCBWB5G','draft','CC and MLO mammographic views.','ss','CC and MLO mammographic views.','No suspicious masses or calcifications. Normal breast parenchyma. No architectural distortion. BI-RADS Category 1: Negative.','BI-RADS Category 1: Negative. No evidence of malignancy.',NULL,0,NULL,NULL,NULL,NULL,NULL,NULL,NULL,NULL,NULL,NULL,NULL,'2025-11-02 11:10:37',NULL,1,'{\"source\": \"pacs\", \"pacsData\": {\"id\": 1, \"studyId\": \"unknown\", \"findings\": \"No suspicious masses or calcifications. Normal breast parenchyma. No architectural distortion. BI-RADS Category 1: Negative.\", \"modality\": \"Unknown\", \"createdAt\": \"2025-11-02 11:10:19\", \"updatedAt\": \"2025-11-02 11:10:19\", \"impression\": \"BI-RADS Category 1: Negative. No evidence of malignancy.\", \"instanceId\": \"1e62c22c-c1b7-46ea-9c54-cd6ebd709e3f\", \"templateId\": \"50524\", \"comparisons\": \"No prior studies available for comparison.\", \"sopInstanceUID\": \"8e0d0cce-977a-4cb6-9f9b-21d9df998338\", \"instanceInternalId\": 12, \"clinicalInformation\": \"Exam Date: [DATE] Exam Type: CDE: BI-RADS Assessment Categories -TEST Name of Patient: [PATIENT NAME] Date of Birth: [DOB] Clinical History: [CLINICAL HISTORY]\", \"procedureInformation\": \"CC and MLO mammographic views.\"}, \"importedAt\": \"2025-11-02T11:10:37.371Z\"}','2025-11-02 11:10:37','2025-11-02 11:10:37'),('3385dee3-3ac1-4687-b904-fa03f6947a4a','017c9088-02ea-4a27-9e32-50c3697da4b8','5f626882-288a-41b0-83e1-8fade70b18b3',NULL,'RPT-1762233537883-3ZYU94KCD','draft','Axial and coronal CT images with and without contrast. abdomen ','nil','Axial and coronal CT images with and without contrast. abdomen ','Normal attenuation values. No evidence of acute pathology. Normal anatomical structures are preserved. No abnormal enhancement following contrast administration.','Normal CT study. No acute abnormality.',NULL,0,NULL,NULL,NULL,NULL,NULL,NULL,NULL,NULL,NULL,NULL,NULL,'2025-11-04 05:18:57',NULL,1,'{\"source\": \"pacs\", \"pacsData\": {\"id\": 2, \"studyId\": \"unknown\", \"findings\": \"Normal attenuation values. No evidence of acute pathology. Normal anatomical structures are preserved. No abnormal enhancement following contrast administration.\", \"modality\": \"Unknown\", \"createdAt\": \"2025-11-04 05:18:17\", \"updatedAt\": \"2025-11-04 05:18:17\", \"impression\": \"Normal CT study. No acute abnormality.\", \"instanceId\": \"6089de48-223d-4d34-ac82-b8244cbf811b\", \"templateId\": \"50512\", \"comparisons\": \"No prior studies available for comparison.\", \"sopInstanceUID\": \"d75e8181-ff91-4f1c-b875-b95e8e2a5c5f\", \"instanceInternalId\": 16, \"clinicalInformation\": \"Exam Date: [DATE] Exam Type: CT Chest PE Name of Patient: [PATIENT NAME] Date of Birth: [DOB] Clinical History: [CLINICAL HISTORY]\", \"procedureInformation\": \"Axial and coronal CT images with and without contrast. abdomen \"}, \"importedAt\": \"2025-11-04T05:18:57.883Z\"}','2025-11-04 05:18:57','2025-11-04 05:18:57'),('4ae59bbb-158b-48bb-9e27-d33134d68774','d9a2fcfc-51b7-4eec-b04e-38152906e4f9','5f626882-288a-41b0-83e1-8fade70b18b3',NULL,'RPT-1762235966896-8N3FGS66N','draft','PA and lateral chest radiographs. verified','no','PA and lateral chest radiographs. verified','Clear lung fields bilaterally. Normal cardiac silhouette. No acute cardiopulmonary process. Normal mediastinal contours.','Normal chest radiograph. No acute cardiopulmonary process.',NULL,0,NULL,NULL,NULL,NULL,NULL,NULL,NULL,NULL,NULL,NULL,NULL,'2025-11-04 05:59:26',NULL,1,'{\"source\": \"pacs\", \"pacsData\": {\"id\": 4, \"studyId\": \"unknown\", \"findings\": \"Clear lung fields bilaterally. Normal cardiac silhouette. No acute cardiopulmonary process. Normal mediastinal contours.\", \"modality\": \"Unknown\", \"createdAt\": \"2025-11-04 05:58:58\", \"updatedAt\": \"2025-11-04 05:58:58\", \"impression\": \"Normal chest radiograph. No acute cardiopulmonary process.\", \"instanceId\": \"2ec7bf1e-fd72-4873-b1cf-6ab8bceece60\", \"templateId\": \"144\", \"comparisons\": \"No prior studies available for comparison.\", \"sopInstanceUID\": \"2b6f08b6-2127-4d30-b9e6-6096529a8d02\", \"instanceInternalId\": 32, \"clinicalInformation\": \"Exam Date: [DATE] Exam Type: Chest Xray - 2 Views Name of Patient: [PATIENT NAME] Date of Birth: [DOB] Clinical History: [CLINICAL HISTORY]\", \"procedureInformation\": \"PA and lateral chest radiographs. verified\"}, \"importedAt\": \"2025-11-04T05:59:26.896Z\"}','2025-11-04 05:59:26','2025-11-04 05:59:26'),('562422e2-43e0-411a-ae5f-c817b7dc3b0e','e0643e70-e458-48ef-ba17-ef89b63d748c','f29ce7b0-bf29-4647-a219-7a91c99486c2',NULL,'RPT-1757580923967-001','final','Chest X-Ray - Routine','Patient presents with persistent cough for 2 weeks','Frontal and lateral chest radiographs','The lungs are clear bilaterally. The cardiac silhouette is normal in size and configuration. The mediastinal structures are unremarkable. The bony structures are intact.','No acute cardiopulmonary process. No evidence of pneumonia.','Clinical correlation recommended. Consider follow-up if symptoms persist.',0,NULL,NULL,NULL,NULL,NULL,NULL,NULL,NULL,NULL,NULL,NULL,'2025-09-11 08:55:23',NULL,1,NULL,'2025-09-11 08:55:23','2025-09-11 08:55:23'),('5d4c1b79-32db-450f-9dcd-3eddabdc526c','b5b6f0fd-2c03-4d62-b2d0-81796f3c08e8','cbb0dda8-105a-48e7-a22d-db9ce0b8d8a2',NULL,'RPT-1762256817600-Z4T0PXDGZ','draft','CTA Heart Fractional Flow Reserve ','aa','Axial and coronal CT images with and without contrast.','The image shows sagittal section of the cervical spine. The alignment appears to be intact with normal curvature. The vertebral bodies are well-aligned with no obvious compression fractures. Intervertebral disc spaces are normal without apparent degeneration. No abnormal masses or lesions are visible within this section.','The findings suggest a normal cervical spine with no apparent acute pathology.','If clinical symptoms persist, consider follow-up with additional imaging or clinical correlation.',0,NULL,NULL,NULL,NULL,NULL,NULL,NULL,NULL,NULL,NULL,NULL,'2025-11-04 11:46:57',NULL,1,NULL,'2025-11-04 11:46:57','2025-11-04 11:47:03'),('71eec6ae-9da6-44e6-a89c-cf9f1d755e94','c8b4a068-8e28-4c57-a21d-e3b68f909af1','5f626882-288a-41b0-83e1-8fade70b18b3',NULL,'RPT-1758621137161-4RRP8GWLB','draft','PA and lateral chest radiographs.','s','PA and lateral chest radiographs.','Clear lung fields bilaterally. Normal cardiac silhouette. No acute cardiopulmonary process. Normal mediastinal contours.','Normal chest radiograph. No acute cardiopulmonary process.',NULL,0,NULL,NULL,NULL,NULL,NULL,NULL,NULL,NULL,NULL,NULL,NULL,'2025-09-23 09:52:17',NULL,1,'{\"source\": \"pacs\", \"pacsData\": {\"id\": 7, \"studyId\": \"unknown\", \"findings\": \"Clear lung fields bilaterally. Normal cardiac silhouette. No acute cardiopulmonary process. Normal mediastinal contours.\", \"modality\": \"Unknown\", \"createdAt\": \"2025-09-23 09:52:06\", \"updatedAt\": \"2025-09-23 09:52:06\", \"impression\": \"Normal chest radiograph. No acute cardiopulmonary process.\", \"instanceId\": \"be5a9bbf-93f6-40ed-8b54-81cfe4d3fd4f\", \"templateId\": \"50830\", \"comparisons\": \"No prior studies available for comparison.\", \"sopInstanceUID\": \"934d9dea-b5a7-4376-ac1e-5d3c0d609c58\", \"instanceInternalId\": 8110, \"clinicalInformation\": \"Exam Date: [DATE] Exam Type: CT report - COVID-19 Name of Patient: [PATIENT NAME] Date of Birth: [DOB] Clinical History: [CLINICAL HISTORY]\", \"procedureInformation\": \"PA and lateral chest radiographs.\"}, \"importedAt\": \"2025-09-23T09:52:17.161Z\"}','2025-09-23 09:52:17','2025-09-23 09:52:17'),('a7fc0cc2-ba45-4be8-b263-d1b6719226eb','2054d395-b542-4df4-b6f6-3f387d517046','5f626882-288a-41b0-83e1-8fade70b18b3',NULL,'RPT-1762236697325-T7EQBSDVV','draft','Axial and coronal CT images with and without contrast.','nil','Axial and coronal CT images with and without contrast.','Normal attenuation values. No evidence of acute pathology. Normal anatomical structures are preserved. No abnormal enhancement following contrast administration.','Normal CT study. No acute abnormality.',NULL,0,NULL,NULL,NULL,NULL,NULL,NULL,NULL,NULL,NULL,NULL,NULL,'2025-11-04 06:11:37',NULL,1,'{\"source\": \"pacs\", \"pacsData\": {\"id\": 5, \"studyId\": \"unknown\", \"findings\": \"Normal attenuation values. No evidence of acute pathology. Normal anatomical structures are preserved. No abnormal enhancement following contrast administration.\", \"modality\": \"Unknown\", \"createdAt\": \"2025-11-04 06:09:54\", \"updatedAt\": \"2025-11-04 06:09:54\", \"impression\": \"Normal CT study. No acute abnormality.\", \"instanceId\": \"ebd06058-4f68-4121-babb-b0cf399fa2bb\", \"templateId\": \"50829\", \"comparisons\": \"No prior studies available for comparison.\", \"sopInstanceUID\": \"63477f5f-b27d-4b0c-987a-95c352b25e5c\", \"instanceInternalId\": 36, \"clinicalInformation\": \"Exam Date: [DATE] Exam Type: CT Angiography or CT Enterography - GI Bleed Name of Patient: [PATIENT NAME] Date of Birth: [DOB] Clinical History: [CLINICAL HISTORY]\", \"procedureInformation\": \"Axial and coronal CT images with and without contrast.\"}, \"importedAt\": \"2025-11-04T06:11:37.325Z\"}','2025-11-04 06:11:37','2025-11-04 06:11:37'),('d47db9e3-fc83-491e-a271-c234d6fa0c32','ca523212-818c-41c6-9e5c-f8cdca3e09fa','5f626882-288a-41b0-83e1-8fade70b18b3',NULL,'RPT-1758274979572-4UU5UXVMS','preliminary','CC and MLO mammographic views.','ss','CC and MLO mammographic views.','Benign calcifications. No suspicious masses. No architectural distortion.','BI-RADS Category 2: Benign findings.','tetststs',0,NULL,NULL,NULL,NULL,NULL,4,'test','5f626882-288a-41b0-83e1-8fade70b18b3','2025-09-19 09:54:52',NULL,NULL,'2025-09-19 09:42:59',NULL,1,'{\"source\": \"pacs\", \"pacsData\": {\"id\": 2, \"studyId\": \"05014486-e16d-4120-ad28-bd75bb7a2a7a\", \"findings\": \"Benign calcifications. No suspicious masses. No architectural distortion.\", \"modality\": \"MG\", \"createdAt\": \"2025-09-18 09:51:22\", \"updatedAt\": \"2025-09-19 05:46:20\", \"impression\": \"BI-RADS Category 2: Benign findings.\", \"instanceId\": \"316d0908-e49c-4322-a1bc-b0e65d35b77b\", \"templateId\": \"50524\", \"comparisons\": \"No prior studies available for comparison.\", \"sopInstanceUID\": \"65d4e682-cb60-4eda-8224-221136168903\", \"instanceInternalId\": 51, \"clinicalInformation\": \"Exam Date: 2025-09-18; Exam Type: BI-RADS; Patient: Jane Smith; DOB: 1980-02-10; Clinical History: Routine screening.\", \"procedureInformation\": \"CC and MLO mammographic views.\"}, \"importedAt\": \"2025-09-19T09:42:59.572Z\"}','2025-09-19 09:42:59','2025-09-19 09:54:52'),('ded7969e-00b6-40aa-9a31-09f86d54cb9b','f0cf9f54-7c44-4bf0-b825-45422ef82c9a','f29ce7b0-bf29-4647-a219-7a91c99486c2',NULL,'RPT-1757580923967-002','preliminary','CT Chest with Contrast','Breast cancer survivor with new chest pain','CT of the chest with intravenous contrast','No evidence of pulmonary nodules or masses. The mediastinal structures are unremarkable. No pleural effusion.','No evidence of metastatic disease. No acute findings.','Continue routine surveillance as per oncology protocol.',0,NULL,NULL,NULL,NULL,NULL,NULL,NULL,NULL,NULL,NULL,NULL,'2025-09-11 08:55:23',NULL,1,NULL,'2025-09-11 08:55:23','2025-09-11 08:55:23'),('e5014a85-1fda-4809-ae1c-4797617916a9','58cd6d20-6f07-4d10-aefd-6328378a8692','5f626882-288a-41b0-83e1-8fade70b18b3',NULL,'RPT-1758624053317-L71M12IEY','preliminary','PA and lateral chest radiographs.','test','PA and lateral chest radiographs.','Clear lung fields bilaterally. Normal cardiac silhouette. No acute cardiopulmonary process. Normal mediastinal contours.','Normal chest radiograph. No acute cardiopulmonary process.','tetstst',0,NULL,NULL,NULL,NULL,NULL,5,'test','5f626882-288a-41b0-83e1-8fade70b18b3','2025-09-23 10:41:21',NULL,NULL,'2025-09-23 10:40:53',NULL,1,'{\"source\": \"pacs\", \"pacsData\": {\"id\": 8, \"studyId\": \"unknown\", \"findings\": \"Clear lung fields bilaterally. Normal cardiac silhouette. No acute cardiopulmonary process. Normal mediastinal contours.\", \"modality\": \"Unknown\", \"createdAt\": \"2025-09-23 10:33:38\", \"updatedAt\": \"2025-09-23 10:33:38\", \"impression\": \"Normal chest radiograph. No acute cardiopulmonary process.\", \"instanceId\": \"07c2999e-5262-48d5-b10b-67102cf2806a\", \"templateId\": \"50830\", \"comparisons\": \"No prior studies available for comparison.\", \"sopInstanceUID\": \"91db4356-a725-4a6d-9e23-895ee16c5599\", \"instanceInternalId\": 8114, \"clinicalInformation\": \"Exam Date: [DATE] Exam Type: CT report - COVID-19 Name of Patient: [PATIENT NAME] Date of Birth: [DOB] Clinical History: [CLINICAL HISTORY]\", \"procedureInformation\": \"PA and lateral chest radiographs.\"}, \"importedAt\": \"2025-09-23T10:40:53.317Z\"}','2025-09-23 10:40:53','2025-09-23 10:41:21');
/*!40000 ALTER TABLE `reports` ENABLE KEYS */;
UNLOCK TABLES;

--
-- Table structure for table `role_permissions`
--

DROP TABLE IF EXISTS `role_permissions`;
/*!40101 SET @saved_cs_client     = @@character_set_client */;
/*!50503 SET character_set_client = utf8mb4 */;
CREATE TABLE `role_permissions` (
  `id` char(36) CHARACTER SET utf8mb4 COLLATE utf8mb4_bin NOT NULL,
  `role_id` char(36) CHARACTER SET utf8mb4 COLLATE utf8mb4_bin NOT NULL,
  `permission_id` char(36) CHARACTER SET utf8mb4 COLLATE utf8mb4_bin NOT NULL,
  `assigned_by` char(36) CHARACTER SET utf8mb4 COLLATE utf8mb4_bin DEFAULT NULL,
  `assigned_at` datetime DEFAULT NULL,
  `is_active` tinyint(1) DEFAULT '1',
  PRIMARY KEY (`id`),
  UNIQUE KEY `role_permissions_permissionId_roleId_unique` (`role_id`,`permission_id`),
  KEY `permission_id` (`permission_id`),
  KEY `assigned_by` (`assigned_by`),
  CONSTRAINT `role_permissions_ibfk_175` FOREIGN KEY (`role_id`) REFERENCES `roles` (`id`) ON DELETE CASCADE ON UPDATE CASCADE,
  CONSTRAINT `role_permissions_ibfk_176` FOREIGN KEY (`permission_id`) REFERENCES `permissions` (`id`) ON DELETE CASCADE ON UPDATE CASCADE,
  CONSTRAINT `role_permissions_ibfk_177` FOREIGN KEY (`assigned_by`) REFERENCES `users` (`id`)
) ENGINE=InnoDB DEFAULT CHARSET=utf8mb4 COLLATE=utf8mb4_0900_ai_ci;
/*!40101 SET character_set_client = @saved_cs_client */;

--
-- Dumping data for table `role_permissions`
--

LOCK TABLES `role_permissions` WRITE;
/*!40000 ALTER TABLE `role_permissions` DISABLE KEYS */;
INSERT INTO `role_permissions` VALUES ('0728b6cb-d4fb-41da-ba28-801825245f70','3f121cbd-0f46-4a97-9cb7-8b2782307c6b','19a4c5fe-057e-4031-8318-133d21feb9d5',NULL,'2025-09-11 08:55:16',1),('099c699f-9179-4efb-be88-4c363c1a564b','b488b38f-9077-4711-a439-7e549df95e1e','0073ba01-9fe5-4f0a-bb24-46ef80fcd1ba',NULL,'2025-09-11 08:55:16',1),('0e3259a9-dac7-4ba0-9e35-d2ddd11d6bae','b488b38f-9077-4711-a439-7e549df95e1e','71ce6ccc-66e8-41f4-b858-03755241bfb0',NULL,'2025-09-11 08:55:16',1),('11f357c4-624d-4151-b22e-b58c526c616d','3f121cbd-0f46-4a97-9cb7-8b2782307c6b','4bd0283d-6882-4417-b4c7-a87c4d703eed',NULL,'2025-09-11 08:55:16',1),('123d2036-7724-4c42-98e5-4d4c0f59218c','48f57040-2d9d-42e4-a990-0ba753e67382','444455e7-0a99-40eb-8ac6-26b626cd1ba6',NULL,'2025-09-11 08:55:16',1),('14872141-323d-4f84-baa3-ad8752599931','3f121cbd-0f46-4a97-9cb7-8b2782307c6b','3725e58d-e05f-4b07-a29a-c9c5cc1959a9',NULL,'2025-09-11 08:55:16',1),('14e957d3-e7c6-4c8d-ad56-034a6ecab6ab','b488b38f-9077-4711-a439-7e549df95e1e','3725e58d-e05f-4b07-a29a-c9c5cc1959a9',NULL,'2025-09-11 08:55:16',1),('1539994a-0f10-42c8-a274-769bfdb55095','b488b38f-9077-4711-a439-7e549df95e1e','79c428d5-6f91-4f7e-b11f-ce1a628260bb',NULL,'2025-09-11 08:55:16',1),('16b2e830-0ca4-4c05-a952-5996d774a884','b488b38f-9077-4711-a439-7e549df95e1e','beb63743-518b-4f5c-8daf-7445d8c73bdf',NULL,'2025-09-11 08:55:16',1),('173da0a5-6734-47ee-89fd-bcd66142f195','1cc9cdbb-c749-46c3-aef0-17182c763bdd','c92e97c0-9547-420d-9302-768213614b3c',NULL,'2025-09-11 08:55:16',1),('192e2c11-5ab1-426e-b7e2-124e3bce3604','445722d5-d957-4639-b6b8-3915bd600f63','fbf8f4c5-4967-405f-a5c9-ed26155cbf2e',NULL,'2025-09-22 05:05:38',1),('1ac30100-5342-4c22-b5df-42a00a321765','b488b38f-9077-4711-a439-7e549df95e1e','10034454-bd21-47d6-9466-c22d9076d3ae',NULL,'2025-09-11 08:55:16',1),('2138b482-a24d-4fa5-b9fa-fdb4ef00f62a','17773eed-1ed1-41ec-b260-3a3611ccab3d','bfc97454-368a-4cd6-a7d3-62931cac676a',NULL,'2025-09-11 08:55:16',1),('213ec17e-df72-439f-8601-c3708273a0ca','b488b38f-9077-4711-a439-7e549df95e1e','4bd0283d-6882-4417-b4c7-a87c4d703eed',NULL,'2025-09-11 08:55:16',1),('22251af5-63d2-4877-b3d3-5699cf4f8f2a','445722d5-d957-4639-b6b8-3915bd600f63','0073ba01-9fe5-4f0a-bb24-46ef80fcd1ba',NULL,'2025-09-11 08:55:16',1),('2651438b-36ac-45a8-99e6-24b94d4da124','b488b38f-9077-4711-a439-7e549df95e1e','330387e7-4b4a-4f07-8a6d-38d8688b7c32',NULL,'2025-09-11 08:55:16',1),('27408ff5-21ed-4e0f-9bc8-b15beb059490','3f121cbd-0f46-4a97-9cb7-8b2782307c6b','ec2a450a-c227-4a71-ada6-0bba3ce232eb',NULL,'2025-09-11 08:55:16',1),('27c861da-a006-4aa4-ac37-96eef3baad36','48f57040-2d9d-42e4-a990-0ba753e67382','0073ba01-9fe5-4f0a-bb24-46ef80fcd1ba',NULL,'2025-09-11 08:55:16',1),('283139f9-2afa-44bc-a5a3-a97359a5f0f1','445722d5-d957-4639-b6b8-3915bd600f63','4bd0283d-6882-4417-b4c7-a87c4d703eed',NULL,'2025-09-11 08:55:16',1),('2835c7be-c16a-4195-8d85-dbe0fd184af5','17773eed-1ed1-41ec-b260-3a3611ccab3d','330387e7-4b4a-4f07-8a6d-38d8688b7c32',NULL,'2025-09-11 08:55:16',1),('2a95b409-01bd-49ee-b9b8-5d2b0e1cdb2b','17773eed-1ed1-41ec-b260-3a3611ccab3d','d63f5e17-4de0-4f6f-9618-5c914902de7e',NULL,'2025-09-11 08:55:16',1),('2c9ba575-0061-441d-95a3-5770e9d2d485','17773eed-1ed1-41ec-b260-3a3611ccab3d','19a4c5fe-057e-4031-8318-133d21feb9d5',NULL,'2025-09-11 08:55:16',1),('33c4f412-c1a7-4774-99ae-bb81c703a2fd','17773eed-1ed1-41ec-b260-3a3611ccab3d','bba8d228-3b95-4c0a-a0c0-1db3a7e0d428',NULL,'2025-09-11 08:55:16',1),('36158d79-9471-483d-b1aa-691f90963062','17773eed-1ed1-41ec-b260-3a3611ccab3d','0073ba01-9fe5-4f0a-bb24-46ef80fcd1ba',NULL,'2025-09-11 08:55:16',1),('365baf80-2cf2-4a20-bc68-f9238bfea0ee','445722d5-d957-4639-b6b8-3915bd600f63','beb63743-518b-4f5c-8daf-7445d8c73bdf',NULL,'2025-09-11 08:55:16',1),('382ea4cc-3066-4877-9fb3-deb2ff21a6f9','445722d5-d957-4639-b6b8-3915bd600f63','ec2a450a-c227-4a71-ada6-0bba3ce232eb',NULL,'2025-09-11 08:55:16',1),('387d18ad-5752-4c81-9f95-85833fa2eefa','48f57040-2d9d-42e4-a990-0ba753e67382','abbde4f0-5361-4691-8d12-40de06b299e4',NULL,'2025-09-11 08:55:16',1),('3abb62cf-61a5-4b8f-8810-590f883c58e6','17773eed-1ed1-41ec-b260-3a3611ccab3d','10034454-bd21-47d6-9466-c22d9076d3ae',NULL,'2025-09-11 08:55:16',1),('3cab0928-7297-40bb-baad-2ae904bb80dd','b488b38f-9077-4711-a439-7e549df95e1e','597e4615-a0d2-4183-80f6-901e2b65aad4',NULL,'2025-09-11 08:55:16',1),('3d714491-d5bc-4bb4-a4f1-396b8136ef1e','b488b38f-9077-4711-a439-7e549df95e1e','abbde4f0-5361-4691-8d12-40de06b299e4',NULL,'2025-09-11 08:55:16',1),('3efe02ac-0661-44d5-abd9-ccf2e326271f','48f57040-2d9d-42e4-a990-0ba753e67382','ec2a450a-c227-4a71-ada6-0bba3ce232eb',NULL,'2025-09-11 08:55:16',1),('3f4b919e-f64f-4e23-ac8e-6af8f8a54d8c','445722d5-d957-4639-b6b8-3915bd600f63','10034454-bd21-47d6-9466-c22d9076d3ae',NULL,'2025-09-11 08:55:16',1),('4ca70359-c449-40e1-b58f-37c4f7301fc5','b488b38f-9077-4711-a439-7e549df95e1e','7942f34d-412f-48c2-b1be-b5e555ea5cf7',NULL,'2025-09-11 08:55:16',1),('4e9e85ae-f48e-4c3a-b811-d3bcfc27abba','1cc9cdbb-c749-46c3-aef0-17182c763bdd','ec2a450a-c227-4a71-ada6-0bba3ce232eb',NULL,'2025-09-11 08:55:16',1),('4f232ebf-adac-4129-88c4-84745a7388cd','17773eed-1ed1-41ec-b260-3a3611ccab3d','beb63743-518b-4f5c-8daf-7445d8c73bdf',NULL,'2025-09-11 08:55:16',1),('56dfe2be-a7d1-44f4-a0f9-a98f198fe5cb','445722d5-d957-4639-b6b8-3915bd600f63','abbde4f0-5361-4691-8d12-40de06b299e4',NULL,'2025-09-11 08:55:16',1),('5bd24ca9-4c10-4790-85c7-c3a0695441d3','3f121cbd-0f46-4a97-9cb7-8b2782307c6b','330387e7-4b4a-4f07-8a6d-38d8688b7c32',NULL,'2025-09-11 08:55:16',1),('5e3a1631-6f7d-460f-9efb-9be216e3cf43','445722d5-d957-4639-b6b8-3915bd600f63','ee0f88e3-bb43-4134-a315-652d1465973f',NULL,'2025-09-22 05:05:38',1),('6053c8f2-19c1-42b3-8384-2ba02d49b173','17773eed-1ed1-41ec-b260-3a3611ccab3d','f911849c-6165-48c4-a1ba-deb82e875a04',NULL,'2025-09-11 08:55:16',1),('6138dbc3-11e6-4519-845c-f9c102d56485','b488b38f-9077-4711-a439-7e549df95e1e','53239370-5257-4c5c-b00b-7831df5ab7eb',NULL,'2025-09-11 08:55:16',1),('61e01af6-1f68-41d7-9e29-3a9d218535c6','17773eed-1ed1-41ec-b260-3a3611ccab3d','3725e58d-e05f-4b07-a29a-c9c5cc1959a9',NULL,'2025-09-11 08:55:16',1),('61e6d1d5-2a37-4c00-a329-187bce13ef32','445722d5-d957-4639-b6b8-3915bd600f63','ad9c5033-1059-4b8e-86fe-6f8edeec4e89',NULL,'2025-09-11 08:55:16',1),('627cf8cb-8c25-4bb4-a3ae-678fdcf86e97','b488b38f-9077-4711-a439-7e549df95e1e','444455e7-0a99-40eb-8ac6-26b626cd1ba6',NULL,'2025-09-11 08:55:16',1),('63b48c41-c285-4831-a430-56c8917413c8','b488b38f-9077-4711-a439-7e549df95e1e','31b9d5fb-b9b0-4403-80ac-e6ba05ecb6da',NULL,'2025-09-11 08:55:16',1),('64c4b8f2-1a5d-4978-9f16-84f75f61e6aa','b488b38f-9077-4711-a439-7e549df95e1e','4288fd45-56a8-49b7-88fa-2ce71a48dd2d',NULL,'2025-09-22 05:05:46',1),('65890a49-1791-4566-ad55-4b8731c63a8a','17773eed-1ed1-41ec-b260-3a3611ccab3d','1e266f04-5866-42bc-aab3-f5c55ac1045f',NULL,'2025-09-22 05:05:38',1),('694845c7-e08f-43e9-9ff2-d87f635ea73e','17773eed-1ed1-41ec-b260-3a3611ccab3d','4288fd45-56a8-49b7-88fa-2ce71a48dd2d',NULL,'2025-09-22 05:05:38',1),('69ac04dc-b118-4c9f-9914-5f9d09640ed3','48f57040-2d9d-42e4-a990-0ba753e67382','4bd0283d-6882-4417-b4c7-a87c4d703eed',NULL,'2025-09-11 08:55:16',1),('6d7d00b1-902b-4699-bf36-85ce0fff5c11','48f57040-2d9d-42e4-a990-0ba753e67382','19a4c5fe-057e-4031-8318-133d21feb9d5',NULL,'2025-09-11 08:55:16',1),('6ee50205-2d23-40ae-93cc-45b8f02c670f','b488b38f-9077-4711-a439-7e549df95e1e','bba8d228-3b95-4c0a-a0c0-1db3a7e0d428',NULL,'2025-09-11 08:55:16',1),('7164e816-673b-4ba9-8be7-82b22a707a65','17773eed-1ed1-41ec-b260-3a3611ccab3d','597e4615-a0d2-4183-80f6-901e2b65aad4',NULL,'2025-09-11 08:55:16',1),('74eaa716-fefd-410e-af62-1433d715e209','b488b38f-9077-4711-a439-7e549df95e1e','c92e97c0-9547-420d-9302-768213614b3c',NULL,'2025-09-11 08:55:16',1),('7a2bbdb3-6944-42d4-8591-aaf874384e22','445722d5-d957-4639-b6b8-3915bd600f63','4288fd45-56a8-49b7-88fa-2ce71a48dd2d',NULL,'2025-09-22 05:05:38',1),('7d22645f-035f-482c-b782-6c977662bf31','445722d5-d957-4639-b6b8-3915bd600f63','3725e58d-e05f-4b07-a29a-c9c5cc1959a9',NULL,'2025-09-11 08:55:16',1),('80f9346e-9ec7-43ba-a913-3155f4f0042a','17773eed-1ed1-41ec-b260-3a3611ccab3d','31b9d5fb-b9b0-4403-80ac-e6ba05ecb6da',NULL,'2025-09-11 08:55:16',1),('82b08c9b-c636-4991-844f-f426bcded1f9','3f121cbd-0f46-4a97-9cb7-8b2782307c6b','0073ba01-9fe5-4f0a-bb24-46ef80fcd1ba',NULL,'2025-09-11 08:55:16',1),('8745f9c5-031e-4085-ba6d-acc67c5a9932','48f57040-2d9d-42e4-a990-0ba753e67382','2bcd3824-f796-41dd-80f6-6a734e6fa536',NULL,'2025-09-11 08:55:16',1),('8b06913a-424c-4d73-a142-1e2472bb7766','17773eed-1ed1-41ec-b260-3a3611ccab3d','444455e7-0a99-40eb-8ac6-26b626cd1ba6',NULL,'2025-09-11 08:55:16',1),('8c0d4284-ba56-4c90-a68d-057f79939c48','3f121cbd-0f46-4a97-9cb7-8b2782307c6b','0ff1fd3e-f562-479a-95d9-4351450a0695',NULL,'2025-09-11 08:55:16',1),('8f4acbe3-d373-4cd2-8e64-e142c8db291d','17773eed-1ed1-41ec-b260-3a3611ccab3d','fbd217ea-04ea-4919-92b9-cab461df2dda',NULL,'2025-09-11 08:55:16',1),('911453c6-04e5-490a-b870-1fd1ae83ceec','3f121cbd-0f46-4a97-9cb7-8b2782307c6b','abbde4f0-5361-4691-8d12-40de06b299e4',NULL,'2025-09-11 08:55:16',1),('92e5d26d-b6dc-4178-bf38-986088cfeb38','1cc9cdbb-c749-46c3-aef0-17182c763bdd','fb3ae5e0-be29-413a-8e9f-3bd57b68fc78',NULL,'2025-09-11 08:55:16',1),('943de6ab-79d3-4d2d-97df-699540e21ed3','17773eed-1ed1-41ec-b260-3a3611ccab3d','71ce6ccc-66e8-41f4-b858-03755241bfb0',NULL,'2025-09-11 08:55:16',1),('95997eb7-e207-4527-94d6-a23483cca1a3','b488b38f-9077-4711-a439-7e549df95e1e','ec2a450a-c227-4a71-ada6-0bba3ce232eb',NULL,'2025-09-11 08:55:16',1),('95b882ce-6cf4-4a33-9a9c-6029624a1909','445722d5-d957-4639-b6b8-3915bd600f63','597e4615-a0d2-4183-80f6-901e2b65aad4',NULL,'2025-09-11 08:55:16',1),('95d89176-bc03-4e38-9ebf-5b535be75b14','17773eed-1ed1-41ec-b260-3a3611ccab3d','4bd0283d-6882-4417-b4c7-a87c4d703eed',NULL,'2025-09-11 08:55:16',1),('97035a54-e63e-450c-a17a-897317ed5825','445722d5-d957-4639-b6b8-3915bd600f63','0ff1fd3e-f562-479a-95d9-4351450a0695',NULL,'2025-09-11 08:55:16',1),('9c22512e-a342-4f2c-bbea-7851fa7fda84','1cc9cdbb-c749-46c3-aef0-17182c763bdd','d63f5e17-4de0-4f6f-9618-5c914902de7e',NULL,'2025-09-11 08:55:16',1),('a04ebb5f-76c9-403f-b536-bb14aa84fb8b','445722d5-d957-4639-b6b8-3915bd600f63','330387e7-4b4a-4f07-8a6d-38d8688b7c32',NULL,'2025-09-11 08:55:16',1),('a45ff3c1-04fb-4b3d-9119-17feb161d655','1cc9cdbb-c749-46c3-aef0-17182c763bdd','fbd217ea-04ea-4919-92b9-cab461df2dda',NULL,'2025-09-11 08:55:16',1),('a6961275-47d6-47a3-ab55-6e03c6ba3773','17773eed-1ed1-41ec-b260-3a3611ccab3d','fbf8f4c5-4967-405f-a5c9-ed26155cbf2e',NULL,'2025-09-22 05:05:38',1),('a7bec880-3f01-4caa-a6fc-caa447ae77e1','b488b38f-9077-4711-a439-7e549df95e1e','d63f5e17-4de0-4f6f-9618-5c914902de7e',NULL,'2025-09-11 08:55:16',1),('a7e44e4a-1cbe-43ff-bb55-774dc49755df','17773eed-1ed1-41ec-b260-3a3611ccab3d','c92e97c0-9547-420d-9302-768213614b3c',NULL,'2025-09-11 08:55:16',1),('aa4942cc-e558-4d35-97eb-29e0b1f22ab8','b488b38f-9077-4711-a439-7e549df95e1e','fbd217ea-04ea-4919-92b9-cab461df2dda',NULL,'2025-09-11 08:55:16',1),('ad992ddc-4a02-4798-80b4-6d5e5bb48364','17773eed-1ed1-41ec-b260-3a3611ccab3d','abbde4f0-5361-4691-8d12-40de06b299e4',NULL,'2025-09-11 08:55:16',1),('add0f7f3-f817-43b9-aad6-0d8a8dbacdb3','b488b38f-9077-4711-a439-7e549df95e1e','fbf8f4c5-4967-405f-a5c9-ed26155cbf2e',NULL,'2025-09-22 05:05:46',1),('af57d5c3-1e6e-4265-a7c4-d90c5fb84771','b488b38f-9077-4711-a439-7e549df95e1e','ee0f88e3-bb43-4134-a315-652d1465973f',NULL,'2025-09-22 05:05:46',1),('b2d9343c-511f-4ce1-83e9-93b670ad7894','17773eed-1ed1-41ec-b260-3a3611ccab3d','ee0f88e3-bb43-4134-a315-652d1465973f',NULL,'2025-09-22 05:05:38',1),('b446eeb2-f10a-4e90-99e9-636ba5e70dd6','445722d5-d957-4639-b6b8-3915bd600f63','1e266f04-5866-42bc-aab3-f5c55ac1045f',NULL,'2025-09-22 05:05:38',1),('b736a71e-bc27-4f38-82a6-4141ff4fa0c9','b488b38f-9077-4711-a439-7e549df95e1e','1e266f04-5866-42bc-aab3-f5c55ac1045f',NULL,'2025-09-22 05:05:46',1),('b9ef1ba9-1202-40e4-b903-eface2fcbcc0','b488b38f-9077-4711-a439-7e549df95e1e','2bcd3824-f796-41dd-80f6-6a734e6fa536',NULL,'2025-09-11 08:55:16',1),('ba11f8ae-ed93-4256-a837-75e55ca30f10','48f57040-2d9d-42e4-a990-0ba753e67382','597e4615-a0d2-4183-80f6-901e2b65aad4',NULL,'2025-09-11 08:55:16',1),('bad3f076-6ea3-42d9-bb0f-c38d08fec1e8','b488b38f-9077-4711-a439-7e549df95e1e','0ff1fd3e-f562-479a-95d9-4351450a0695',NULL,'2025-09-11 08:55:16',1),('bd0d8892-4f09-47f4-b5a5-92fe48d487d6','3f121cbd-0f46-4a97-9cb7-8b2782307c6b','444455e7-0a99-40eb-8ac6-26b626cd1ba6',NULL,'2025-09-11 08:55:16',1),('be10b80a-a40b-4ba3-89e4-b624db5677e6','48f57040-2d9d-42e4-a990-0ba753e67382','330387e7-4b4a-4f07-8a6d-38d8688b7c32',NULL,'2025-09-11 08:55:16',1),('bf03b35a-8f4e-4edf-af29-ab9fe4000fce','17773eed-1ed1-41ec-b260-3a3611ccab3d','53239370-5257-4c5c-b00b-7831df5ab7eb',NULL,'2025-09-11 08:55:16',1),('bf9b45d5-73ba-448d-9673-36d998c76d9c','17773eed-1ed1-41ec-b260-3a3611ccab3d','ec2a450a-c227-4a71-ada6-0bba3ce232eb',NULL,'2025-09-11 08:55:16',1),('c18ba81f-0411-489c-916c-692404252c2d','48f57040-2d9d-42e4-a990-0ba753e67382','79c428d5-6f91-4f7e-b11f-ce1a628260bb',NULL,'2025-09-11 08:55:16',1),('c2a335c3-fad5-4172-961a-dcba8122003d','48f57040-2d9d-42e4-a990-0ba753e67382','c7a938e2-02cd-4b5f-a3ca-a410667ed72b',NULL,'2025-09-11 08:55:16',1),('c2daaee4-3fbd-42d9-b173-df13a2062b9d','17773eed-1ed1-41ec-b260-3a3611ccab3d','0ff1fd3e-f562-479a-95d9-4351450a0695',NULL,'2025-09-11 08:55:16',1),('c5e0bcdd-a1a0-4a2f-a7bf-950c7a69d0d6','48f57040-2d9d-42e4-a990-0ba753e67382','71ce6ccc-66e8-41f4-b858-03755241bfb0',NULL,'2025-09-11 08:55:16',1),('c9bafa83-cb07-4c2e-8d17-3afdce9071c0','b488b38f-9077-4711-a439-7e549df95e1e','f911849c-6165-48c4-a1ba-deb82e875a04',NULL,'2025-09-11 08:55:16',1),('cf3ee254-7162-4b02-a0c1-9ffc5f57f008','48f57040-2d9d-42e4-a990-0ba753e67382','3725e58d-e05f-4b07-a29a-c9c5cc1959a9',NULL,'2025-09-11 08:55:16',1),('d4a1082f-ac2e-4823-a0a9-8ccbd10a9d6c','17773eed-1ed1-41ec-b260-3a3611ccab3d','c7a938e2-02cd-4b5f-a3ca-a410667ed72b',NULL,'2025-09-11 08:55:16',1),('e0911ff3-54de-4315-bce1-e3621ae8f5fc','b488b38f-9077-4711-a439-7e549df95e1e','fb3ae5e0-be29-413a-8e9f-3bd57b68fc78',NULL,'2025-09-11 08:55:16',1),('e2798af7-4136-47e8-b39b-7cc97e4c4262','445722d5-d957-4639-b6b8-3915bd600f63','444455e7-0a99-40eb-8ac6-26b626cd1ba6',NULL,'2025-09-11 08:55:16',1),('e413a370-7dba-40d3-9aa3-38f423c3748f','b488b38f-9077-4711-a439-7e549df95e1e','c7a938e2-02cd-4b5f-a3ca-a410667ed72b',NULL,'2025-09-11 08:55:16',1),('e9984ccc-e56c-4f42-9831-24d0cddbc05c','1cc9cdbb-c749-46c3-aef0-17182c763bdd','abbde4f0-5361-4691-8d12-40de06b299e4',NULL,'2025-09-11 08:55:16',1),('ea5e5bd6-f188-4da8-8fe2-345976a8b94c','17773eed-1ed1-41ec-b260-3a3611ccab3d','2bcd3824-f796-41dd-80f6-6a734e6fa536',NULL,'2025-09-11 08:55:16',1),('ee219886-2c03-4c79-a756-01017a50d151','b488b38f-9077-4711-a439-7e549df95e1e','ad9c5033-1059-4b8e-86fe-6f8edeec4e89',NULL,'2025-09-11 08:55:16',1),('ef7766b9-9300-4d9c-b101-73e881357777','17773eed-1ed1-41ec-b260-3a3611ccab3d','fb3ae5e0-be29-413a-8e9f-3bd57b68fc78',NULL,'2025-09-11 08:55:16',1),('efc8771a-b1d7-487e-b3d7-10e12a055722','b488b38f-9077-4711-a439-7e549df95e1e','bfc97454-368a-4cd6-a7d3-62931cac676a',NULL,'2025-09-11 08:55:16',1),('f95c249b-186f-458f-b4d4-c6c881d75334','b488b38f-9077-4711-a439-7e549df95e1e','19a4c5fe-057e-4031-8318-133d21feb9d5',NULL,'2025-09-11 08:55:16',1),('fa599fcb-225a-46f8-ad31-afbac7c9f951','17773eed-1ed1-41ec-b260-3a3611ccab3d','ad9c5033-1059-4b8e-86fe-6f8edeec4e89',NULL,'2025-09-11 08:55:16',1),('fce4de40-b1e8-45df-a94c-3e2fbbdeaa21','48f57040-2d9d-42e4-a990-0ba753e67382','0ff1fd3e-f562-479a-95d9-4351450a0695',NULL,'2025-09-11 08:55:16',1),('fe027c30-3aa3-4517-b081-0dabc54cf005','17773eed-1ed1-41ec-b260-3a3611ccab3d','79c428d5-6f91-4f7e-b11f-ce1a628260bb',NULL,'2025-09-11 08:55:16',1);
/*!40000 ALTER TABLE `role_permissions` ENABLE KEYS */;
UNLOCK TABLES;

--
-- Table structure for table `roles`
--

DROP TABLE IF EXISTS `roles`;
/*!40101 SET @saved_cs_client     = @@character_set_client */;
/*!50503 SET character_set_client = utf8mb4 */;
CREATE TABLE `roles` (
  `id` char(36) CHARACTER SET utf8mb4 COLLATE utf8mb4_bin NOT NULL,
  `name` varchar(100) NOT NULL,
  `description` text,
  `is_active` tinyint(1) DEFAULT '1',
  `is_system` tinyint(1) DEFAULT '0',
  `level` int NOT NULL DEFAULT '1',
  `created_at` datetime NOT NULL,
  `updated_at` datetime NOT NULL,
  PRIMARY KEY (`id`),
  UNIQUE KEY `name` (`name`),
  UNIQUE KEY `name_2` (`name`),
  UNIQUE KEY `name_3` (`name`),
  UNIQUE KEY `name_4` (`name`),
  UNIQUE KEY `name_5` (`name`),
  UNIQUE KEY `name_6` (`name`),
  UNIQUE KEY `name_7` (`name`),
  UNIQUE KEY `name_8` (`name`),
  UNIQUE KEY `name_9` (`name`),
  UNIQUE KEY `name_10` (`name`),
  UNIQUE KEY `name_11` (`name`),
  UNIQUE KEY `name_12` (`name`),
  UNIQUE KEY `name_13` (`name`),
  UNIQUE KEY `name_14` (`name`),
  UNIQUE KEY `name_15` (`name`),
  UNIQUE KEY `name_16` (`name`),
  UNIQUE KEY `name_17` (`name`),
  UNIQUE KEY `name_18` (`name`),
  UNIQUE KEY `name_19` (`name`),
  UNIQUE KEY `name_20` (`name`),
  UNIQUE KEY `name_21` (`name`),
  UNIQUE KEY `name_22` (`name`),
  UNIQUE KEY `name_23` (`name`),
  UNIQUE KEY `name_24` (`name`),
  UNIQUE KEY `name_25` (`name`),
  UNIQUE KEY `name_26` (`name`),
  UNIQUE KEY `name_27` (`name`),
  UNIQUE KEY `name_28` (`name`),
  UNIQUE KEY `name_29` (`name`),
  UNIQUE KEY `name_30` (`name`),
  UNIQUE KEY `name_31` (`name`),
  UNIQUE KEY `name_32` (`name`),
  UNIQUE KEY `name_33` (`name`),
  UNIQUE KEY `name_34` (`name`),
  UNIQUE KEY `name_35` (`name`),
  UNIQUE KEY `name_36` (`name`),
  UNIQUE KEY `name_37` (`name`),
  UNIQUE KEY `name_38` (`name`),
  UNIQUE KEY `name_39` (`name`),
  UNIQUE KEY `name_40` (`name`),
  UNIQUE KEY `name_41` (`name`),
  UNIQUE KEY `name_42` (`name`),
  UNIQUE KEY `name_43` (`name`),
  UNIQUE KEY `name_44` (`name`),
  UNIQUE KEY `name_45` (`name`),
  UNIQUE KEY `name_46` (`name`),
  UNIQUE KEY `name_47` (`name`),
  UNIQUE KEY `name_48` (`name`),
  UNIQUE KEY `name_49` (`name`),
  UNIQUE KEY `name_50` (`name`),
  UNIQUE KEY `name_51` (`name`),
  UNIQUE KEY `name_52` (`name`),
  UNIQUE KEY `name_53` (`name`),
  UNIQUE KEY `name_54` (`name`),
  UNIQUE KEY `name_55` (`name`),
  UNIQUE KEY `name_56` (`name`),
  UNIQUE KEY `name_57` (`name`),
  UNIQUE KEY `name_58` (`name`),
  UNIQUE KEY `name_59` (`name`)
) ENGINE=InnoDB DEFAULT CHARSET=utf8mb4 COLLATE=utf8mb4_0900_ai_ci;
/*!40101 SET character_set_client = @saved_cs_client */;

--
-- Dumping data for table `roles`
--

LOCK TABLES `roles` WRITE;
/*!40000 ALTER TABLE `roles` DISABLE KEYS */;
INSERT INTO `roles` VALUES ('17773eed-1ed1-41ec-b260-3a3611ccab3d','admin','Administrator',1,1,9,'2025-09-11 08:55:16','2025-09-11 08:55:16'),('1cc9cdbb-c749-46c3-aef0-17182c763bdd','billing','Billing Staff',1,1,5,'2025-09-11 08:55:16','2025-09-11 08:55:16'),('3f121cbd-0f46-4a97-9cb7-8b2782307c6b','referring_physician','Referring Physician',1,1,6,'2025-09-11 08:55:16','2025-09-11 08:55:16'),('445722d5-d957-4639-b6b8-3915bd600f63','technician','Radiology Technician',1,1,7,'2025-09-11 08:55:16','2025-09-11 08:55:16'),('44633c30-ce5a-4eca-b70d-d5b98c5fb2b7','user','Regular User',1,1,1,'2025-09-11 08:55:16','2025-09-11 08:55:16'),('48f57040-2d9d-42e4-a990-0ba753e67382','radiologist','Radiologist',1,1,8,'2025-09-11 08:55:16','2025-09-11 08:55:16'),('b488b38f-9077-4711-a439-7e549df95e1e','super_admin','Super Administrator',1,1,10,'2025-09-11 08:55:16','2025-09-11 08:55:16');
/*!40000 ALTER TABLE `roles` ENABLE KEYS */;
UNLOCK TABLES;

--
-- Table structure for table `schedules`
--

DROP TABLE IF EXISTS `schedules`;
/*!40101 SET @saved_cs_client     = @@character_set_client */;
/*!50503 SET character_set_client = utf8mb4 */;
CREATE TABLE `schedules` (
  `id` char(36) CHARACTER SET utf8mb4 COLLATE utf8mb4_bin NOT NULL,
  `order_id` char(36) CHARACTER SET utf8mb4 COLLATE utf8mb4_bin NOT NULL,
  `modality_id` char(36) CHARACTER SET utf8mb4 COLLATE utf8mb4_bin NOT NULL,
  `scheduled_date` date NOT NULL,
  `start_time` time NOT NULL,
  `end_time` time NOT NULL,
  `duration` int NOT NULL COMMENT 'Duration in minutes',
  `status` enum('scheduled','confirmed','in_progress','completed','cancelled','rescheduled') NOT NULL DEFAULT 'scheduled',
  `technician_id` char(36) CHARACTER SET utf8mb4 COLLATE utf8mb4_bin DEFAULT NULL,
  `notes` text,
  `is_recurring` tinyint(1) DEFAULT '0',
  `recurring_pattern` enum('daily','weekly','monthly') DEFAULT NULL,
  `recurring_end_date` datetime DEFAULT NULL,
  `conflict_reason` text,
  `is_active` tinyint(1) DEFAULT '1',
  `created_at` datetime NOT NULL,
  `updated_at` datetime NOT NULL,
  `mwl_dataset` json DEFAULT NULL COMMENT 'Stored DICOM MWL dataset generated at scheduling time',
  `sop_instance_u_i_d` varchar(255) DEFAULT NULL COMMENT 'SOP Instance UID returned by PACS for the scheduled study/instance',
  PRIMARY KEY (`id`),
  KEY `order_id` (`order_id`),
  KEY `modality_id` (`modality_id`),
  KEY `technician_id` (`technician_id`),
  CONSTRAINT `schedules_ibfk_166` FOREIGN KEY (`order_id`) REFERENCES `orders` (`id`) ON DELETE CASCADE ON UPDATE CASCADE,
  CONSTRAINT `schedules_ibfk_167` FOREIGN KEY (`modality_id`) REFERENCES `modalities` (`id`) ON UPDATE CASCADE,
  CONSTRAINT `schedules_ibfk_168` FOREIGN KEY (`technician_id`) REFERENCES `users` (`id`) ON DELETE SET NULL ON UPDATE CASCADE
) ENGINE=InnoDB DEFAULT CHARSET=utf8mb4 COLLATE=utf8mb4_0900_ai_ci;
/*!40101 SET character_set_client = @saved_cs_client */;

--
-- Dumping data for table `schedules`
--

LOCK TABLES `schedules` WRITE;
/*!40000 ALTER TABLE `schedules` DISABLE KEYS */;
INSERT INTO `schedules` VALUES ('0788897c-cbbc-41f0-ba3d-ca8882c9070e','6b24ca7c-1350-4c44-8d9f-26a695ff0c08','494b1513-1e9b-4b20-b45d-c0b909741ba5','2025-10-31','13:00:00','14:00:00',60,'scheduled',NULL,'',0,NULL,NULL,NULL,1,'2025-10-31 07:20:10','2025-10-31 07:20:11','{\"00080020\": \"20251031\", \"00080030\": \"130000\", \"00080050\": \"ORD-1759205843626-XEPGY3LE5\", \"00080060\": \"MR\", \"00080090\": \"Wilson^Dr. Michael\", \"00081030\": \"Abdominal Ultrasound\", \"00100010\": \"Smith^Jane\", \"00100020\": \"P002\", \"00100030\": \"19750822\", \"00100040\": \"F\", \"0020000D\": \"1.2.826.0.1.3680043.8.498.1761895210522.2942\", \"00200010\": \"ORD-1759205843626-XEPGY3LE5\", \"00321060\": \"Abdominal Ultrasound\", \"00400002\": \"20251031\", \"00400003\": \"NORMAL\", \"00400004\": \"MRI-01\", \"00400007\": \"Abdominal Ultrasound\", \"00400009\": \"SPS_0788897c-cbbc-41f0-ba3d-ca8882c9070e\", \"00400010\": \"GE MRI Scanner\", \"00400011\": \"MRI\", \"00400012\": \"Ground Floor, MRI Suite\", \"00400020\": \"SCHEDULED\", \"00401001\": \"ORD-1759205843626-XEPGY3LE5\", \"00401002\": \"test\", \"00401003\": \"NORMAL\", \"00402016\": \"ORD-1759205843626-XEPGY3LE5\", \"00402017\": \"ORD-1759205843626-XEPGY3LE5\"}','a3fc3d84-0b09-4a1f-ae42-e0d0bc097ba0'),('07c68622-7ae5-4197-9fa4-62ecc7d54c7b','aad59992-18f3-452d-bafb-612f57b68c1b','494b1513-1e9b-4b20-b45d-c0b909741ba5','2025-09-22','08:00:00','09:00:00',60,'scheduled',NULL,'',0,NULL,NULL,NULL,1,'2025-09-22 05:22:58','2025-09-22 05:22:58','{\"00080020\": \"20250922\", \"00080030\": \"080000\", \"00080050\": \"ORD-1758298096070-SVE20BOGW\", \"00080060\": \"MR\", \"00080090\": \"Wilson^Dr. Michael\", \"00081030\": \"Abdominal Ultrasound\", \"00100010\": \"Smith^Jane\", \"00100020\": \"P002\", \"00100030\": \"19750822\", \"00100040\": \"F\", \"0020000D\": \"1.2.826.0.1.3680043.8.498.1758518578164.3591\", \"00200010\": \"ORD-1758298096070-SVE20BOGW\", \"00321060\": \"Abdominal Ultrasound\", \"00400002\": \"20250922\", \"00400003\": \"NORMAL\", \"00400004\": \"MRI-01\", \"00400007\": \"Abdominal Ultrasound\", \"00400009\": \"SPS_07c68622-7ae5-4197-9fa4-62ecc7d54c7b\", \"00400010\": \"GE MRI Scanner\", \"00400011\": \"MRI\", \"00400012\": \"Ground Floor, MRI Suite\", \"00400020\": \"SCHEDULED\", \"00401001\": \"ORD-1758298096070-SVE20BOGW\", \"00401002\": \"test\", \"00401003\": \"NORMAL\", \"00402016\": \"ORD-1758298096070-SVE20BOGW\", \"00402017\": \"ORD-1758298096070-SVE20BOGW\"}',NULL),('0a18d4f2-a2fb-4da1-8b5a-a6ccf270319c','62238026-8c80-4566-bef4-9d152be437fd','494b1513-1e9b-4b20-b45d-c0b909741ba5','2024-01-15','16:00:00','17:00:00',60,'scheduled','075845bb-bca2-46a7-907a-235f088439f4','STAT study - verify pacemaker compatibility',0,NULL,NULL,NULL,1,'2025-09-11 08:55:23','2025-09-11 08:55:23',NULL,NULL),('0b445931-3245-484a-8cc7-691869920c54','b0fa0b35-61d4-4826-8330-108c07f85910','494b1513-1e9b-4b20-b45d-c0b909741ba5','2025-11-05','08:00:00','09:00:00',60,'scheduled',NULL,'',0,NULL,NULL,NULL,1,'2025-11-04 16:47:42','2025-11-04 16:47:42','{\"00080020\": \"20251105\", \"00080030\": \"080000\", \"00080050\": \"ORD-1762274830663-JB8GUEB5V\", \"00080060\": \"MR\", \"00080090\": \"Administrator^System\", \"00081030\": \"Abdominal Ultrasound\", \"00100010\": \"Johnson^Robert\", \"00100020\": \"P003\", \"00100030\": \"19651210\", \"00100040\": \"M\", \"00102000\": \"Nil\", \"0020000D\": \"1.2.826.0.1.3680043.8.498.1762274862358.9694\", \"00200010\": \"ORD-1762274830663-JB8GUEB5V\", \"00321060\": \"Abdominal Ultrasound\", \"00400002\": \"20251105\", \"00400003\": \"NORMAL\", \"00400004\": \"MRI-01\", \"00400007\": \"Abdominal Ultrasound\", \"00400009\": \"SPS_0b445931-3245-484a-8cc7-691869920c54\", \"00400010\": \"GE MRI Scanner\", \"00400011\": \"MRI\", \"00400012\": \"Ground Floor, MRI Suite\", \"00400020\": \"SCHEDULED\", \"00401001\": \"ORD-1762274830663-JB8GUEB5V\", \"00401002\": \"Nil\", \"00401003\": \"NORMAL\", \"00402016\": \"ORD-1762274830663-JB8GUEB5V\", \"00402017\": \"ORD-1762274830663-JB8GUEB5V\"}','d98ea26f-d58d-4f99-aef8-b70f8d80558e'),('0f30ca71-058a-49ac-9849-e23c36710689','1a8a313e-60b6-46aa-98ad-b48ad6729e98','494b1513-1e9b-4b20-b45d-c0b909741ba5','2025-09-23','09:00:00','10:00:00',60,'scheduled',NULL,'',0,NULL,NULL,NULL,1,'2025-09-23 06:45:12','2025-09-23 06:45:12','{\"00080020\": \"20250923\", \"00080030\": \"090000\", \"00080050\": \"ORD-1758604518658-QPTVVNN22\", \"00080060\": \"MR\", \"00080090\": \"Administrator^System\", \"00081030\": \"Chest X-Ray\", \"00100010\": \"Wilson^Michael\", \"00100020\": \"P005\", \"00100030\": \"19550725\", \"00100040\": \"M\", \"00102000\": \"Nothing\", \"0020000D\": \"1.2.826.0.1.3680043.8.498.1758609912388.3578\", \"00200010\": \"ORD-1758604518658-QPTVVNN22\", \"00321060\": \"Chest X-Ray\", \"00400002\": \"20250923\", \"00400003\": \"NORMAL\", \"00400004\": \"MRI-01\", \"00400007\": \"Chest X-Ray\", \"00400009\": \"SPS_0f30ca71-058a-49ac-9849-e23c36710689\", \"00400010\": \"GE MRI Scanner\", \"00400011\": \"MRI\", \"00400012\": \"Ground Floor, MRI Suite\", \"00400020\": \"SCHEDULED\", \"00401001\": \"ORD-1758604518658-QPTVVNN22\", \"00401002\": \"No question\", \"00401003\": \"NORMAL\", \"00402016\": \"ORD-1758604518658-QPTVVNN22\", \"00402017\": \"ORD-1758604518658-QPTVVNN22\"}',NULL),('163f6cdc-1b64-4c6d-975d-03bff0a332e8','da939f17-2a78-4c56-b8dc-85831658fda6','494b1513-1e9b-4b20-b45d-c0b909741ba5','2025-10-31','09:00:00','10:00:00',60,'scheduled',NULL,'',0,NULL,NULL,NULL,1,'2025-10-31 05:00:18','2025-10-31 05:00:20','{\"00080020\": \"20251031\", \"00080030\": \"090000\", \"00080050\": \"ORD-1761886474896-VTKH1FV6K\", \"00080060\": \"MR\", \"00080090\": \"Administrator^System\", \"00081030\": \"CT Chest\", \"00100010\": \"Smith^Jane\", \"00100020\": \"P002\", \"00100030\": \"19750822\", \"00100040\": \"F\", \"00102000\": \"Nil\", \"0020000D\": \"1.2.826.0.1.3680043.8.498.1761886819351.6859\", \"00200010\": \"ORD-1761886474896-VTKH1FV6K\", \"00321060\": \"CT Chest\", \"00400002\": \"20251031\", \"00400003\": \"NORMAL\", \"00400004\": \"MRI-01\", \"00400007\": \"CT Chest\", \"00400009\": \"SPS_163f6cdc-1b64-4c6d-975d-03bff0a332e8\", \"00400010\": \"GE MRI Scanner\", \"00400011\": \"MRI\", \"00400012\": \"Ground Floor, MRI Suite\", \"00400020\": \"SCHEDULED\", \"00401001\": \"ORD-1761886474896-VTKH1FV6K\", \"00401002\": \"Nil\", \"00401003\": \"NORMAL\", \"00402016\": \"ORD-1761886474896-VTKH1FV6K\", \"00402017\": \"ORD-1761886474896-VTKH1FV6K\"}','1c2aad3d-602c-44e6-a99f-a0efa77d255e'),('1f2f327c-4720-478a-8a4c-2df502d2e3f8','f0cf9f54-7c44-4bf0-b825-45422ef82c9a','629fbeb3-5caf-4261-977e-a4ad5f1131ed','2024-01-15','14:00:00','15:00:00',60,'scheduled','1773faf5-9676-4532-9f59-79a4428c69ed','Contrast study - verify renal function',0,NULL,NULL,NULL,1,'2025-09-11 08:55:23','2025-09-11 08:55:23',NULL,NULL),('273d7142-59ab-4404-aeef-8e9239ea7afc','6d85b12e-ea70-4317-ae11-a1ce7ed7ee22','494b1513-1e9b-4b20-b45d-c0b909741ba5','2025-10-31','15:00:00','16:00:00',60,'scheduled',NULL,'',0,NULL,NULL,NULL,1,'2025-10-31 07:39:53','2025-10-31 07:39:54','{\"00080020\": \"20251031\", \"00080030\": \"150000\", \"00080050\": \"ORD-1761896338863-261AMZQ3L\", \"00080060\": \"MR\", \"00080090\": \"Administrator^System\", \"00081030\": \"MRI Brain\", \"00100010\": \"Davis^Emily\", \"00100020\": \"P004\", \"00100030\": \"19900318\", \"00100040\": \"F\", \"0020000D\": \"1.2.826.0.1.3680043.8.498.1761896394010.3173\", \"00200010\": \"ORD-1761896338863-261AMZQ3L\", \"00321060\": \"MRI Brain\", \"00400002\": \"20251031\", \"00400003\": \"NORMAL\", \"00400004\": \"MRI-01\", \"00400007\": \"MRI Brain\", \"00400009\": \"SPS_273d7142-59ab-4404-aeef-8e9239ea7afc\", \"00400010\": \"GE MRI Scanner\", \"00400011\": \"MRI\", \"00400012\": \"Ground Floor, MRI Suite\", \"00400020\": \"SCHEDULED\", \"00401001\": \"ORD-1761896338863-261AMZQ3L\", \"00401002\": \"s\", \"00401003\": \"NORMAL\", \"00402016\": \"ORD-1761896338863-261AMZQ3L\", \"00402017\": \"ORD-1761896338863-261AMZQ3L\"}','4ea6db54-ff9f-463d-80d9-b99fddc014a6'),('29e9812f-e1bd-4adc-a2e6-2f3759bf2613','5deb933f-6a26-4525-8c9b-fa68dd39fd16','494b1513-1e9b-4b20-b45d-c0b909741ba5','2025-09-11','16:12:00','17:12:00',60,'in_progress','1773faf5-9676-4532-9f59-79a4428c69ed','test',0,NULL,NULL,NULL,1,'2025-09-11 09:42:36','2025-09-11 09:47:15',NULL,NULL),('2aa0a116-8189-45c9-85b7-4d37e0c471c2','41fea22a-bbe2-4411-b47d-59d5dfe36062','494b1513-1e9b-4b20-b45d-c0b909741ba5','2025-10-31','11:00:00','12:00:00',60,'scheduled',NULL,'',0,NULL,NULL,NULL,1,'2025-10-31 06:24:30','2025-10-31 06:24:32','{\"00080020\": \"20251031\", \"00080030\": \"110000\", \"00080050\": \"ORD-1761891859907-WDXF2AYBV\", \"00080060\": \"MR\", \"00080090\": \"Administrator^System\", \"00081030\": \"Abdominal Ultrasound\", \"00100010\": \"Wilson^Michael\", \"00100020\": \"P005\", \"00100030\": \"19550725\", \"00100040\": \"M\", \"0020000D\": \"1.2.826.0.1.3680043.8.498.1761891870822.4006\", \"00200010\": \"ORD-1761891859907-WDXF2AYBV\", \"00321060\": \"Abdominal Ultrasound\", \"00400002\": \"20251031\", \"00400003\": \"HIGH\", \"00400004\": \"MRI-01\", \"00400007\": \"Abdominal Ultrasound\", \"00400009\": \"SPS_2aa0a116-8189-45c9-85b7-4d37e0c471c2\", \"00400010\": \"GE MRI Scanner\", \"00400011\": \"MRI\", \"00400012\": \"Ground Floor, MRI Suite\", \"00400020\": \"SCHEDULED\", \"00401001\": \"ORD-1761891859907-WDXF2AYBV\", \"00401002\": \"ss\", \"00401003\": \"HIGH\", \"00402016\": \"ORD-1761891859907-WDXF2AYBV\", \"00402017\": \"ORD-1761891859907-WDXF2AYBV\"}','06ed1e59-9814-4d3d-b469-ab14187f2729'),('300d9843-3ff0-4281-8afe-1611c84e2e68','817ee038-6bd9-4e35-ae4c-6958b43fe52f','494b1513-1e9b-4b20-b45d-c0b909741ba5','2025-10-06','08:00:00','09:00:00',60,'scheduled',NULL,'',0,NULL,NULL,NULL,1,'2025-10-06 10:19:19','2025-10-06 10:19:22','{\"00080020\": \"20251006\", \"00080030\": \"080000\", \"00080050\": \"ORD-1759745865155-GTZP0JBSR\", \"00080060\": \"MR\", \"00080090\": \"Administrator^System\", \"00081030\": \"Abdominal Ultrasound\", \"00100010\": \"Doe^John\", \"00100020\": \"P001\", \"00100030\": \"19800515\", \"00100040\": \"M\", \"00102000\": \"test2\", \"0020000D\": \"1.2.826.0.1.3680043.8.498.1759745960841.9706\", \"00200010\": \"ORD-1759745865155-GTZP0JBSR\", \"00321060\": \"Abdominal Ultrasound\", \"00400002\": \"20251006\", \"00400003\": \"STAT\", \"00400004\": \"MRI-01\", \"00400007\": \"Abdominal Ultrasound\", \"00400009\": \"SPS_300d9843-3ff0-4281-8afe-1611c84e2e68\", \"00400010\": \"GE MRI Scanner\", \"00400011\": \"MRI\", \"00400012\": \"Ground Floor, MRI Suite\", \"00400020\": \"SCHEDULED\", \"00401001\": \"ORD-1759745865155-GTZP0JBSR\", \"00401002\": \"test1\", \"00401003\": \"STAT\", \"00402016\": \"ORD-1759745865155-GTZP0JBSR\", \"00402017\": \"ORD-1759745865155-GTZP0JBSR\"}','2134fff1-7ed5-4286-b8c2-2337376dc454'),('33325895-0bb0-4e9a-a1e2-93b258e1821f','c8b4a068-8e28-4c57-a21d-e3b68f909af1','494b1513-1e9b-4b20-b45d-c0b909741ba5','2025-09-23','08:00:00','09:00:00',60,'scheduled',NULL,'',0,NULL,NULL,NULL,1,'2025-09-23 09:47:26','2025-09-23 09:47:26','{\"00080020\": \"20250923\", \"00080030\": \"080000\", \"00080050\": \"ORD-1758620835166-BAGJB4438\", \"00080060\": \"MR\", \"00080090\": \"Administrator^System\", \"00081030\": \"CT Chest\", \"00100010\": \"Wilson^Michael\", \"00100020\": \"P005\", \"00100030\": \"19550725\", \"00100040\": \"M\", \"0020000D\": \"1.2.826.0.1.3680043.8.498.1758620846568.3228\", \"00200010\": \"ORD-1758620835166-BAGJB4438\", \"00321060\": \"CT Chest\", \"00400002\": \"20250923\", \"00400003\": \"NORMAL\", \"00400004\": \"MRI-01\", \"00400007\": \"CT Chest\", \"00400009\": \"SPS_33325895-0bb0-4e9a-a1e2-93b258e1821f\", \"00400010\": \"GE MRI Scanner\", \"00400011\": \"MRI\", \"00400012\": \"Ground Floor, MRI Suite\", \"00400020\": \"SCHEDULED\", \"00401001\": \"ORD-1758620835166-BAGJB4438\", \"00401002\": \"s\", \"00401003\": \"NORMAL\", \"00402016\": \"ORD-1758620835166-BAGJB4438\", \"00402017\": \"ORD-1758620835166-BAGJB4438\"}','934d9dea-b5a7-4376-ac1e-5d3c0d609c58'),('3a3f5ac7-f3b1-45de-a702-20771976ea89','1f2b5827-f50f-4210-aecf-1e9a0796d5dd','494b1513-1e9b-4b20-b45d-c0b909741ba5','2025-09-20','08:00:00','08:30:00',30,'scheduled','05de5156-937a-41dc-b036-bf535b1f9d30','',0,NULL,NULL,NULL,1,'2025-09-19 16:09:57','2025-09-19 16:09:57','{\"00080020\": \"20250920\", \"00080030\": \"080000\", \"00080050\": \"ORD-1758298026037-VM7X6862T\", \"00080060\": \"MR\", \"00080090\": \"Wilson^Dr. Michael\", \"00081030\": \"Abdominal Ultrasound\", \"00100010\": \"Smith^Jane\", \"00100020\": \"P002\", \"00100030\": \"19750822\", \"00100040\": \"F\", \"0020000D\": \"1.2.826.0.1.3680043.8.498.1758298197127.2813\", \"00200010\": \"ORD-1758298026037-VM7X6862T\", \"00321060\": \"Abdominal Ultrasound\", \"00400002\": \"20250920\", \"00400003\": \"HIGH\", \"00400004\": \"MRI-01\", \"00400007\": \"Abdominal Ultrasound\", \"00400009\": \"SPS_3a3f5ac7-f3b1-45de-a702-20771976ea89\", \"00400010\": \"GE MRI Scanner\", \"00400011\": \"MRI\", \"00400012\": \"Ground Floor, MRI Suite\", \"00400020\": \"SCHEDULED\", \"00401001\": \"ORD-1758298026037-VM7X6862T\", \"00401002\": \"ssssss\", \"00401003\": \"HIGH\", \"00402016\": \"ORD-1758298026037-VM7X6862T\", \"00402017\": \"ORD-1758298026037-VM7X6862T\"}',NULL),('3e2cc0bf-781c-4826-8cb5-b7837a77f916','63b7df86-7e2e-4d6d-8712-33cc027f715f','494b1513-1e9b-4b20-b45d-c0b909741ba5','2025-11-04','17:00:00','17:30:00',30,'scheduled',NULL,'',0,NULL,NULL,NULL,1,'2025-11-04 10:00:02','2025-11-04 10:00:02','{\"00080020\": \"20251104\", \"00080030\": \"170000\", \"00080050\": \"ORD-1762250393227-97QPAZZDJ\", \"00080060\": \"MR\", \"00080090\": \"Administrator^System\", \"00081030\": \"Abdominal Ultrasound\", \"00100010\": \"Smith^Jane\", \"00100020\": \"P002\", \"00100030\": \"19750822\", \"00100040\": \"F\", \"0020000D\": \"1.2.826.0.1.3680043.8.498.1762250402558.9617\", \"00200010\": \"ORD-1762250393227-97QPAZZDJ\", \"00321060\": \"Abdominal Ultrasound\", \"00400002\": \"20251104\", \"00400003\": \"HIGH\", \"00400004\": \"MRI-01\", \"00400007\": \"Abdominal Ultrasound\", \"00400009\": \"SPS_3e2cc0bf-781c-4826-8cb5-b7837a77f916\", \"00400010\": \"GE MRI Scanner\", \"00400011\": \"MRI\", \"00400012\": \"Ground Floor, MRI Suite\", \"00400020\": \"SCHEDULED\", \"00401001\": \"ORD-1762250393227-97QPAZZDJ\", \"00401002\": \"qqq\", \"00401003\": \"HIGH\", \"00402016\": \"ORD-1762250393227-97QPAZZDJ\", \"00402017\": \"ORD-1762250393227-97QPAZZDJ\"}','f8457f73-e180-438c-a305-e2adc8b314af'),('4046ee0b-e0b3-4261-a8d0-bfcf01d91d29','1f2b5827-f50f-4210-aecf-1e9a0796d5dd','494b1513-1e9b-4b20-b45d-c0b909741ba5','2025-09-19','07:30:00','08:00:00',30,'scheduled','05de5156-937a-41dc-b036-bf535b1f9d30','',0,NULL,NULL,NULL,1,'2025-09-19 16:09:38','2025-09-19 16:09:38','{\"00080020\": \"20250919\", \"00080030\": \"073000\", \"00080050\": \"ORD-1758298026037-VM7X6862T\", \"00080060\": \"MR\", \"00080090\": \"Wilson^Dr. Michael\", \"00081030\": \"Abdominal Ultrasound\", \"00100010\": \"Smith^Jane\", \"00100020\": \"P002\", \"00100030\": \"19750822\", \"00100040\": \"F\", \"0020000D\": \"1.2.826.0.1.3680043.8.498.1758298178239.620\", \"00200010\": \"ORD-1758298026037-VM7X6862T\", \"00321060\": \"Abdominal Ultrasound\", \"00400002\": \"20250919\", \"00400003\": \"HIGH\", \"00400004\": \"MRI-01\", \"00400007\": \"Abdominal Ultrasound\", \"00400009\": \"SPS_4046ee0b-e0b3-4261-a8d0-bfcf01d91d29\", \"00400010\": \"GE MRI Scanner\", \"00400011\": \"MRI\", \"00400012\": \"Ground Floor, MRI Suite\", \"00400020\": \"SCHEDULED\", \"00401001\": \"ORD-1758298026037-VM7X6862T\", \"00401002\": \"ssssss\", \"00401003\": \"HIGH\", \"00402016\": \"ORD-1758298026037-VM7X6862T\", \"00402017\": \"ORD-1758298026037-VM7X6862T\"}',NULL),('446b150f-254b-45f8-9d3d-25bed2c66683','8f23742b-578d-472c-8149-d368f5dd7dbe','85832cbf-c90c-43c9-9c33-637fecff2cc1','2024-01-16','11:00:00','11:30:00',30,'scheduled','1773faf5-9676-4532-9f59-79a4428c69ed','Patient may need assistance with positioning',0,NULL,NULL,NULL,1,'2025-09-11 08:55:23','2025-09-11 08:55:23',NULL,NULL),('465ddc47-27fe-492d-9595-2debe59dd996','7ef08506-914e-4a1d-b25a-be62b12adbf9','494b1513-1e9b-4b20-b45d-c0b909741ba5','2025-10-31','16:00:00','17:00:00',60,'scheduled',NULL,'',0,NULL,NULL,NULL,1,'2025-10-31 09:28:31','2025-10-31 09:28:32','{\"00080020\": \"20251031\", \"00080030\": \"160000\", \"00080050\": \"ORD-1761901086016-892Q4A6HX\", \"00080060\": \"MR\", \"00080090\": \"Administrator^System\", \"00081030\": \"CT Chest\", \"00100010\": \"Johnson^Robert\", \"00100020\": \"P003\", \"00100030\": \"19651210\", \"00100040\": \"M\", \"00102000\": \"Nil\", \"0020000D\": \"1.2.826.0.1.3680043.8.498.1761902911571.9957\", \"00200010\": \"ORD-1761901086016-892Q4A6HX\", \"00321060\": \"CT Chest\", \"00400002\": \"20251031\", \"00400003\": \"NORMAL\", \"00400004\": \"MRI-01\", \"00400007\": \"CT Chest\", \"00400009\": \"SPS_465ddc47-27fe-492d-9595-2debe59dd996\", \"00400010\": \"GE MRI Scanner\", \"00400011\": \"MRI\", \"00400012\": \"Ground Floor, MRI Suite\", \"00400020\": \"SCHEDULED\", \"00401001\": \"ORD-1761901086016-892Q4A6HX\", \"00401002\": \"Nil\", \"00401003\": \"NORMAL\", \"00402016\": \"ORD-1761901086016-892Q4A6HX\", \"00402017\": \"ORD-1761901086016-892Q4A6HX\"}','37de7c3c-d0d5-4001-8b2f-9006bdd12d91'),('4720a188-f0bc-4ac4-9b65-f4c0a55db414','d9a2fcfc-51b7-4eec-b04e-38152906e4f9','494b1513-1e9b-4b20-b45d-c0b909741ba5','2025-11-04','13:00:00','14:00:00',60,'scheduled',NULL,'',0,NULL,NULL,NULL,1,'2025-11-04 05:53:51','2025-11-04 05:53:51','{\"00080020\": \"20251104\", \"00080030\": \"130000\", \"00080050\": \"ORD-1762235562020-1L39BEFT4\", \"00080060\": \"MR\", \"00080090\": \"Administrator^System\", \"00081030\": \"Chest X-Ray\", \"00100010\": \"Davis^Emily\", \"00100020\": \"P004\", \"00100030\": \"19900318\", \"00100040\": \"F\", \"00102000\": \"no\", \"0020000D\": \"1.2.826.0.1.3680043.8.498.1762235631871.1528\", \"00200010\": \"ORD-1762235562020-1L39BEFT4\", \"00321060\": \"Chest X-Ray\", \"00400002\": \"20251104\", \"00400003\": \"NORMAL\", \"00400004\": \"MRI-01\", \"00400007\": \"Chest X-Ray\", \"00400009\": \"SPS_4720a188-f0bc-4ac4-9b65-f4c0a55db414\", \"00400010\": \"GE MRI Scanner\", \"00400011\": \"MRI\", \"00400012\": \"Ground Floor, MRI Suite\", \"00400020\": \"SCHEDULED\", \"00401001\": \"ORD-1762235562020-1L39BEFT4\", \"00401002\": \"no\", \"00401003\": \"NORMAL\", \"00402016\": \"ORD-1762235562020-1L39BEFT4\", \"00402017\": \"ORD-1762235562020-1L39BEFT4\"}','2b6f08b6-2127-4d30-b9e6-6096529a8d02'),('47691a41-eaf5-4ece-bc68-c601cdee404b','342f3f1d-0f1a-4c87-87a9-be0862baf969','494b1513-1e9b-4b20-b45d-c0b909741ba5','2025-09-15','10:00:00','11:00:00',60,'completed','075845bb-bca2-46a7-907a-235f088439f4','',0,NULL,NULL,NULL,1,'2025-09-15 09:25:39','2025-09-15 09:36:52',NULL,NULL),('47c568bd-309d-470e-8f60-cc4a2fd8d9a7','1f2b5827-f50f-4210-aecf-1e9a0796d5dd','494b1513-1e9b-4b20-b45d-c0b909741ba5','2025-09-20','08:30:00','09:00:00',30,'scheduled','05de5156-937a-41dc-b036-bf535b1f9d30','',0,NULL,NULL,NULL,1,'2025-09-19 16:11:10','2025-09-19 16:11:10','{\"00080020\": \"20250920\", \"00080030\": \"083000\", \"00080050\": \"ORD-1758298026037-VM7X6862T\", \"00080060\": \"MR\", \"00080090\": \"Wilson^Dr. Michael\", \"00081030\": \"Abdominal Ultrasound\", \"00100010\": \"Smith^Jane\", \"00100020\": \"P002\", \"00100030\": \"19750822\", \"00100040\": \"F\", \"0020000D\": \"1.2.826.0.1.3680043.8.498.1758298270174.973\", \"00200010\": \"ORD-1758298026037-VM7X6862T\", \"00321060\": \"Abdominal Ultrasound\", \"00400002\": \"20250920\", \"00400003\": \"HIGH\", \"00400004\": \"MRI-01\", \"00400007\": \"Abdominal Ultrasound\", \"00400009\": \"SPS_47c568bd-309d-470e-8f60-cc4a2fd8d9a7\", \"00400010\": \"GE MRI Scanner\", \"00400011\": \"MRI\", \"00400012\": \"Ground Floor, MRI Suite\", \"00400020\": \"SCHEDULED\", \"00401001\": \"ORD-1758298026037-VM7X6862T\", \"00401002\": \"ssssss\", \"00401003\": \"HIGH\", \"00402016\": \"ORD-1758298026037-VM7X6862T\", \"00402017\": \"ORD-1758298026037-VM7X6862T\"}',NULL),('4a8d5128-e140-4d27-b19b-a67cf7637684','5deb933f-6a26-4525-8c9b-fa68dd39fd16','494b1513-1e9b-4b20-b45d-c0b909741ba5','2025-09-11','19:10:00','20:10:00',60,'completed','346cccee-d19c-42ae-bdab-3ec83bba0d2e','test',0,NULL,NULL,NULL,1,'2025-09-11 09:40:28','2025-09-11 09:56:46',NULL,NULL),('4ce6c747-9883-4cd0-b556-e5ca31d6a302','a48b7ce7-013e-4e35-a823-4a079d5c92b6','494b1513-1e9b-4b20-b45d-c0b909741ba5','2025-11-02','08:00:00','09:00:00',60,'scheduled',NULL,'',0,NULL,NULL,NULL,1,'2025-11-02 07:37:08','2025-11-02 07:37:08','{\"00080020\": \"20251102\", \"00080030\": \"080000\", \"00080050\": \"ORD-1761895199198-HQUYWT5UY\", \"00080060\": \"MR\", \"00080090\": \"Administrator^System\", \"00081030\": \"Abdominal Ultrasound\", \"00100010\": \"Doe^John\", \"00100020\": \"P001\", \"00100030\": \"19800515\", \"00100040\": \"M\", \"0020000D\": \"1.2.826.0.1.3680043.8.498.1762069028687.1613\", \"00200010\": \"ORD-1761895199198-HQUYWT5UY\", \"00321060\": \"Abdominal Ultrasound\", \"00400002\": \"20251102\", \"00400003\": \"NORMAL\", \"00400004\": \"MRI-01\", \"00400007\": \"Abdominal Ultrasound\", \"00400009\": \"SPS_4ce6c747-9883-4cd0-b556-e5ca31d6a302\", \"00400010\": \"GE MRI Scanner\", \"00400011\": \"MRI\", \"00400012\": \"Ground Floor, MRI Suite\", \"00400020\": \"SCHEDULED\", \"00401001\": \"ORD-1761895199198-HQUYWT5UY\", \"00401002\": \"ss\", \"00401003\": \"NORMAL\", \"00402016\": \"ORD-1761895199198-HQUYWT5UY\", \"00402017\": \"ORD-1761895199198-HQUYWT5UY\"}','f583e47b-fe6c-4470-9270-572082435027'),('4fddaaa2-6b6d-4660-9bcb-d064d173cb50','5c253cdf-d875-4561-8ce4-5640ea4f0b58','494b1513-1e9b-4b20-b45d-c0b909741ba5','2025-11-04','15:00:00','16:00:00',60,'scheduled',NULL,'',0,NULL,NULL,NULL,1,'2025-11-04 09:02:37','2025-11-04 09:02:37','{\"00080020\": \"20251104\", \"00080030\": \"150000\", \"00080050\": \"ORD-1762246942339-U9TM1C9GO\", \"00080060\": \"MR\", \"00080090\": \"Administrator^System\", \"00081030\": \"Abdominal Ultrasound\", \"00100010\": \"Smith^Jane\", \"00100020\": \"P002\", \"00100030\": \"19750822\", \"00100040\": \"F\", \"0020000D\": \"1.2.826.0.1.3680043.8.498.1762246957656.3740\", \"00200010\": \"ORD-1762246942339-U9TM1C9GO\", \"00321060\": \"Abdominal Ultrasound\", \"00400002\": \"20251104\", \"00400003\": \"NORMAL\", \"00400004\": \"MRI-01\", \"00400007\": \"Abdominal Ultrasound\", \"00400009\": \"SPS_4fddaaa2-6b6d-4660-9bcb-d064d173cb50\", \"00400010\": \"GE MRI Scanner\", \"00400011\": \"MRI\", \"00400012\": \"Ground Floor, MRI Suite\", \"00400020\": \"SCHEDULED\", \"00401001\": \"ORD-1762246942339-U9TM1C9GO\", \"00401002\": \"q\", \"00401003\": \"NORMAL\", \"00402016\": \"ORD-1762246942339-U9TM1C9GO\", \"00402017\": \"ORD-1762246942339-U9TM1C9GO\"}','71847efd-7b2c-44d2-9f05-d093de5af55d'),('57d3e52e-906e-4f22-9aee-0b9f6d710955','f23a3ed7-2ed1-40e5-8efd-8f7346ada249','494b1513-1e9b-4b20-b45d-c0b909741ba5','2025-09-16','08:00:00','08:30:00',30,'scheduled','40e2e2ee-fc04-47bd-b7cf-fdeaea8eb3c5','',0,NULL,NULL,NULL,1,'2025-09-16 07:14:04','2025-09-16 07:14:04',NULL,NULL),('5b659384-86e8-40d6-91d6-25a4eb3700d9','1123bde2-a012-4310-8f03-975d541afd6d','494b1513-1e9b-4b20-b45d-c0b909741ba5','2025-09-30','09:00:00','10:00:00',60,'scheduled',NULL,'',0,NULL,NULL,NULL,1,'2025-09-30 04:18:05','2025-09-30 04:18:06','{\"00080020\": \"20250930\", \"00080030\": \"090000\", \"00080050\": \"ORD-1759136647158-7ARQJ3EZO\", \"00080060\": \"MR\", \"00080090\": \"Administrator^System\", \"00081030\": \"Abdominal Ultrasound\", \"00100010\": \"Doe^John\", \"00100020\": \"P001\", \"00100030\": \"19800515\", \"00100040\": \"M\", \"00102000\": \"nil\", \"0020000D\": \"1.2.826.0.1.3680043.8.498.1759205886681.8706\", \"00200010\": \"ORD-1759136647158-7ARQJ3EZO\", \"00321060\": \"Abdominal Ultrasound\", \"00400002\": \"20250930\", \"00400003\": \"HIGH\", \"00400004\": \"MRI-01\", \"00400007\": \"Abdominal Ultrasound\", \"00400009\": \"SPS_5b659384-86e8-40d6-91d6-25a4eb3700d9\", \"00400010\": \"GE MRI Scanner\", \"00400011\": \"MRI\", \"00400012\": \"Ground Floor, MRI Suite\", \"00400020\": \"SCHEDULED\", \"00401001\": \"ORD-1759136647158-7ARQJ3EZO\", \"00401002\": \"nil\", \"00401003\": \"HIGH\", \"00402016\": \"ORD-1759136647158-7ARQJ3EZO\", \"00402017\": \"ORD-1759136647158-7ARQJ3EZO\"}',NULL),('5f0eae2b-ada8-4ad3-a19b-7c6b68013cf8','b0648215-7e78-4d5d-920d-dc8e97ddc0c3','494b1513-1e9b-4b20-b45d-c0b909741ba5','2025-09-16','08:30:00','09:00:00',30,'scheduled','075845bb-bca2-46a7-907a-235f088439f4','',0,NULL,NULL,NULL,1,'2025-09-16 07:15:58','2025-09-16 07:15:58',NULL,NULL),('5fb53388-0cb0-4c1f-8d56-95b5d7d88b72','f55022a8-30f7-4d86-8624-9502808b82af','494b1513-1e9b-4b20-b45d-c0b909741ba5','2025-09-15','13:00:00','14:00:00',60,'scheduled','075845bb-bca2-46a7-907a-235f088439f4','',0,NULL,NULL,NULL,1,'2025-09-15 09:55:39','2025-09-15 09:55:39',NULL,NULL),('62240f0b-e133-45f9-a320-0747948871fd','9fcadab8-165d-4ba0-b5c2-24617bf6d7aa','494b1513-1e9b-4b20-b45d-c0b909741ba5','2025-09-15','10:00:00','11:00:00',60,'scheduled','075845bb-bca2-46a7-907a-235f088439f4','',0,NULL,NULL,NULL,1,'2025-09-15 09:44:37','2025-09-15 09:44:37',NULL,NULL),('6429d83c-e731-4d14-b5ad-dd39063b64a2','4f4ed141-a69f-4bfa-80b5-35542cfafee3','494b1513-1e9b-4b20-b45d-c0b909741ba5','2025-11-02','09:00:00','10:00:00',60,'scheduled',NULL,'',0,NULL,NULL,NULL,1,'2025-11-02 07:54:51','2025-11-02 07:54:51','{\"00080020\": \"20251102\", \"00080030\": \"090000\", \"00080050\": \"ORD-1762070081240-JBP7ZXQTD\", \"00080060\": \"MR\", \"00080090\": \"Administrator^System\", \"00081030\": \"Chest X-Ray\", \"00100010\": \"Wilson^Michael\", \"00100020\": \"P005\", \"00100030\": \"19550725\", \"00100040\": \"M\", \"0020000D\": \"1.2.826.0.1.3680043.8.498.1762070091244.7573\", \"00200010\": \"ORD-1762070081240-JBP7ZXQTD\", \"00321060\": \"Chest X-Ray\", \"00400002\": \"20251102\", \"00400003\": \"NORMAL\", \"00400004\": \"MRI-01\", \"00400007\": \"Chest X-Ray\", \"00400009\": \"SPS_6429d83c-e731-4d14-b5ad-dd39063b64a2\", \"00400010\": \"GE MRI Scanner\", \"00400011\": \"MRI\", \"00400012\": \"Ground Floor, MRI Suite\", \"00400020\": \"SCHEDULED\", \"00401001\": \"ORD-1762070081240-JBP7ZXQTD\", \"00401002\": \"ss\", \"00401003\": \"NORMAL\", \"00402016\": \"ORD-1762070081240-JBP7ZXQTD\", \"00402017\": \"ORD-1762070081240-JBP7ZXQTD\"}','8e0d0cce-977a-4cb6-9f9b-21d9df998338'),('643d65a7-e248-40cc-9eed-9fd271ba8ecd','342f3f1d-0f1a-4c87-87a9-be0862baf969','494b1513-1e9b-4b20-b45d-c0b909741ba5','2025-09-15','12:00:00','13:00:00',60,'scheduled','075845bb-bca2-46a7-907a-235f088439f4','',0,NULL,NULL,NULL,1,'2025-09-15 09:29:35','2025-09-15 09:29:35',NULL,NULL),('723f1271-2f42-4e31-91a9-ea4664245822','7f65009f-a7db-4734-aa5f-0852bb77b56e','85832cbf-c90c-43c9-9c33-637fecff2cc1','2025-09-22','08:35:00','09:05:00',30,'scheduled',NULL,'',0,NULL,NULL,NULL,1,'2025-09-22 10:48:26','2025-09-22 10:48:28','{\"00080020\": \"20250922\", \"00080030\": \"083500\", \"00080050\": \"ORD-1758538073024-Y4MJ82UPD\", \"00080060\": \"CR\", \"00080090\": \"Administrator^System\", \"00081030\": \"Chest X-Ray\", \"00100010\": \"Johnson^Robert\", \"00100020\": \"P003\", \"00100030\": \"19651210\", \"00100040\": \"M\", \"00102000\": \"test\", \"0020000D\": \"1.2.826.0.1.3680043.8.498.1758538106825.9410\", \"00200010\": \"ORD-1758538073024-Y4MJ82UPD\", \"00321060\": \"Chest X-Ray\", \"00400002\": \"20250922\", \"00400003\": \"NORMAL\", \"00400004\": \"XR-01\", \"00400007\": \"Chest X-Ray\", \"00400009\": \"SPS_723f1271-2f42-4e31-91a9-ea4664245822\", \"00400010\": \"Philips X-Ray Machine\", \"00400011\": \"X-Ray\", \"00400012\": \"First Floor, Radiology Department\", \"00400020\": \"SCHEDULED\", \"00401001\": \"ORD-1758538073024-Y4MJ82UPD\", \"00401002\": \"test\", \"00401003\": \"NORMAL\", \"00402016\": \"ORD-1758538073024-Y4MJ82UPD\", \"00402017\": \"ORD-1758538073024-Y4MJ82UPD\"}','fd9e628f-78bc-42ed-8bdd-020a03e93e67'),('7a7475a3-ef52-41e6-a342-1741a49c9b41','b5b6f0fd-2c03-4d62-b2d0-81796f3c08e8','494b1513-1e9b-4b20-b45d-c0b909741ba5','2025-11-04','17:30:00','18:00:00',30,'scheduled',NULL,'',0,NULL,NULL,NULL,1,'2025-11-04 11:25:51','2025-11-04 11:25:51','{\"00080020\": \"20251104\", \"00080030\": \"173000\", \"00080050\": \"ORD-1761885584511-IBNZSHCCK\", \"00080060\": \"MR\", \"00080090\": \"Administrator^System\", \"00081030\": \"Abdominal Ultrasound\", \"00100010\": \"Smith^Jane\", \"00100020\": \"P002\", \"00100030\": \"19750822\", \"00100040\": \"F\", \"00102000\": \"aa\", \"0020000D\": \"1.2.826.0.1.3680043.8.498.1762255551788.4205\", \"00200010\": \"ORD-1761885584511-IBNZSHCCK\", \"00321060\": \"Abdominal Ultrasound\", \"00400002\": \"20251104\", \"00400003\": \"NORMAL\", \"00400004\": \"MRI-01\", \"00400007\": \"Abdominal Ultrasound\", \"00400009\": \"SPS_7a7475a3-ef52-41e6-a342-1741a49c9b41\", \"00400010\": \"GE MRI Scanner\", \"00400011\": \"MRI\", \"00400012\": \"Ground Floor, MRI Suite\", \"00400020\": \"SCHEDULED\", \"00401001\": \"ORD-1761885584511-IBNZSHCCK\", \"00401002\": \"aa\", \"00401003\": \"NORMAL\", \"00402016\": \"ORD-1761885584511-IBNZSHCCK\", \"00402017\": \"ORD-1761885584511-IBNZSHCCK\"}','cac61d0b-997d-4e62-bc96-2b8ebd509798'),('7cb75898-0f86-4d17-a8cc-6fceaf91ce39','fcf336b4-a9bb-4544-b21a-e6790be09dee','494b1513-1e9b-4b20-b45d-c0b909741ba5','2025-09-15','08:00:00','09:00:00',60,'scheduled','075845bb-bca2-46a7-907a-235f088439f4','',0,NULL,NULL,NULL,1,'2025-09-15 06:19:44','2025-09-15 06:19:44',NULL,NULL),('8050ac01-73c3-4c42-8a22-b71699d2aef8','ca523212-818c-41c6-9e5c-f8cdca3e09fa','85832cbf-c90c-43c9-9c33-637fecff2cc1','2025-09-16','09:00:00','09:30:00',30,'scheduled','075845bb-bca2-46a7-907a-235f088439f4','',0,NULL,NULL,NULL,1,'2025-09-16 11:21:38','2025-09-16 11:21:38','{\"00080020\": \"20250916\", \"00080030\": \"090000\", \"00080050\": \"ORD-1758021684031-5QAWD9OZA\", \"00080060\": \"CR\", \"00080090\": \"Garcia^Dr. Maria\", \"00081030\": \"Chest X-Ray\", \"00100010\": \"Wilson^Michael\", \"00100020\": \"P005\", \"00100030\": \"19550725\", \"00100040\": \"M\", \"0020000D\": \"1.2.826.0.1.3680043.8.498.1758021698885.175\", \"00200010\": \"ORD-1758021684031-5QAWD9OZA\", \"00321060\": \"Chest X-Ray\", \"00400002\": \"20250916\", \"00400003\": \"NORMAL\", \"00400004\": \"XR-01\", \"00400007\": \"Chest X-Ray\", \"00400009\": \"SPS_8050ac01-73c3-4c42-8a22-b71699d2aef8\", \"00400010\": \"Philips X-Ray Machine\", \"00400011\": \"X-Ray\", \"00400012\": \"First Floor, Radiology Department\", \"00400020\": \"SCHEDULED\", \"00401001\": \"ORD-1758021684031-5QAWD9OZA\", \"00401002\": \"ss\", \"00401003\": \"NORMAL\", \"00402016\": \"ORD-1758021684031-5QAWD9OZA\", \"00402017\": \"ORD-1758021684031-5QAWD9OZA\"}','65d4e682-cb60-4eda-8224-221136168903'),('83f111fb-2ca2-410a-8b30-12305dbc4331','5f7ecbed-87a5-41c6-848e-c3d3ba6cc95c','494b1513-1e9b-4b20-b45d-c0b909741ba5','2025-11-04','10:00:00','11:00:00',60,'scheduled',NULL,'',0,NULL,NULL,NULL,1,'2025-11-04 05:27:37','2025-11-04 05:27:38','{\"00080020\": \"20251104\", \"00080030\": \"100000\", \"00080050\": \"ORD-1762234032029-RQMEMJVKT\", \"00080060\": \"MR\", \"00080090\": \"Administrator^System\", \"00081030\": \"Chest X-Ray\", \"00100010\": \"Doe^John\", \"00100020\": \"P001\", \"00100030\": \"19800515\", \"00100040\": \"M\", \"00102000\": \"no\", \"0020000D\": \"1.2.826.0.1.3680043.8.498.1762234057940.5865\", \"00200010\": \"ORD-1762234032029-RQMEMJVKT\", \"00321060\": \"Chest X-Ray\", \"00400002\": \"20251104\", \"00400003\": \"NORMAL\", \"00400004\": \"MRI-01\", \"00400007\": \"Chest X-Ray\", \"00400009\": \"SPS_83f111fb-2ca2-410a-8b30-12305dbc4331\", \"00400010\": \"GE MRI Scanner\", \"00400011\": \"MRI\", \"00400012\": \"Ground Floor, MRI Suite\", \"00400020\": \"SCHEDULED\", \"00401001\": \"ORD-1762234032029-RQMEMJVKT\", \"00401002\": \"no\", \"00401003\": \"NORMAL\", \"00402016\": \"ORD-1762234032029-RQMEMJVKT\", \"00402017\": \"ORD-1762234032029-RQMEMJVKT\"}','de04cc0f-0052-4add-8a69-feb46e32cf79'),('86320d95-c91f-49dd-b236-697f49d357fd','2054d395-b542-4df4-b6f6-3f387d517046','494b1513-1e9b-4b20-b45d-c0b909741ba5','2025-11-04','16:00:00','17:00:00',60,'scheduled',NULL,'',0,NULL,NULL,NULL,1,'2025-11-04 06:08:14','2025-11-04 06:08:14','{\"00080020\": \"20251104\", \"00080030\": \"160000\", \"00080050\": \"ORD-1762236462280-7BWB15VXP\", \"00080060\": \"MR\", \"00080090\": \"Administrator^System\", \"00081030\": \"Abdominal Ultrasound\", \"00100010\": \"Johnson^Robert\", \"00100020\": \"P003\", \"00100030\": \"19651210\", \"00100040\": \"M\", \"00102000\": \"nil\", \"0020000D\": \"1.2.826.0.1.3680043.8.498.1762236494842.5235\", \"00200010\": \"ORD-1762236462280-7BWB15VXP\", \"00321060\": \"Abdominal Ultrasound\", \"00400002\": \"20251104\", \"00400003\": \"NORMAL\", \"00400004\": \"MRI-01\", \"00400007\": \"Abdominal Ultrasound\", \"00400009\": \"SPS_86320d95-c91f-49dd-b236-697f49d357fd\", \"00400010\": \"GE MRI Scanner\", \"00400011\": \"MRI\", \"00400012\": \"Ground Floor, MRI Suite\", \"00400020\": \"SCHEDULED\", \"00401001\": \"ORD-1762236462280-7BWB15VXP\", \"00401002\": \"nil\", \"00401003\": \"NORMAL\", \"00402016\": \"ORD-1762236462280-7BWB15VXP\", \"00402017\": \"ORD-1762236462280-7BWB15VXP\"}','63477f5f-b27d-4b0c-987a-95c352b25e5c'),('884f393e-8dd5-49c0-b7d4-ce911eaf6e89','5deb933f-6a26-4525-8c9b-fa68dd39fd16','494b1513-1e9b-4b20-b45d-c0b909741ba5','2025-09-12','16:07:00','16:08:00',60,'scheduled','075845bb-bca2-46a7-907a-235f088439f4','',0,NULL,NULL,NULL,1,'2025-09-11 09:38:04','2025-09-11 09:38:04',NULL,NULL),('88548480-86ec-4e18-8e2d-590b7e30a9dd','690051bf-dd15-401f-a4fb-95660ba38a09','494b1513-1e9b-4b20-b45d-c0b909741ba5','2025-10-31','10:00:00','11:00:00',60,'scheduled',NULL,'',0,NULL,NULL,NULL,1,'2025-10-31 05:57:11','2025-10-31 05:57:14','{\"00080020\": \"20251031\", \"00080030\": \"100000\", \"00080050\": \"ORD-1759136816109-JCUV603PL\", \"00080060\": \"MR\", \"00080090\": \"Administrator^System\", \"00081030\": \"Abdominal Ultrasound\", \"00100010\": \"Wilson^Michael\", \"00100020\": \"P005\", \"00100030\": \"19550725\", \"00100040\": \"M\", \"00102000\": \"s\", \"0020000D\": \"1.2.826.0.1.3680043.8.498.1761890232924.7711\", \"00200010\": \"ORD-1759136816109-JCUV603PL\", \"00321060\": \"Abdominal Ultrasound\", \"00400002\": \"20251031\", \"00400003\": \"NORMAL\", \"00400004\": \"MRI-01\", \"00400007\": \"Abdominal Ultrasound\", \"00400009\": \"SPS_88548480-86ec-4e18-8e2d-590b7e30a9dd\", \"00400010\": \"GE MRI Scanner\", \"00400011\": \"MRI\", \"00400012\": \"Ground Floor, MRI Suite\", \"00400020\": \"SCHEDULED\", \"00401001\": \"ORD-1759136816109-JCUV603PL\", \"00401002\": \"s\", \"00401003\": \"NORMAL\", \"00402016\": \"ORD-1759136816109-JCUV603PL\", \"00402017\": \"ORD-1759136816109-JCUV603PL\"}','15df9156-5179-46af-a566-feffc1e819b4'),('8abb7e92-5d3c-46b8-ae16-bffd26edae50','c3b7f3f6-ffa7-4035-8070-201ab3a82c45','494b1513-1e9b-4b20-b45d-c0b909741ba5','2025-09-16','09:00:00','09:30:00',30,'scheduled','075845bb-bca2-46a7-907a-235f088439f4','',0,NULL,NULL,NULL,1,'2025-09-16 10:36:16','2025-09-16 10:36:16',NULL,NULL),('8e6c4655-59d2-49c6-82cb-5848240e6981','7988fcb0-7fd6-41f5-8a12-e2755ad7c422','85832cbf-c90c-43c9-9c33-637fecff2cc1','2025-09-16','08:30:00','09:00:00',30,'scheduled','1773faf5-9676-4532-9f59-79a4428c69ed','',0,NULL,NULL,NULL,1,'2025-09-16 11:18:20','2025-09-16 11:18:20','{\"00080020\": \"20250916\", \"00080030\": \"083000\", \"00080050\": \"ORD-1758021483882-T0OCA8MO6\", \"00080060\": \"CR\", \"00080090\": \"Garcia^Dr. Maria\", \"00081030\": \"Chest X-Ray\", \"00100010\": \"Doe^John\", \"00100020\": \"P001\", \"00100030\": \"19800515\", \"00100040\": \"M\", \"0020000D\": \"1.2.826.0.1.3680043.8.498.1758021500772.7320\", \"00200010\": \"ORD-1758021483882-T0OCA8MO6\", \"00321060\": \"Chest X-Ray\", \"00400002\": \"20250916\", \"00400003\": \"HIGH\", \"00400004\": \"XR-01\", \"00400007\": \"Chest X-Ray\", \"00400009\": \"SPS_8e6c4655-59d2-49c6-82cb-5848240e6981\", \"00400010\": \"Philips X-Ray Machine\", \"00400011\": \"X-Ray\", \"00400012\": \"First Floor, Radiology Department\", \"00400020\": \"SCHEDULED\", \"00401001\": \"ORD-1758021483882-T0OCA8MO6\", \"00401002\": \"aa\", \"00401003\": \"HIGH\", \"00402016\": \"ORD-1758021483882-T0OCA8MO6\", \"00402017\": \"ORD-1758021483882-T0OCA8MO6\"}','5a85ccdc-c464-42ec-a82a-b609f7ba64b3'),('90408b90-cd5c-4b4c-b630-341376babaad','050d5bc7-70d9-4cab-b21e-f093e4156fbf','494b1513-1e9b-4b20-b45d-c0b909741ba5','2025-10-31','08:00:00','09:00:00',60,'scheduled',NULL,'',0,NULL,NULL,NULL,1,'2025-10-31 04:42:42','2025-10-31 04:42:45','{\"00080020\": \"20251031\", \"00080030\": \"080000\", \"00080050\": \"ORD-1759144728490-XL2XPS3KD\", \"00080060\": \"MR\", \"00080090\": \"Wilson^Dr. Michael\", \"00081030\": \"Abdominal Ultrasound\", \"00100010\": \"Smith^Jane\", \"00100020\": \"P002\", \"00100030\": \"19750822\", \"00100040\": \"F\", \"0020000D\": \"1.2.826.0.1.3680043.8.498.1761885763351.6364\", \"00200010\": \"ORD-1759144728490-XL2XPS3KD\", \"00321060\": \"Abdominal Ultrasound\", \"00400002\": \"20251031\", \"00400003\": \"NORMAL\", \"00400004\": \"MRI-01\", \"00400007\": \"Abdominal Ultrasound\", \"00400009\": \"SPS_90408b90-cd5c-4b4c-b630-341376babaad\", \"00400010\": \"GE MRI Scanner\", \"00400011\": \"MRI\", \"00400012\": \"Ground Floor, MRI Suite\", \"00400020\": \"SCHEDULED\", \"00401001\": \"ORD-1759144728490-XL2XPS3KD\", \"00401002\": \"test\", \"00401003\": \"NORMAL\", \"00402016\": \"ORD-1759144728490-XL2XPS3KD\", \"00402017\": \"ORD-1759144728490-XL2XPS3KD\"}','adfe39ca-2d1b-410c-8692-1777206b8ad2'),('981e425f-6b62-4e18-b0b2-230f018e30b6','b31e28f1-cdcc-4de2-b3d6-d02de58319ef','494b1513-1e9b-4b20-b45d-c0b909741ba5','2025-11-04','09:00:00','10:00:00',60,'scheduled',NULL,'',0,NULL,NULL,NULL,1,'2025-11-04 05:26:45','2025-11-04 05:26:45','{\"00080020\": \"20251104\", \"00080030\": \"090000\", \"00080050\": \"ORD-1762068790238-624NP2M19\", \"00080060\": \"MR\", \"00080090\": \"Administrator^System\", \"00081030\": \"Abdominal Ultrasound\", \"00100010\": \"Smith^Jane\", \"00100020\": \"P002\", \"00100030\": \"19750822\", \"00100040\": \"F\", \"0020000D\": \"1.2.826.0.1.3680043.8.498.1762234005111.7417\", \"00200010\": \"ORD-1762068790238-624NP2M19\", \"00321060\": \"Abdominal Ultrasound\", \"00400002\": \"20251104\", \"00400003\": \"HIGH\", \"00400004\": \"MRI-01\", \"00400007\": \"Abdominal Ultrasound\", \"00400009\": \"SPS_981e425f-6b62-4e18-b0b2-230f018e30b6\", \"00400010\": \"GE MRI Scanner\", \"00400011\": \"MRI\", \"00400012\": \"Ground Floor, MRI Suite\", \"00400020\": \"SCHEDULED\", \"00401001\": \"ORD-1762068790238-624NP2M19\", \"00401002\": \"aaa\", \"00401003\": \"HIGH\", \"00402016\": \"ORD-1762068790238-624NP2M19\", \"00402017\": \"ORD-1762068790238-624NP2M19\"}','9e596523-6bc8-480d-8c8b-a994361b01ee'),('989d3fbc-f897-4763-9a0f-3169198a31c0','5deb933f-6a26-4525-8c9b-fa68dd39fd16','494b1513-1e9b-4b20-b45d-c0b909741ba5','2025-09-12','18:08:00','19:10:00',60,'scheduled','1773faf5-9676-4532-9f59-79a4428c69ed','tets',0,NULL,NULL,NULL,1,'2025-09-11 09:38:43','2025-09-11 09:38:43',NULL,NULL),('99d19825-6805-4c69-a542-75221c617018','50292c49-f705-4c0c-a8e9-fd38e04d5b49','494b1513-1e9b-4b20-b45d-c0b909741ba5','2025-09-30','17:00:00','17:30:00',30,'scheduled',NULL,'',0,NULL,NULL,NULL,1,'2025-09-30 11:14:58','2025-09-30 11:15:00','{\"00080020\": \"20250930\", \"00080030\": \"170000\", \"00080050\": \"ORD-1759230864800-UH9V44FGF\", \"00080060\": \"MR\", \"00080090\": \"Administrator^System\", \"00081030\": \"Chest X-Ray\", \"00100010\": \"Davis^Emily\", \"00100020\": \"P004\", \"00100030\": \"19900318\", \"00100040\": \"F\", \"00102000\": \"no\", \"0020000D\": \"1.2.826.0.1.3680043.8.498.1759230898749.9756\", \"00200010\": \"ORD-1759230864800-UH9V44FGF\", \"00321060\": \"Chest X-Ray\", \"00400002\": \"20250930\", \"00400003\": \"HIGH\", \"00400004\": \"MRI-01\", \"00400007\": \"Chest X-Ray\", \"00400009\": \"SPS_99d19825-6805-4c69-a542-75221c617018\", \"00400010\": \"GE MRI Scanner\", \"00400011\": \"MRI\", \"00400012\": \"Ground Floor, MRI Suite\", \"00400020\": \"SCHEDULED\", \"00401001\": \"ORD-1759230864800-UH9V44FGF\", \"00401002\": \"no\", \"00401003\": \"HIGH\", \"00402016\": \"ORD-1759230864800-UH9V44FGF\", \"00402017\": \"ORD-1759230864800-UH9V44FGF\"}','85540596-313a-4915-92bd-11f6cb322315'),('9c5fca99-cd5e-4486-9492-ef5ed247e3e4','3204153a-b359-4359-bdb8-9f03388bfc02','494b1513-1e9b-4b20-b45d-c0b909741ba5','2025-09-30','08:00:00','09:00:00',60,'scheduled',NULL,'',0,NULL,NULL,NULL,1,'2025-09-29 11:37:06','2025-09-29 11:37:07','{\"00080020\": \"20250930\", \"00080030\": \"080000\", \"00080050\": \"ORD-1759145745306-8X0A7IUSY\", \"00080060\": \"MR\", \"00080090\": \"Wilson^Dr. Michael\", \"00081030\": \"MRI Brain\", \"00100010\": \"Smith^Jane\", \"00100020\": \"P002\", \"00100030\": \"19750822\", \"00100040\": \"F\", \"0020000D\": \"1.2.826.0.1.3680043.8.498.1759145827359.304\", \"00200010\": \"ORD-1759145745306-8X0A7IUSY\", \"00321060\": \"MRI Brain\", \"00400002\": \"20250930\", \"00400003\": \"NORMAL\", \"00400004\": \"MRI-01\", \"00400007\": \"MRI Brain\", \"00400009\": \"SPS_9c5fca99-cd5e-4486-9492-ef5ed247e3e4\", \"00400010\": \"GE MRI Scanner\", \"00400011\": \"MRI\", \"00400012\": \"Ground Floor, MRI Suite\", \"00400020\": \"SCHEDULED\", \"00401001\": \"ORD-1759145745306-8X0A7IUSY\", \"00401002\": \"test\", \"00401003\": \"NORMAL\", \"00402016\": \"ORD-1759145745306-8X0A7IUSY\", \"00402017\": \"ORD-1759145745306-8X0A7IUSY\"}',NULL),('9fd80e8d-5cc9-4916-ba9a-ee3245f7812c','f55022a8-30f7-4d86-8624-9502808b82af','85832cbf-c90c-43c9-9c33-637fecff2cc1','2025-09-15','08:00:00','09:00:00',60,'scheduled','075845bb-bca2-46a7-907a-235f088439f4','',0,NULL,NULL,NULL,1,'2025-09-15 06:36:59','2025-09-15 06:36:59',NULL,NULL),('9ffa9383-ff9e-4500-b1a1-c4f5ced14089','5deb933f-6a26-4525-8c9b-fa68dd39fd16','85832cbf-c90c-43c9-9c33-637fecff2cc1','2024-01-16','09:00:00','09:30:00',30,'scheduled','075845bb-bca2-46a7-907a-235f088439f4','NPO instructions given',0,NULL,NULL,NULL,1,'2025-09-11 08:55:23','2025-09-11 08:55:23',NULL,NULL),('a203a419-7946-4ec9-a69c-5c4f6a92db2d','9a00f654-178f-405f-9897-8400f8d96a7e','494b1513-1e9b-4b20-b45d-c0b909741ba5','2025-11-04','11:00:00','12:00:00',60,'scheduled',NULL,'',0,NULL,NULL,NULL,1,'2025-11-04 05:29:25','2025-11-04 05:29:25','{\"00080020\": \"20251104\", \"00080030\": \"110000\", \"00080050\": \"ORD-1762234146140-QDK45UIQZ\", \"00080060\": \"MR\", \"00080090\": \"Wilson^Mike\", \"00081030\": \"Abdominal Ultrasound\", \"00100010\": \"Smith^Jane\", \"00100020\": \"P002\", \"00100030\": \"19750822\", \"00100040\": \"F\", \"0020000D\": \"1.2.826.0.1.3680043.8.498.1762234165178.8826\", \"00200010\": \"ORD-1762234146140-QDK45UIQZ\", \"00321060\": \"Abdominal Ultrasound\", \"00400002\": \"20251104\", \"00400003\": \"HIGH\", \"00400004\": \"MRI-01\", \"00400007\": \"Abdominal Ultrasound\", \"00400009\": \"SPS_a203a419-7946-4ec9-a69c-5c4f6a92db2d\", \"00400010\": \"GE MRI Scanner\", \"00400011\": \"MRI\", \"00400012\": \"Ground Floor, MRI Suite\", \"00400020\": \"SCHEDULED\", \"00401001\": \"ORD-1762234146140-QDK45UIQZ\", \"00401002\": \"111\", \"00401003\": \"HIGH\", \"00402016\": \"ORD-1762234146140-QDK45UIQZ\", \"00402017\": \"ORD-1762234146140-QDK45UIQZ\"}','e58be825-0155-4a33-931a-7af1aff26eb7'),('a395c5f9-c94b-4c63-a00c-366067fb1ef8','6f211777-f52a-418f-9ad8-ab138f4f1198','494b1513-1e9b-4b20-b45d-c0b909741ba5','2025-10-31','14:00:00','15:00:00',60,'scheduled',NULL,'',0,NULL,NULL,NULL,1,'2025-10-31 07:25:49','2025-10-31 07:25:51','{\"00080020\": \"20251031\", \"00080030\": \"140000\", \"00080050\": \"ORD-1758620566625-56QUJPLE1\", \"00080060\": \"MR\", \"00080090\": \"Administrator^System\", \"00081030\": \"Chest X-Ray\", \"00100010\": \"Wilson^Michael\", \"00100020\": \"P005\", \"00100030\": \"19550725\", \"00100040\": \"M\", \"00102000\": \"ss\", \"0020000D\": \"1.2.826.0.1.3680043.8.498.1761895550364.4951\", \"00200010\": \"ORD-1758620566625-56QUJPLE1\", \"00321060\": \"Chest X-Ray\", \"00400002\": \"20251031\", \"00400003\": \"NORMAL\", \"00400004\": \"MRI-01\", \"00400007\": \"Chest X-Ray\", \"00400009\": \"SPS_a395c5f9-c94b-4c63-a00c-366067fb1ef8\", \"00400010\": \"GE MRI Scanner\", \"00400011\": \"MRI\", \"00400012\": \"Ground Floor, MRI Suite\", \"00400020\": \"SCHEDULED\", \"00401001\": \"ORD-1758620566625-56QUJPLE1\", \"00401002\": \"ss\", \"00401003\": \"NORMAL\", \"00402016\": \"ORD-1758620566625-56QUJPLE1\", \"00402017\": \"ORD-1758620566625-56QUJPLE1\"}','deb24c16-5aa6-4004-ae2d-2b0a6563d483'),('a4eb44df-3798-4080-8af1-7c0f9a7c461b','342f3f1d-0f1a-4c87-87a9-be0862baf969','494b1513-1e9b-4b20-b45d-c0b909741ba5','2025-09-15','11:00:00','12:00:00',60,'scheduled','075845bb-bca2-46a7-907a-235f088439f4','',0,NULL,NULL,NULL,1,'2025-09-15 09:27:02','2025-09-15 09:27:02',NULL,NULL),('a73e468e-fe38-4c75-ac06-e4ce148e1947','36f4f349-3266-45af-87d4-9c3871fc2b8b','494b1513-1e9b-4b20-b45d-c0b909741ba5','2025-09-19','08:00:00','09:00:00',60,'scheduled','05de5156-937a-41dc-b036-bf535b1f9d30','',0,NULL,NULL,NULL,1,'2025-09-19 16:21:02','2025-09-19 16:21:02','{\"00080020\": \"20250919\", \"00080030\": \"080000\", \"00080050\": \"ORD-1758297969252-ANZPX157Z\", \"00080060\": \"MR\", \"00080090\": \"Wilson^Dr. Michael\", \"00081030\": \"Chest X-Ray\", \"00100010\": \"Wilson^Michael\", \"00100020\": \"P005\", \"00100030\": \"19550725\", \"00100040\": \"M\", \"0020000D\": \"1.2.826.0.1.3680043.8.498.1758298862179.7696\", \"00200010\": \"ORD-1758297969252-ANZPX157Z\", \"00321060\": \"Chest X-Ray\", \"00400002\": \"20250919\", \"00400003\": \"NORMAL\", \"00400004\": \"MRI-01\", \"00400007\": \"Chest X-Ray\", \"00400009\": \"SPS_a73e468e-fe38-4c75-ac06-e4ce148e1947\", \"00400010\": \"GE MRI Scanner\", \"00400011\": \"MRI\", \"00400012\": \"Ground Floor, MRI Suite\", \"00400020\": \"SCHEDULED\", \"00401001\": \"ORD-1758297969252-ANZPX157Z\", \"00401002\": \"Rule out pneumonia\", \"00401003\": \"NORMAL\", \"00402016\": \"ORD-1758297969252-ANZPX157Z\", \"00402017\": \"ORD-1758297969252-ANZPX157Z\"}',NULL),('a7bed5c7-af23-4893-80c0-fffb6216da7f','f93c094e-436a-472d-bf91-eb0b9d8e8bec','494b1513-1e9b-4b20-b45d-c0b909741ba5','2025-09-16','10:30:00','11:00:00',30,'scheduled','075845bb-bca2-46a7-907a-235f088439f4','',0,NULL,NULL,NULL,1,'2025-09-16 11:17:25','2025-09-16 11:17:25','{\"00080020\": \"20250916\", \"00080030\": \"103000\", \"00080050\": \"ORD-1758021428754-LM1E9P89R\", \"00080060\": \"MR\", \"00080090\": \"Garcia^Dr. Maria\", \"00081030\": \"Abdominal Ultrasound\", \"00100010\": \"Johnson^Robert\", \"00100020\": \"P003\", \"00100030\": \"19651210\", \"00100040\": \"M\", \"0020000D\": \"1.2.826.0.1.3680043.8.498.1758021445501.9632\", \"00200010\": \"ORD-1758021428754-LM1E9P89R\", \"00321060\": \"Abdominal Ultrasound\", \"00400002\": \"20250916\", \"00400003\": \"NORMAL\", \"00400004\": \"MRI-01\", \"00400007\": \"Abdominal Ultrasound\", \"00400009\": \"SPS_a7bed5c7-af23-4893-80c0-fffb6216da7f\", \"00400010\": \"GE MRI Scanner\", \"00400011\": \"MRI\", \"00400012\": \"Ground Floor, MRI Suite\", \"00400020\": \"SCHEDULED\", \"00401001\": \"ORD-1758021428754-LM1E9P89R\", \"00401002\": \"aa\", \"00401003\": \"NORMAL\", \"00402016\": \"ORD-1758021428754-LM1E9P89R\", \"00402017\": \"ORD-1758021428754-LM1E9P89R\"}','93ef1d2d-d904-4309-84aa-2816a059f18a'),('aa6dbd47-e1fe-4288-a3eb-eb36aa5c4e1d','a4c6719e-e062-4443-8734-393a9edda3a4','494b1513-1e9b-4b20-b45d-c0b909741ba5','2025-09-29','17:30:00','18:00:00',30,'scheduled',NULL,'',0,NULL,NULL,NULL,1,'2025-09-29 09:37:12','2025-09-29 09:37:15','{\"00080020\": \"20250929\", \"00080030\": \"173000\", \"00080050\": \"ORD-1759136872577-PF5F42ASW\", \"00080060\": \"MR\", \"00080090\": \"Administrator^System\", \"00081030\": \"Abdominal Ultrasound\", \"00100010\": \"Doe^John\", \"00100020\": \"P001\", \"00100030\": \"19800515\", \"00100040\": \"M\", \"00102000\": \"nil\", \"0020000D\": \"1.2.826.0.1.3680043.8.498.1759138635396.29\", \"00200010\": \"ORD-1759136872577-PF5F42ASW\", \"00321060\": \"Abdominal Ultrasound\", \"00400002\": \"20250929\", \"00400003\": \"HIGH\", \"00400004\": \"MRI-01\", \"00400007\": \"Abdominal Ultrasound\", \"00400009\": \"SPS_aa6dbd47-e1fe-4288-a3eb-eb36aa5c4e1d\", \"00400010\": \"GE MRI Scanner\", \"00400011\": \"MRI\", \"00400012\": \"Ground Floor, MRI Suite\", \"00400020\": \"SCHEDULED\", \"00401001\": \"ORD-1759136872577-PF5F42ASW\", \"00401002\": \"nil\", \"00401003\": \"HIGH\", \"00402016\": \"ORD-1759136872577-PF5F42ASW\", \"00402017\": \"ORD-1759136872577-PF5F42ASW\"}',NULL),('aa9b0354-e38f-4e1c-8620-baee6d3e76ce','817717ec-fd14-47a1-9e37-b993de8abed8','494b1513-1e9b-4b20-b45d-c0b909741ba5','2025-11-03','08:00:00','09:00:00',60,'scheduled',NULL,'',0,NULL,NULL,NULL,1,'2025-11-02 07:33:23','2025-11-02 07:33:23','{\"00080020\": \"20251103\", \"00080030\": \"080000\", \"00080050\": \"ORD-1761895539666-GYFRXASTO\", \"00080060\": \"MR\", \"00080090\": \"Administrator^System\", \"00081030\": \"MRI Brain\", \"00100010\": \"Johnson^Robert\", \"00100020\": \"P003\", \"00100030\": \"19651210\", \"00100040\": \"M\", \"0020000D\": \"1.2.826.0.1.3680043.8.498.1762068803329.9404\", \"00200010\": \"ORD-1761895539666-GYFRXASTO\", \"00321060\": \"MRI Brain\", \"00400002\": \"20251103\", \"00400003\": \"NORMAL\", \"00400004\": \"MRI-01\", \"00400007\": \"MRI Brain\", \"00400009\": \"SPS_aa9b0354-e38f-4e1c-8620-baee6d3e76ce\", \"00400010\": \"GE MRI Scanner\", \"00400011\": \"MRI\", \"00400012\": \"Ground Floor, MRI Suite\", \"00400020\": \"SCHEDULED\", \"00401001\": \"ORD-1761895539666-GYFRXASTO\", \"00401002\": \"s\", \"00401003\": \"NORMAL\", \"00402016\": \"ORD-1761895539666-GYFRXASTO\", \"00402017\": \"ORD-1761895539666-GYFRXASTO\"}',NULL),('ad3dc401-a966-4815-94d7-5617c997a2de','e0643e70-e458-48ef-ba17-ef89b63d748c','85832cbf-c90c-43c9-9c33-637fecff2cc1','2024-01-15','10:00:00','10:30:00',30,'scheduled','1773faf5-9676-4532-9f59-79a4428c69ed','Patient prefers morning appointment',0,NULL,NULL,NULL,1,'2025-09-11 08:55:23','2025-09-11 08:55:23',NULL,NULL),('b4a3e861-67b0-40f6-bed4-a3a9c08b43f6','4f65cbce-5ef3-44cf-84ae-eeaa0e626a84','494b1513-1e9b-4b20-b45d-c0b909741ba5','2025-09-16','07:00:00','08:00:00',60,'scheduled','075845bb-bca2-46a7-907a-235f088439f4','',0,NULL,NULL,NULL,1,'2025-09-15 05:50:20','2025-09-15 05:50:20',NULL,NULL),('c63daa63-b398-475c-8966-08ec24ac94b5','9783bec4-0857-4943-a393-050b90e91f5b','494b1513-1e9b-4b20-b45d-c0b909741ba5','2025-11-04','14:00:00','15:00:00',60,'scheduled',NULL,'',0,NULL,NULL,NULL,1,'2025-11-04 09:01:08','2025-11-04 09:01:08','{\"00080020\": \"20251104\", \"00080030\": \"140000\", \"00080050\": \"ORD-1762246857756-ZQ17P9AU2\", \"00080060\": \"MR\", \"00080090\": \"Administrator^System\", \"00081030\": \"Abdominal Ultrasound\", \"00100010\": \"Smith^Jane\", \"00100020\": \"P002\", \"00100030\": \"19750822\", \"00100040\": \"F\", \"0020000D\": \"1.2.826.0.1.3680043.8.498.1762246868848.9315\", \"00200010\": \"ORD-1762246857756-ZQ17P9AU2\", \"00321060\": \"Abdominal Ultrasound\", \"00400002\": \"20251104\", \"00400003\": \"HIGH\", \"00400004\": \"MRI-01\", \"00400007\": \"Abdominal Ultrasound\", \"00400009\": \"SPS_c63daa63-b398-475c-8966-08ec24ac94b5\", \"00400010\": \"GE MRI Scanner\", \"00400011\": \"MRI\", \"00400012\": \"Ground Floor, MRI Suite\", \"00400020\": \"SCHEDULED\", \"00401001\": \"ORD-1762246857756-ZQ17P9AU2\", \"00401002\": \"ss\", \"00401003\": \"HIGH\", \"00402016\": \"ORD-1762246857756-ZQ17P9AU2\", \"00402017\": \"ORD-1762246857756-ZQ17P9AU2\"}','8ce6093d-2d1d-4c40-a562-6f53359a5bf2'),('c661b33e-560c-48e1-9664-08c166e91292','f46f0fb0-eadc-416c-8856-f544929b80f9','494b1513-1e9b-4b20-b45d-c0b909741ba5','2025-11-07','08:00:00','09:00:00',60,'scheduled',NULL,'',0,NULL,NULL,NULL,1,'2025-11-07 10:11:29','2025-11-07 10:11:29','{\"00080020\": \"20251107\", \"00080030\": \"080000\", \"00080050\": \"ORD-1762424028707-JFIHX3E9R\", \"00080060\": \"MR\", \"00080090\": \"Administrator^System\", \"00081030\": \"Abdominal Ultrasound\", \"00100010\": \"Smith^Jane\", \"00100020\": \"P002\", \"00100030\": \"19750822\", \"00100040\": \"F\", \"0020000D\": \"1.2.826.0.1.3680043.8.498.1762510289557.1535\", \"00200010\": \"ORD-1762424028707-JFIHX3E9R\", \"00321060\": \"Abdominal Ultrasound\", \"00400002\": \"20251107\", \"00400003\": \"NORMAL\", \"00400004\": \"MRI-01\", \"00400007\": \"Abdominal Ultrasound\", \"00400009\": \"SPS_c661b33e-560c-48e1-9664-08c166e91292\", \"00400010\": \"GE MRI Scanner\", \"00400011\": \"MRI\", \"00400012\": \"Ground Floor, MRI Suite\", \"00400020\": \"SCHEDULED\", \"00401001\": \"ORD-1762424028707-JFIHX3E9R\", \"00401002\": \"test\", \"00401003\": \"NORMAL\", \"00402016\": \"ORD-1762424028707-JFIHX3E9R\", \"00402017\": \"ORD-1762424028707-JFIHX3E9R\"}','bcc638f9-c1b6-4c3f-a998-de19115727c0'),('d3a4cad1-cb1f-4021-86e7-37055863288f','603260a8-4e0f-4735-921d-c7769cc0bbee','494b1513-1e9b-4b20-b45d-c0b909741ba5','2025-09-16','10:00:00','10:30:00',30,'scheduled','075845bb-bca2-46a7-907a-235f088439f4','',0,NULL,NULL,NULL,1,'2025-09-16 11:07:39','2025-09-16 11:07:39','{\"00080020\": \"20250916\", \"00080030\": \"100000\", \"00080050\": \"ORD-1758020840141-H35N7Q851\", \"00080060\": \"MR\", \"00080090\": \"Garcia^Dr. Maria\", \"00081030\": \"Abdominal Ultrasound\", \"00100010\": \"Smith^Jane\", \"00100020\": \"P002\", \"00100030\": \"19750822\", \"00100040\": \"F\", \"0020000D\": \"1.2.826.0.1.3680043.8.498.1758020859710.8340\", \"00200010\": \"ORD-1758020840141-H35N7Q851\", \"00321060\": \"Abdominal Ultrasound\", \"00400002\": \"20250916\", \"00400003\": \"NORMAL\", \"00400004\": \"MRI-01\", \"00400007\": \"Abdominal Ultrasound\", \"00400009\": \"SPS_d3a4cad1-cb1f-4021-86e7-37055863288f\", \"00400010\": \"GE MRI Scanner\", \"00400011\": \"MRI\", \"00400012\": \"Ground Floor, MRI Suite\", \"00400020\": \"SCHEDULED\", \"00401001\": \"ORD-1758020840141-H35N7Q851\", \"00401002\": \"s\", \"00401003\": \"NORMAL\", \"00402016\": \"ORD-1758020840141-H35N7Q851\", \"00402017\": \"ORD-1758020840141-H35N7Q851\"}',NULL),('d6d2564e-9121-4283-b4bb-15eb436b0609','c6cc48f1-abcb-4d48-90f5-3936503f763d','85832cbf-c90c-43c9-9c33-637fecff2cc1','2025-10-06','08:00:00','08:30:00',30,'scheduled',NULL,'',0,NULL,NULL,NULL,1,'2025-10-06 10:44:07','2025-10-06 10:44:10','{\"00080020\": \"20251006\", \"00080030\": \"080000\", \"00080050\": \"ORD-1759747413123-DG7L71PME\", \"00080060\": \"CR\", \"00080090\": \"Administrator^System\", \"00081030\": \"Chest X-Ray\", \"00100010\": \"Johnson^Robert\", \"00100020\": \"P003\", \"00100030\": \"19651210\", \"00100040\": \"M\", \"00102000\": \"ss\", \"0020000D\": \"1.2.826.0.1.3680043.8.498.1759747448687.5611\", \"00200010\": \"ORD-1759747413123-DG7L71PME\", \"00321060\": \"Chest X-Ray\", \"00400002\": \"20251006\", \"00400003\": \"NORMAL\", \"00400004\": \"XR-01\", \"00400007\": \"Chest X-Ray\", \"00400009\": \"SPS_d6d2564e-9121-4283-b4bb-15eb436b0609\", \"00400010\": \"Philips X-Ray Machine\", \"00400011\": \"X-Ray\", \"00400012\": \"First Floor, Radiology Department\", \"00400020\": \"SCHEDULED\", \"00401001\": \"ORD-1759747413123-DG7L71PME\", \"00401002\": \"ss\", \"00401003\": \"NORMAL\", \"00402016\": \"ORD-1759747413123-DG7L71PME\", \"00402017\": \"ORD-1759747413123-DG7L71PME\"}','108001cc-d109-4b98-aaf2-e60509b8bc0f'),('d7cf9eed-f8ad-4261-a377-f3c97a389c34','1f2b5827-f50f-4210-aecf-1e9a0796d5dd','494b1513-1e9b-4b20-b45d-c0b909741ba5','2025-09-19','07:00:00','07:30:00',30,'scheduled','05de5156-937a-41dc-b036-bf535b1f9d30','',0,NULL,NULL,NULL,1,'2025-09-19 16:09:03','2025-09-19 16:09:03','{\"00080020\": \"20250919\", \"00080030\": \"070000\", \"00080050\": \"ORD-1758298026037-VM7X6862T\", \"00080060\": \"MR\", \"00080090\": \"Wilson^Dr. Michael\", \"00081030\": \"Abdominal Ultrasound\", \"00100010\": \"Smith^Jane\", \"00100020\": \"P002\", \"00100030\": \"19750822\", \"00100040\": \"F\", \"0020000D\": \"1.2.826.0.1.3680043.8.498.1758298143297.4130\", \"00200010\": \"ORD-1758298026037-VM7X6862T\", \"00321060\": \"Abdominal Ultrasound\", \"00400002\": \"20250919\", \"00400003\": \"HIGH\", \"00400004\": \"MRI-01\", \"00400007\": \"Abdominal Ultrasound\", \"00400009\": \"SPS_d7cf9eed-f8ad-4261-a377-f3c97a389c34\", \"00400010\": \"GE MRI Scanner\", \"00400011\": \"MRI\", \"00400012\": \"Ground Floor, MRI Suite\", \"00400020\": \"SCHEDULED\", \"00401001\": \"ORD-1758298026037-VM7X6862T\", \"00401002\": \"ssssss\", \"00401003\": \"HIGH\", \"00402016\": \"ORD-1758298026037-VM7X6862T\", \"00402017\": \"ORD-1758298026037-VM7X6862T\"}',NULL),('d8e2fb45-2962-4844-b376-943b66f57ab1','0fd3c584-7a9d-436e-8050-bc6d88d103dd','494b1513-1e9b-4b20-b45d-c0b909741ba5','2025-09-16','09:30:00','10:00:00',30,'scheduled','075845bb-bca2-46a7-907a-235f088439f4','',0,NULL,NULL,NULL,1,'2025-09-16 10:39:46','2025-09-16 10:39:46','{\"00080020\": \"20250916\", \"00080030\": \"093000\", \"00080050\": \"ORD-1758019171600-AU6SA0FVF\", \"00080060\": \"MR\", \"00080090\": \"Garcia^Dr. Maria\", \"00081030\": \"Abdominal Ultrasound\", \"00100010\": \"Johnson^Robert\", \"00100020\": \"P003\", \"00100030\": \"19651210\", \"00100040\": \"M\", \"0020000D\": \"1.2.826.0.1.3680043.8.498.1758019186519.6401\", \"00200010\": \"ORD-1758019171600-AU6SA0FVF\", \"00321060\": \"Abdominal Ultrasound\", \"00400002\": \"20250916\", \"00400003\": \"HIGH\", \"00400004\": \"MRI-01\", \"00400007\": \"Abdominal Ultrasound\", \"00400009\": \"SPS_d8e2fb45-2962-4844-b376-943b66f57ab1\", \"00400010\": \"GE MRI Scanner\", \"00400011\": \"MRI\", \"00400012\": \"Ground Floor, MRI Suite\", \"00400020\": \"SCHEDULED\", \"00401001\": \"ORD-1758019171600-AU6SA0FVF\", \"00401002\": \"sss\", \"00401003\": \"HIGH\", \"00402016\": \"ORD-1758019171600-AU6SA0FVF\", \"00402017\": \"ORD-1758019171600-AU6SA0FVF\"}','4519747f-d0b2-4d83-81a4-185c53c11764\n'),('da25b681-7249-4615-86df-0234ca566401','058e0b5a-7acc-4b7e-9285-ac567f023ac0','494b1513-1e9b-4b20-b45d-c0b909741ba5','2025-09-30','17:30:00','18:00:00',30,'scheduled',NULL,'',0,NULL,NULL,NULL,1,'2025-09-30 10:50:12','2025-09-30 10:50:13','{\"00080020\": \"20250930\", \"00080030\": \"173000\", \"00080050\": \"ORD-1759229352129-KWP45C6TS\", \"00080060\": \"MR\", \"00080090\": \"Administrator^System\", \"00081030\": \"Abdominal Ultrasound\", \"00100010\": \"Wilson^Michael\", \"00100020\": \"P005\", \"00100030\": \"19550725\", \"00100040\": \"M\", \"00102000\": \"No\", \"0020000D\": \"1.2.826.0.1.3680043.8.498.1759229413323.3533\", \"00200010\": \"ORD-1759229352129-KWP45C6TS\", \"00321030\": \"CONTRAST\", \"00321060\": \"Abdominal Ultrasound\", \"00400002\": \"20250930\", \"00400003\": \"HIGH\", \"00400004\": \"MRI-01\", \"00400007\": \"Abdominal Ultrasound\", \"00400009\": \"SPS_da25b681-7249-4615-86df-0234ca566401\", \"00400010\": \"GE MRI Scanner\", \"00400011\": \"MRI\", \"00400012\": \"Ground Floor, MRI Suite\", \"00400020\": \"SCHEDULED\", \"00401001\": \"ORD-1759229352129-KWP45C6TS\", \"00401002\": \"NO\", \"00401003\": \"HIGH\", \"00402016\": \"ORD-1759229352129-KWP45C6TS\", \"00402017\": \"ORD-1759229352129-KWP45C6TS\"}',NULL),('e0b29734-a2a4-4c3d-9564-68c68ae6c8c1','017c9088-02ea-4a27-9e32-50c3697da4b8','494b1513-1e9b-4b20-b45d-c0b909741ba5','2025-11-04','08:00:00','09:00:00',60,'scheduled',NULL,'',0,NULL,NULL,NULL,1,'2025-11-04 05:15:08','2025-11-04 05:15:09','{\"00080020\": \"20251104\", \"00080030\": \"080000\", \"00080050\": \"ORD-1762233270016-6FLZ8Y583\", \"00080060\": \"MR\", \"00080090\": \"Administrator^System\", \"00081030\": \"Chest X-Ray\", \"00100010\": \"Wilson^Michael\", \"00100020\": \"P005\", \"00100030\": \"19550725\", \"00100040\": \"M\", \"00102000\": \"nil\", \"0020000D\": \"1.2.826.0.1.3680043.8.498.1762233308964.5872\", \"00200010\": \"ORD-1762233270016-6FLZ8Y583\", \"00321060\": \"Chest X-Ray\", \"00400002\": \"20251104\", \"00400003\": \"NORMAL\", \"00400004\": \"MRI-01\", \"00400007\": \"Chest X-Ray\", \"00400009\": \"SPS_e0b29734-a2a4-4c3d-9564-68c68ae6c8c1\", \"00400010\": \"GE MRI Scanner\", \"00400011\": \"MRI\", \"00400012\": \"Ground Floor, MRI Suite\", \"00400020\": \"SCHEDULED\", \"00401001\": \"ORD-1762233270016-6FLZ8Y583\", \"00401002\": \"nil\", \"00401003\": \"NORMAL\", \"00402016\": \"ORD-1762233270016-6FLZ8Y583\", \"00402017\": \"ORD-1762233270016-6FLZ8Y583\"}','d75e8181-ff91-4f1c-b875-b95e8e2a5c5f'),('e16c222e-deb7-4ce7-9385-8b99735909e7','bb56ab07-fa1d-4a08-98d0-cfa8969af645','494b1513-1e9b-4b20-b45d-c0b909741ba5','2025-11-06','08:00:00','09:00:00',60,'scheduled',NULL,'',0,NULL,NULL,NULL,1,'2025-11-06 10:14:00','2025-11-06 10:14:00','{\"00080020\": \"20251106\", \"00080030\": \"080000\", \"00080050\": \"ORD-1762233994510-M7CDXB60T\", \"00080060\": \"MR\", \"00080090\": \"Wilson^Mike\", \"00081030\": \"Abdominal Ultrasound\", \"00100010\": \"Smith^Jane\", \"00100020\": \"P002\", \"00100030\": \"19750822\", \"00100040\": \"F\", \"0020000D\": \"1.2.826.0.1.3680043.8.498.1762424040415.7270\", \"00200010\": \"ORD-1762233994510-M7CDXB60T\", \"00321060\": \"Abdominal Ultrasound\", \"00400002\": \"20251106\", \"00400003\": \"NORMAL\", \"00400004\": \"MRI-01\", \"00400007\": \"Abdominal Ultrasound\", \"00400009\": \"SPS_e16c222e-deb7-4ce7-9385-8b99735909e7\", \"00400010\": \"GE MRI Scanner\", \"00400011\": \"MRI\", \"00400012\": \"Ground Floor, MRI Suite\", \"00400020\": \"SCHEDULED\", \"00401001\": \"ORD-1762233994510-M7CDXB60T\", \"00401002\": \"sss\", \"00401003\": \"NORMAL\", \"00402016\": \"ORD-1762233994510-M7CDXB60T\", \"00402017\": \"ORD-1762233994510-M7CDXB60T\"}','008562f8-ecac-40b3-ae68-d5931739cd3b'),('e71785b2-e2fe-4430-8832-c977493f8d12','7bde8294-91ae-4215-a23e-3484a6b80289','85832cbf-c90c-43c9-9c33-637fecff2cc1','2025-09-22','08:00:00','08:30:00',30,'scheduled',NULL,'',0,NULL,NULL,NULL,1,'2025-09-22 05:20:23','2025-09-22 05:20:23','{\"00080020\": \"20250922\", \"00080030\": \"080000\", \"00080050\": \"ORD-1758297981338-OK9OQ5U59\", \"00080060\": \"CR\", \"00080090\": \"Garcia^Dr. Maria\", \"00081030\": \"Chest X-Ray\", \"00100010\": \"Wilson^Michael\", \"00100020\": \"P005\", \"00100030\": \"19550725\", \"00100040\": \"M\", \"0020000D\": \"1.2.826.0.1.3680043.8.498.1758518423720.4726\", \"00200010\": \"ORD-1758297981338-OK9OQ5U59\", \"00321060\": \"Chest X-Ray\", \"00400002\": \"20250922\", \"00400003\": \"NORMAL\", \"00400004\": \"XR-01\", \"00400007\": \"Chest X-Ray\", \"00400009\": \"SPS_e71785b2-e2fe-4430-8832-c977493f8d12\", \"00400010\": \"Philips X-Ray Machine\", \"00400011\": \"X-Ray\", \"00400012\": \"First Floor, Radiology Department\", \"00400020\": \"SCHEDULED\", \"00401001\": \"ORD-1758297981338-OK9OQ5U59\", \"00401002\": \"Rule out pneumonia\", \"00401003\": \"NORMAL\", \"00402016\": \"ORD-1758297981338-OK9OQ5U59\", \"00402017\": \"ORD-1758297981338-OK9OQ5U59\"}',NULL),('e95a864a-ed49-4099-9dfb-6ab06fbd3495','342f3f1d-0f1a-4c87-87a9-be0862baf969','494b1513-1e9b-4b20-b45d-c0b909741ba5','2025-09-15','09:00:00','10:00:00',60,'scheduled','075845bb-bca2-46a7-907a-235f088439f4','',0,NULL,NULL,NULL,1,'2025-09-15 09:24:21','2025-09-15 09:24:21',NULL,NULL),('eb55f422-03b8-401e-8f17-17186c81f787','fcf336b4-a9bb-4544-b21a-e6790be09dee','629fbeb3-5caf-4261-977e-a4ad5f1131ed','2025-09-16','08:00:00','08:15:00',15,'scheduled','075845bb-bca2-46a7-907a-235f088439f4','',0,NULL,NULL,NULL,1,'2025-09-16 07:11:43','2025-09-16 07:11:43',NULL,NULL),('f55c30f0-0b06-4ff2-a7da-18d0461ac849','58cd6d20-6f07-4d10-aefd-6328378a8692','494b1513-1e9b-4b20-b45d-c0b909741ba5','2025-09-23','10:00:00','11:00:00',60,'scheduled',NULL,'',0,NULL,NULL,NULL,1,'2025-09-23 10:07:05','2025-09-23 10:07:05','{\"00080020\": \"20250923\", \"00080030\": \"100000\", \"00080050\": \"ORD-1758621820421-8B19OFY4N\", \"00080060\": \"MR\", \"00080090\": \"Administrator^System\", \"00081030\": \"CT Chest\", \"00100010\": \"Davis^Emily\", \"00100020\": \"P004\", \"00100030\": \"19900318\", \"00100040\": \"F\", \"0020000D\": \"1.2.826.0.1.3680043.8.498.1758622025284.5065\", \"00200010\": \"ORD-1758621820421-8B19OFY4N\", \"00321060\": \"CT Chest\", \"00400002\": \"20250923\", \"00400003\": \"NORMAL\", \"00400004\": \"MRI-01\", \"00400007\": \"CT Chest\", \"00400009\": \"SPS_f55c30f0-0b06-4ff2-a7da-18d0461ac849\", \"00400010\": \"GE MRI Scanner\", \"00400011\": \"MRI\", \"00400012\": \"Ground Floor, MRI Suite\", \"00400020\": \"SCHEDULED\", \"00401001\": \"ORD-1758621820421-8B19OFY4N\", \"00401002\": \"test\", \"00401003\": \"NORMAL\", \"00402016\": \"ORD-1758621820421-8B19OFY4N\", \"00402017\": \"ORD-1758621820421-8B19OFY4N\"}','91db4356-a725-4a6d-9e23-895ee16c5599'),('fd551bb7-d00e-4271-9aba-1d485a1644e4','fcf336b4-a9bb-4544-b21a-e6790be09dee','494b1513-1e9b-4b20-b45d-c0b909741ba5','2025-09-15','07:00:00','08:00:00',60,'scheduled','075845bb-bca2-46a7-907a-235f088439f4','',0,NULL,NULL,NULL,1,'2025-09-15 06:06:41','2025-09-15 06:06:41',NULL,NULL),('fe36aad2-0e2b-4a02-ada9-d41c000657e9','099be602-e579-4616-b71b-6e99692ec9eb','85832cbf-c90c-43c9-9c33-637fecff2cc1','2025-09-16','08:00:00','08:30:00',30,'scheduled','075845bb-bca2-46a7-907a-235f088439f4','',0,NULL,NULL,NULL,1,'2025-09-16 10:19:01','2025-09-16 10:19:01',NULL,NULL);
/*!40000 ALTER TABLE `schedules` ENABLE KEYS */;
UNLOCK TABLES;

--
-- Table structure for table `user_roles`
--

DROP TABLE IF EXISTS `user_roles`;
/*!40101 SET @saved_cs_client     = @@character_set_client */;
/*!50503 SET character_set_client = utf8mb4 */;
CREATE TABLE `user_roles` (
  `id` char(36) CHARACTER SET utf8mb4 COLLATE utf8mb4_bin NOT NULL,
  `user_id` char(36) CHARACTER SET utf8mb4 COLLATE utf8mb4_bin NOT NULL,
  `role_id` char(36) CHARACTER SET utf8mb4 COLLATE utf8mb4_bin NOT NULL,
  `assigned_by` char(36) CHARACTER SET utf8mb4 COLLATE utf8mb4_bin DEFAULT NULL,
  `assigned_at` datetime DEFAULT NULL,
  `is_active` tinyint(1) DEFAULT '1',
  PRIMARY KEY (`id`),
  UNIQUE KEY `user_roles_roleId_userId_unique` (`user_id`,`role_id`),
  KEY `role_id` (`role_id`),
  KEY `assigned_by` (`assigned_by`),
  CONSTRAINT `user_roles_ibfk_117` FOREIGN KEY (`user_id`) REFERENCES `users` (`id`) ON DELETE CASCADE ON UPDATE CASCADE,
  CONSTRAINT `user_roles_ibfk_118` FOREIGN KEY (`role_id`) REFERENCES `roles` (`id`) ON DELETE CASCADE ON UPDATE CASCADE,
  CONSTRAINT `user_roles_ibfk_119` FOREIGN KEY (`assigned_by`) REFERENCES `users` (`id`)
) ENGINE=InnoDB DEFAULT CHARSET=utf8mb4 COLLATE=utf8mb4_0900_ai_ci;
/*!40101 SET character_set_client = @saved_cs_client */;

--
-- Dumping data for table `user_roles`
--

LOCK TABLES `user_roles` WRITE;
/*!40000 ALTER TABLE `user_roles` DISABLE KEYS */;
INSERT INTO `user_roles` VALUES ('0493db5f-d896-4308-a7c4-43e654e8be56','e84697ea-e8db-4229-9452-3bcfba9ff4be','445722d5-d957-4639-b6b8-3915bd600f63',NULL,'2025-09-19 11:12:17',1),('1bc7014c-95f3-4e10-80c3-592ec644e1ea','cbb0dda8-105a-48e7-a22d-db9ce0b8d8a2','48f57040-2d9d-42e4-a990-0ba753e67382',NULL,'2025-09-19 11:12:15',1),('3507ff36-cb8e-4b03-bee8-7b1b438ae923','f8b4b42f-239f-487b-afc4-476da0e29e12','445722d5-d957-4639-b6b8-3915bd600f63',NULL,'2025-09-19 11:12:16',1),('442dc023-6977-441d-9bcd-ff35b96e7d6f','3ea344b1-9305-4df1-bb00-364d09f82e5b','1cc9cdbb-c749-46c3-aef0-17182c763bdd',NULL,'2025-09-19 11:12:19',1),('4a4a88ed-1418-4549-bb6e-cef62853a4c0','96a3bea7-1f79-4b42-8266-4adfd351c548','1cc9cdbb-c749-46c3-aef0-17182c763bdd',NULL,'2025-09-19 11:12:20',1),('514019db-20d5-4bd1-84fe-954b5c20e218','8d97174c-acf3-46ec-bd8f-e97e60c43e21','44633c30-ce5a-4eca-b70d-d5b98c5fb2b7',NULL,'2025-09-19 11:12:20',1),('628b98dc-7946-4b50-8cb7-07dd62be92d1','f29ce7b0-bf29-4647-a219-7a91c99486c2','48f57040-2d9d-42e4-a990-0ba753e67382',NULL,'2025-09-19 11:12:14',1),('62a093f4-192b-46fa-b44c-adc066a979c6','05de5156-937a-41dc-b036-bf535b1f9d30','48f57040-2d9d-42e4-a990-0ba753e67382',NULL,'2025-09-19 11:12:15',1),('69aff534-b663-4731-8f86-d3c51b9e35df','28d08624-6dc8-469a-8098-b717277357c8','3f121cbd-0f46-4a97-9cb7-8b2782307c6b',NULL,'2025-09-19 11:12:18',1),('714689b0-f7a1-4dcc-b738-bb3f9975dc72','5f626882-288a-41b0-83e1-8fade70b18b3','17773eed-1ed1-41ec-b260-3a3611ccab3d',NULL,'2025-09-19 11:12:13',1),('7c9740ee-ebb5-40dd-85d0-5b5868bad904','346cccee-d19c-42ae-bdab-3ec83bba0d2e','3f121cbd-0f46-4a97-9cb7-8b2782307c6b',NULL,'2025-09-19 11:12:17',1),('7f925929-3774-4a58-bd30-09649570ccaf','075845bb-bca2-46a7-907a-235f088439f4','445722d5-d957-4639-b6b8-3915bd600f63',NULL,'2025-09-19 11:12:16',1),('8a74e655-73b3-433b-ab88-6be8b2420ec9','d17c99b1-1766-4c19-bcd2-58967fe06688','3f121cbd-0f46-4a97-9cb7-8b2782307c6b',NULL,'2025-09-19 11:12:18',1),('8adeecdc-9160-4255-94b9-45ed0f7f65eb','482bd169-4930-490b-88b6-bbf1d4af761b','17773eed-1ed1-41ec-b260-3a3611ccab3d',NULL,'2025-09-19 11:12:14',1),('a899daf5-a713-41e9-b18f-d0c6418096ac','ae60fa35-649e-414c-835a-06ae1904890c','b488b38f-9077-4711-a439-7e549df95e1e',NULL,'2025-09-19 11:12:13',1),('bf18349c-24be-4dfc-80bf-f50f001b1737','72b05470-3dc1-4900-908e-aab71a68aec2','3f121cbd-0f46-4a97-9cb7-8b2782307c6b',NULL,'2025-09-19 11:12:18',1),('c70bb08d-51cd-4c95-8aa2-5cc44df8b138','1773faf5-9676-4532-9f59-79a4428c69ed','445722d5-d957-4639-b6b8-3915bd600f63',NULL,'2025-09-19 11:12:16',1),('da499b62-eddd-4fea-9430-2381ce2ff6e7','5e7a3ff0-480f-44b6-99a4-de687ba6204c','1cc9cdbb-c749-46c3-aef0-17182c763bdd',NULL,'2025-09-19 11:12:19',1),('e28c2cdb-cecd-41c0-a713-50c18ffe1fd2','40e2e2ee-fc04-47bd-b7cf-fdeaea8eb3c5','48f57040-2d9d-42e4-a990-0ba753e67382',NULL,'2025-09-19 11:12:14',1);
/*!40000 ALTER TABLE `user_roles` ENABLE KEYS */;
UNLOCK TABLES;

--
-- Table structure for table `users`
--

DROP TABLE IF EXISTS `users`;
/*!40101 SET @saved_cs_client     = @@character_set_client */;
/*!50503 SET character_set_client = utf8mb4 */;
CREATE TABLE `users` (
  `id` char(36) CHARACTER SET utf8mb4 COLLATE utf8mb4_bin NOT NULL,
  `email` varchar(255) NOT NULL,
  `password` varchar(255) NOT NULL,
  `first_name` varchar(100) NOT NULL,
  `last_name` varchar(100) NOT NULL,
  `phone` varchar(20) DEFAULT NULL,
  `employee_id` varchar(50) DEFAULT NULL,
  `department` varchar(100) DEFAULT NULL,
  `specialization` varchar(100) DEFAULT NULL,
  `license_number` varchar(100) DEFAULT NULL,
  `is_active` tinyint(1) DEFAULT '1',
  `last_login` datetime DEFAULT NULL,
  `password_reset_token` varchar(255) DEFAULT NULL,
  `password_reset_expires` datetime DEFAULT NULL,
  `email_verification_token` varchar(255) DEFAULT NULL,
  `is_email_verified` tinyint(1) DEFAULT '0',
  `profile_image` varchar(500) DEFAULT NULL,
  `timezone` varchar(50) DEFAULT 'UTC',
  `language` varchar(10) DEFAULT 'en',
  `created_at` datetime NOT NULL,
  `updated_at` datetime NOT NULL,
  PRIMARY KEY (`id`),
  UNIQUE KEY `email` (`email`),
  UNIQUE KEY `email_2` (`email`),
  UNIQUE KEY `email_3` (`email`),
  UNIQUE KEY `email_4` (`email`),
  UNIQUE KEY `email_5` (`email`),
  UNIQUE KEY `email_6` (`email`),
  UNIQUE KEY `email_7` (`email`),
  UNIQUE KEY `email_8` (`email`),
  UNIQUE KEY `email_9` (`email`),
  UNIQUE KEY `email_10` (`email`),
  UNIQUE KEY `email_11` (`email`),
  UNIQUE KEY `email_12` (`email`),
  UNIQUE KEY `email_13` (`email`),
  UNIQUE KEY `email_14` (`email`),
  UNIQUE KEY `email_15` (`email`),
  UNIQUE KEY `email_16` (`email`),
  UNIQUE KEY `email_17` (`email`),
  UNIQUE KEY `email_18` (`email`),
  UNIQUE KEY `email_19` (`email`),
  UNIQUE KEY `email_20` (`email`),
  UNIQUE KEY `email_21` (`email`),
  UNIQUE KEY `email_22` (`email`),
  UNIQUE KEY `email_23` (`email`),
  UNIQUE KEY `email_24` (`email`),
  UNIQUE KEY `email_25` (`email`),
  UNIQUE KEY `email_26` (`email`),
  UNIQUE KEY `email_27` (`email`),
  UNIQUE KEY `email_28` (`email`),
  UNIQUE KEY `email_29` (`email`),
  UNIQUE KEY `email_30` (`email`),
  UNIQUE KEY `email_31` (`email`),
  UNIQUE KEY `email_32` (`email`),
  UNIQUE KEY `email_33` (`email`),
  UNIQUE KEY `email_34` (`email`),
  UNIQUE KEY `email_35` (`email`),
  UNIQUE KEY `email_36` (`email`),
  UNIQUE KEY `email_37` (`email`),
  UNIQUE KEY `email_38` (`email`),
  UNIQUE KEY `email_39` (`email`),
  UNIQUE KEY `email_40` (`email`),
  UNIQUE KEY `email_41` (`email`),
  UNIQUE KEY `email_42` (`email`),
  UNIQUE KEY `email_43` (`email`),
  UNIQUE KEY `email_44` (`email`),
  UNIQUE KEY `email_45` (`email`),
  UNIQUE KEY `email_46` (`email`),
  UNIQUE KEY `email_47` (`email`),
  UNIQUE KEY `email_48` (`email`),
  UNIQUE KEY `email_49` (`email`),
  UNIQUE KEY `email_50` (`email`),
  UNIQUE KEY `email_51` (`email`),
  UNIQUE KEY `email_52` (`email`),
  UNIQUE KEY `email_53` (`email`),
  UNIQUE KEY `email_54` (`email`),
  UNIQUE KEY `email_55` (`email`),
  UNIQUE KEY `email_56` (`email`),
  UNIQUE KEY `email_57` (`email`),
  UNIQUE KEY `email_58` (`email`),
  UNIQUE KEY `email_59` (`email`)
) ENGINE=InnoDB DEFAULT CHARSET=utf8mb4 COLLATE=utf8mb4_0900_ai_ci;
/*!40101 SET character_set_client = @saved_cs_client */;

--
-- Dumping data for table `users`
--

LOCK TABLES `users` WRITE;
/*!40000 ALTER TABLE `users` DISABLE KEYS */;
INSERT INTO `users` VALUES ('05de5156-937a-41dc-b036-bf535b1f9d30','dr.wilson@hospital.com','$2a$10$G/h1UgoB3.LgDxB.jY/x7unYelv4yKRm39kRYQGXjs3bhbQlQgiM2','Dr. Michael','Wilson','+1-555-1003',NULL,'Radiology','Neuro Radiology',NULL,1,'2025-10-31 08:53:20',NULL,NULL,NULL,0,NULL,'UTC','en','2025-09-19 11:12:14','2025-10-31 08:53:20'),('075845bb-bca2-46a7-907a-235f088439f4','tech.lisa@hospital.com','$2y$10$VWdNGKl8UnfHsL0NUnZv9uYh1kFGKdUnXkWaT0pTuyTT1xXMJiJVC','Lisa','Brown','+1-555-2001',NULL,'Radiology',NULL,'RT123457',1,'2025-09-22 05:35:21',NULL,NULL,NULL,0,NULL,'UTC','en','2025-09-11 08:55:22','2025-09-22 05:35:21'),('1773faf5-9676-4532-9f59-79a4428c69ed','tech.mike@hospital.com','$2y$10$VWdNGKl8UnfHsL0NUnZv9uYh1kFGKdUnXkWaT0pTuyTT1xXMJiJVC','Mike','Wilson','+1-555-2002',NULL,'Radiology',NULL,'RT123456',1,'2025-11-04 05:27:26',NULL,NULL,NULL,0,NULL,'UTC','en','2025-09-11 08:55:22','2025-11-04 05:27:26'),('28d08624-6dc8-469a-8098-b717277357c8','dr.taylor@hospital.com','$2a$12$f.NeNcgJgQCq6LqF3hovNut33treP2oW06liHs7FXD/Na59a324MG','Dr. Robert','Taylor','+1-555-3004',NULL,'Oncology','Cancer Imaging',NULL,1,NULL,NULL,NULL,NULL,0,NULL,'UTC','en','2025-09-19 11:12:18','2025-09-19 11:12:18'),('346cccee-d19c-42ae-bdab-3ec83bba0d2e','dr.garcia@hospital.com','$2a$12$JNrNQuzO7yDSHbkCJdnQL.ELox6ep8ejKKNHShajxLYV4yHtSeSUu','Dr. Maria','Garcia','+1-555-3001',NULL,'Internal Medicine','Cardiology','MD123459',1,NULL,NULL,NULL,NULL,0,NULL,'UTC','en','2025-09-11 08:55:23','2025-09-19 11:12:17'),('3ea344b1-9305-4df1-bb00-364d09f82e5b','billing.sarah@hospital.com','$2a$12$pr3XEQNVKbZJmL9H3KjgW.Cmz/P9o1yVYLUJF7NZENGmmPvhSwogW','Sarah','Miller','+1-555-4001',NULL,'Billing',NULL,NULL,1,NULL,NULL,NULL,NULL,0,NULL,'UTC','en','2025-09-11 08:55:23','2025-09-19 11:12:18'),('40e2e2ee-fc04-47bd-b7cf-fdeaea8eb3c5','dr.johnson@hospital.com','$2a$12$nKwhE3KPYJm/ZX2U10J92OSgV2g7b9m8uK6zAvFFJdPKWsp3/I0Fi','Dr. Sarah','Johnson','+1-555-1002',NULL,'Radiology','Musculoskeletal Radiology','MD123457',1,NULL,NULL,NULL,NULL,0,NULL,'UTC','en','2025-09-11 08:55:21','2025-09-19 11:12:14'),('482bd169-4930-490b-88b6-bbf1d4af761b','admin.mary@hospital.com','$2a$12$kVM0.6a6rvV/8zTmajlik.VQ8a..yTZKmeo1hDsQpi8S7EYHxEXaS','Mary','Thompson','+1-555-0003',NULL,'Radiology Administration',NULL,NULL,1,NULL,NULL,NULL,NULL,0,NULL,'UTC','en','2025-09-19 11:12:13','2025-09-19 11:12:13'),('5e7a3ff0-480f-44b6-99a4-de687ba6204c','billing.tom@hospital.com','$2a$12$4RLwEOfaWW4.OawcI26/SuNOfU0LrQgGrAbdptb.zDRc3iBJq8aq6','Tom','Anderson','+1-555-4002',NULL,'Billing',NULL,NULL,1,NULL,NULL,NULL,NULL,0,NULL,'UTC','en','2025-09-19 11:12:19','2025-09-19 11:12:19'),('5f626882-288a-41b0-83e1-8fade70b18b3','admin@ris.com','$2y$10$HiKg.exgKJhwMXRy1Ac8jO07T3I0HUw2QpTjsLgTOkiQuqNAU3/JG','System','Administrator','+1-555-0002',NULL,'IT Administration',NULL,NULL,1,'2025-11-06 10:13:22',NULL,NULL,NULL,1,NULL,'UTC','en','2025-09-11 08:55:16','2025-11-06 10:13:22'),('72b05470-3dc1-4900-908e-aab71a68aec2','dr.davis@hospital.com','$2a$12$ddILRnFOfa8znV4ASJ2HyuBRaR0DpADouJVFnC605.mcM6KXc5W4W','Dr. Michael','Davis','+1-555-3002',NULL,'Orthopedics','Sports Medicine','MD123458',1,NULL,NULL,NULL,NULL,0,NULL,'UTC','en','2025-09-11 08:55:22','2025-09-19 11:12:17'),('8d97174c-acf3-46ec-bd8f-e97e60c43e21','user.test@hospital.com','$2a$12$OS.7MrbgCieiNOMTN9klA.qBzMwPY5CCPp4tpWiqQfmGdtYkHipt2','Test','User','+1-555-5001',NULL,'General',NULL,NULL,1,NULL,NULL,NULL,NULL,0,NULL,'UTC','en','2025-09-19 11:12:20','2025-09-19 11:12:20'),('96a3bea7-1f79-4b42-8266-4adfd351c548','billing.jane@hospital.com','$2a$12$Mli3Sn4tkfRkTypBru6qF.foJSkbGMHMmY9H3aRTIGigjQwElaFWS','Jane','White','+1-555-4003',NULL,'Billing',NULL,NULL,1,NULL,NULL,NULL,NULL,0,NULL,'UTC','en','2025-09-19 11:12:19','2025-09-19 11:12:19'),('ae60fa35-649e-414c-835a-06ae1904890c','superadmin@ris.com','$2a$12$i44TniggToq7tl3kYfSWDena.JJu0bTXx4asQ5g/D3g6naaZgYdte','Super','Administrator','+1-555-0001',NULL,'IT Administration',NULL,NULL,1,NULL,NULL,NULL,NULL,0,NULL,'UTC','en','2025-09-19 11:12:12','2025-09-19 11:12:12'),('cbb0dda8-105a-48e7-a22d-db9ce0b8d8a2','dr.brown@hospital.com','$2a$12$MBLYeYskaf7cHLr7DI1O6ukE/8dbKMyD22lVaNmyZh.zDB7Zv3QR6','Dr. Emily','Brown','+1-555-1004',NULL,'Radiology','Pediatric Radiology',NULL,1,NULL,NULL,NULL,NULL,0,NULL,'UTC','en','2025-09-19 11:12:15','2025-09-19 11:12:15'),('d17c99b1-1766-4c19-bcd2-58967fe06688','dr.lee@hospital.com','$2a$12$q33eViQxFsX9k58AUFreRuikeK.7m4ISXU7LEw5KrGI4dEQBgpX/6','Dr. Jennifer','Lee','+1-555-3003',NULL,'Emergency Medicine','Emergency Radiology',NULL,1,NULL,NULL,NULL,NULL,0,NULL,'UTC','en','2025-09-19 11:12:18','2025-09-19 11:12:18'),('e84697ea-e8db-4229-9452-3bcfba9ff4be','tech.james@hospital.com','$2a$12$KQhjh5hrb0I.MNxgWqOnbeMKu7I5X0ib81NevZUZndemH69CeTcYq','James','Miller','+1-555-2004',NULL,'Radiology',NULL,NULL,1,NULL,NULL,NULL,NULL,0,NULL,'UTC','en','2025-09-19 11:12:16','2025-09-19 11:12:16'),('f29ce7b0-bf29-4647-a219-7a91c99486c2','dr.smith@hospital.com','$2a$12$Y/MtvrkmjvY8ntl65t6y9O2YEK.OYmSbpib5GpTDyqaDUDA1FW8XK','Dr. John','Smith','+1-555-1001',NULL,'Radiology','Chest Radiology','MD123456',1,NULL,NULL,NULL,NULL,0,NULL,'UTC','en','2025-09-11 08:55:21','2025-09-19 11:12:14'),('f8b4b42f-239f-487b-afc4-476da0e29e12','tech.sarah@hospital.com','$2a$12$nngVnXgMhoYbsQadeimid.UG6Fxc8avPz2YOvavlDvruJrTUhNbUm','Sarah','Davis','+1-555-2003',NULL,'Radiology',NULL,NULL,1,NULL,NULL,NULL,NULL,0,NULL,'UTC','en','2025-09-19 11:12:16','2025-09-19 11:12:16');
/*!40000 ALTER TABLE `users` ENABLE KEYS */;
UNLOCK TABLES;

--
-- Table structure for table `workflow_statuses`
--

DROP TABLE IF EXISTS `workflow_statuses`;
/*!40101 SET @saved_cs_client     = @@character_set_client */;
/*!50503 SET character_set_client = utf8mb4 */;
CREATE TABLE `workflow_statuses` (
  `id` char(36) CHARACTER SET utf8mb4 COLLATE utf8mb4_bin NOT NULL,
  `order_id` char(36) CHARACTER SET utf8mb4 COLLATE utf8mb4_bin NOT NULL,
  `status` enum('created','scheduled','in_progress','assigned','ai_read','first_read','qa','completed','reported','verified') NOT NULL,
  `previous_status` enum('created','scheduled','in_progress','assigned','ai_read','first_read','qa','completed','reported','verified') DEFAULT NULL,
  `user_id` char(36) CHARACTER SET utf8mb4 COLLATE utf8mb4_bin DEFAULT NULL,
  `timestamp` datetime NOT NULL,
  `comments` text,
  `duration` int DEFAULT NULL COMMENT 'Duration in minutes spent in this status',
  `is_active` tinyint(1) DEFAULT '1',
  `metadata` json DEFAULT NULL COMMENT 'Additional metadata for the status change',
  `created_at` datetime NOT NULL,
  `updated_at` datetime NOT NULL,
  PRIMARY KEY (`id`),
  KEY `order_id` (`order_id`),
  KEY `user_id` (`user_id`),
  CONSTRAINT `workflow_statuses_ibfk_111` FOREIGN KEY (`order_id`) REFERENCES `orders` (`id`) ON DELETE CASCADE ON UPDATE CASCADE,
  CONSTRAINT `workflow_statuses_ibfk_112` FOREIGN KEY (`user_id`) REFERENCES `users` (`id`) ON DELETE SET NULL ON UPDATE CASCADE
) ENGINE=InnoDB DEFAULT CHARSET=utf8mb4 COLLATE=utf8mb4_0900_ai_ci;
/*!40101 SET character_set_client = @saved_cs_client */;

--
-- Dumping data for table `workflow_statuses`
--

LOCK TABLES `workflow_statuses` WRITE;
/*!40000 ALTER TABLE `workflow_statuses` DISABLE KEYS */;
INSERT INTO `workflow_statuses` VALUES ('0083dece-a9a4-4ea6-a27a-eb59b4b7ea31','63b7df86-7e2e-4d6d-8712-33cc027f715f','ai_read','completed','5f626882-288a-41b0-83e1-8fade70b18b3','2025-11-04 10:01:49','AI analysis completed',NULL,1,NULL,'2025-11-04 10:01:49','2025-11-04 10:01:49'),('01976f64-22a3-4ce1-bbed-15989f81b44f','099be602-e579-4616-b71b-6e99692ec9eb','scheduled','created','5f626882-288a-41b0-83e1-8fade70b18b3','2025-09-16 10:19:01','Order scheduled via scheduling API',NULL,1,NULL,'2025-09-16 10:19:01','2025-09-16 10:19:01'),('020e2d9e-510a-4bee-99c3-1bf90994fc39','6f211777-f52a-418f-9ad8-ab138f4f1198','created',NULL,'5f626882-288a-41b0-83e1-8fade70b18b3','2025-09-23 09:42:46','Order created',NULL,1,NULL,'2025-09-23 09:42:46','2025-09-23 09:42:46'),('02a74d7e-72a7-46d0-81d1-4c4699528d7b','58cd6d20-6f07-4d10-aefd-6328378a8692','completed','in_progress','5f626882-288a-41b0-83e1-8fade70b18b3','2025-09-23 10:34:02','Status updated to completed',NULL,1,NULL,'2025-09-23 10:34:02','2025-09-23 10:34:02'),('031132ce-abb6-495d-8b8b-a07bc58801e9','b0fa0b35-61d4-4826-8330-108c07f85910','qa','first_read','5f626882-288a-41b0-83e1-8fade70b18b3','2025-11-04 16:51:06','Status updated to qa',NULL,1,NULL,'2025-11-04 16:51:06','2025-11-04 16:51:06'),('03aa257c-cca0-4b29-ad6c-e8461fa3ac5a','a4c6719e-e062-4443-8734-393a9edda3a4','scheduled','created','5f626882-288a-41b0-83e1-8fade70b18b3','2025-09-29 09:37:14','Order scheduled via scheduling API',NULL,1,NULL,'2025-09-29 09:37:14','2025-09-29 09:37:14'),('04f80e52-7124-466f-babc-54ea66008431','da939f17-2a78-4c56-b8dc-85831658fda6','assigned','scheduled','5f626882-288a-41b0-83e1-8fade70b18b3','2025-10-31 05:01:40','Assigned: Technician: Mike Wilson, Radiologist: Dr. Michael Wilson | asasd',NULL,1,NULL,'2025-10-31 05:01:40','2025-10-31 05:01:40'),('058461de-9999-4a24-b7b4-9206b800e2a3','a4c6719e-e062-4443-8734-393a9edda3a4','created',NULL,'5f626882-288a-41b0-83e1-8fade70b18b3','2025-09-29 09:07:53','Order created',NULL,1,NULL,'2025-09-29 09:07:53','2025-09-29 09:07:53'),('06650147-d10c-48b6-9949-6c47dce3332a','ca523212-818c-41c6-9e5c-f8cdca3e09fa','verified','reported','5f626882-288a-41b0-83e1-8fade70b18b3','2025-09-19 09:55:21','Status updated to verified',NULL,1,NULL,'2025-09-19 09:55:21','2025-09-19 09:55:21'),('07d7f225-4cc0-4be4-86bb-40d59e28d5c1','d9a2fcfc-51b7-4eec-b04e-38152906e4f9','ai_read','completed','5f626882-288a-41b0-83e1-8fade70b18b3','2025-11-04 06:00:03','AI analysis completed',NULL,1,NULL,'2025-11-04 06:00:03','2025-11-04 06:00:03'),('07f2d19d-d35e-4a18-b1f7-253f11b8eed1','099be602-e579-4616-b71b-6e99692ec9eb','created',NULL,'5f626882-288a-41b0-83e1-8fade70b18b3','2025-09-16 10:18:42','Order created',NULL,1,NULL,'2025-09-16 10:18:42','2025-09-16 10:18:42'),('07f8ab0c-48df-4a1c-b220-247567dc636d','63b7df86-7e2e-4d6d-8712-33cc027f715f','created',NULL,'5f626882-288a-41b0-83e1-8fade70b18b3','2025-11-04 09:59:53','Order created',NULL,1,NULL,'2025-11-04 09:59:53','2025-11-04 09:59:53'),('085e28f2-c99e-410f-812c-c33cb8c07f4a','6f211777-f52a-418f-9ad8-ab138f4f1198','in_progress','assigned','5f626882-288a-41b0-83e1-8fade70b18b3','2025-10-31 07:26:42','Status updated to in_progress',NULL,1,NULL,'2025-10-31 07:26:42','2025-10-31 07:26:42'),('08e19696-7edd-4065-a79c-5819090e4267','58cd6d20-6f07-4d10-aefd-6328378a8692','ai_read','completed','5f626882-288a-41b0-83e1-8fade70b18b3','2025-09-23 10:34:14','AI analysis completed',NULL,1,NULL,'2025-09-23 10:34:14','2025-09-23 10:34:14'),('094e3042-ab61-4ad4-a16f-a7f7a82503e4','b5b6f0fd-2c03-4d62-b2d0-81796f3c08e8','scheduled','created','5f626882-288a-41b0-83e1-8fade70b18b3','2025-11-04 11:25:51','Order scheduled via scheduling API',NULL,1,NULL,'2025-11-04 11:25:51','2025-11-04 11:25:51'),('099535cc-4411-40f2-b874-ef205a1c3a01','c8b4a068-8e28-4c57-a21d-e3b68f909af1','qa','first_read','5f626882-288a-41b0-83e1-8fade70b18b3','2025-09-23 09:53:00','QA assigned to Dr. Michael Wilson',NULL,1,NULL,'2025-09-23 09:53:00','2025-09-23 09:53:00'),('09a3bab0-8c28-4aba-a385-bb25f9ac6b13','c8b4a068-8e28-4c57-a21d-e3b68f909af1','qa','first_read','5f626882-288a-41b0-83e1-8fade70b18b3','2025-09-23 09:53:00','Status updated to qa',NULL,1,NULL,'2025-09-23 09:53:00','2025-09-23 09:53:00'),('0ae9a3fa-53b2-4e15-b5d7-a5755dc77a14','9fcadab8-165d-4ba0-b5c2-24617bf6d7aa','verified','reported','5f626882-288a-41b0-83e1-8fade70b18b3','2025-09-15 09:51:16','Status updated to verified',NULL,1,NULL,'2025-09-15 09:51:16','2025-09-15 09:51:16'),('0b20216b-26ec-43f9-837e-4aff52e27b5b','ca523212-818c-41c6-9e5c-f8cdca3e09fa','in_progress','scheduled','5f626882-288a-41b0-83e1-8fade70b18b3','2025-09-18 05:16:53','Status updated to in_progress',NULL,1,NULL,'2025-09-18 05:16:53','2025-09-18 05:16:53'),('0ba41295-0a5e-439c-83d1-e8dea91e5961','7523b379-a61c-43d6-bf68-489a5adcafb8','in_progress','assigned','5f626882-288a-41b0-83e1-8fade70b18b3','2025-10-30 11:11:37','Status updated to in_progress',NULL,1,NULL,'2025-10-30 11:11:37','2025-10-30 11:11:37'),('0ca5bf28-9e7c-473d-847d-4298ccadb053','5c253cdf-d875-4561-8ce4-5640ea4f0b58','assigned','scheduled','5f626882-288a-41b0-83e1-8fade70b18b3','2025-11-04 09:03:32','Assigned: Technician: James Miller, Radiologist: Dr. Emily Brown',NULL,1,NULL,'2025-11-04 09:03:32','2025-11-04 09:03:32'),('0d2b48fc-b522-4394-8308-c4334d9fbfeb','0bed362b-b775-4bbb-880f-d3cdbbcac0c1','in_progress','assigned','5f626882-288a-41b0-83e1-8fade70b18b3','2025-10-06 09:32:31','Status updated to in_progress',NULL,1,NULL,'2025-10-06 09:32:31','2025-10-06 09:32:31'),('0d4732be-e433-4d59-84ef-e3e5bdcce7d3','f55022a8-30f7-4d86-8624-9502808b82af','in_progress','scheduled','5f626882-288a-41b0-83e1-8fade70b18b3','2025-09-15 09:55:55','Status updated to in_progress',NULL,1,NULL,'2025-09-15 09:55:55','2025-09-15 09:55:55'),('0db7cc84-cb9b-4718-a1ba-1d5ed5139c45','63b7df86-7e2e-4d6d-8712-33cc027f715f','scheduled','created','5f626882-288a-41b0-83e1-8fade70b18b3','2025-11-04 10:00:02','Order scheduled via scheduling API',NULL,1,NULL,'2025-11-04 10:00:02','2025-11-04 10:00:02'),('0ddc4ab2-93b3-4811-ae88-61a8d5d38e7a','7523b379-a61c-43d6-bf68-489a5adcafb8','created',NULL,'5f626882-288a-41b0-83e1-8fade70b18b3','2025-10-30 11:04:39','Order created',NULL,1,NULL,'2025-10-30 11:04:39','2025-10-30 11:04:39'),('0e674f01-60c9-4f87-981f-c772f768b6c0','342f3f1d-0f1a-4c87-87a9-be0862baf969','ai_read','completed','5f626882-288a-41b0-83e1-8fade70b18b3','2025-09-15 09:34:38','Status updated to ai_read',NULL,1,NULL,'2025-09-15 09:34:38','2025-09-15 09:34:38'),('0e8f3aa7-6706-4ad3-a79a-5960283a7811','b31e28f1-cdcc-4de2-b3d6-d02de58319ef','scheduled','created','1773faf5-9676-4532-9f59-79a4428c69ed','2025-11-04 05:26:45','Order scheduled via scheduling API',NULL,1,NULL,'2025-11-04 05:26:45','2025-11-04 05:26:45'),('0ed08ea6-a14f-461b-8066-90d7100067f7','f93c094e-436a-472d-bf91-eb0b9d8e8bec','created',NULL,'5f626882-288a-41b0-83e1-8fade70b18b3','2025-09-16 11:17:08','Order created',NULL,1,NULL,'2025-09-16 11:17:08','2025-09-16 11:17:08'),('10873a01-8949-489e-b680-080ed5a2e1de','b31e28f1-cdcc-4de2-b3d6-d02de58319ef','created',NULL,'5f626882-288a-41b0-83e1-8fade70b18b3','2025-11-02 07:33:10','Order created',NULL,1,NULL,'2025-11-02 07:33:10','2025-11-02 07:33:10'),('11052c01-4415-42f8-aa8e-5aac9fb32e82','9fcadab8-165d-4ba0-b5c2-24617bf6d7aa','scheduled','created','5f626882-288a-41b0-83e1-8fade70b18b3','2025-09-15 09:44:37','Order scheduled via scheduling API',NULL,1,NULL,'2025-09-15 09:44:37','2025-09-15 09:44:37'),('1308df6b-ca41-4c19-a71d-7d9660251f25','817ee038-6bd9-4e35-ae4c-6958b43fe52f','scheduled','created','5f626882-288a-41b0-83e1-8fade70b18b3','2025-10-06 10:19:20','Order scheduled via scheduling API',NULL,1,NULL,'2025-10-06 10:19:20','2025-10-06 10:19:20'),('1343a307-9635-48bb-82ff-adbc48d0b13d','b0fa0b35-61d4-4826-8330-108c07f85910','qa','first_read','5f626882-288a-41b0-83e1-8fade70b18b3','2025-11-04 16:51:06','QA assigned to Dr. John Smith',NULL,1,NULL,'2025-11-04 16:51:06','2025-11-04 16:51:06'),('13a9c3ea-bc00-4fe6-98e1-16bdfaa884e5','bb56ab07-fa1d-4a08-98d0-cfa8969af645','scheduled','created','5f626882-288a-41b0-83e1-8fade70b18b3','2025-11-06 10:14:00','Order scheduled via scheduling API',NULL,1,NULL,'2025-11-06 10:14:00','2025-11-06 10:14:00'),('14e31ac2-f13b-461b-8a8a-72a182192120','7bde8294-91ae-4215-a23e-3484a6b80289','completed','in_progress','1773faf5-9676-4532-9f59-79a4428c69ed','2025-09-22 05:36:39','Status updated to completed',NULL,1,NULL,'2025-09-22 05:36:39','2025-09-22 05:36:39'),('14e3e888-8a79-4306-a4b8-2eaa8502fb54','36f4f349-3266-45af-87d4-9c3871fc2b8b','created',NULL,'05de5156-937a-41dc-b036-bf535b1f9d30','2025-09-19 16:06:09','Order created',NULL,1,NULL,'2025-09-19 16:06:09','2025-09-19 16:06:09'),('1577e445-7e23-41ff-b5a5-30465f0753e5','6f211777-f52a-418f-9ad8-ab138f4f1198','assigned','scheduled','5f626882-288a-41b0-83e1-8fade70b18b3','2025-10-31 07:26:38','Assigned: Technician: James Miller, Radiologist: Dr. John Smith',NULL,1,NULL,'2025-10-31 07:26:38','2025-10-31 07:26:38'),('162c0fb4-1054-4628-bab1-193d61169a4a','017c9088-02ea-4a27-9e32-50c3697da4b8','assigned','scheduled','5f626882-288a-41b0-83e1-8fade70b18b3','2025-11-04 05:20:23','Assigned: Technician: Lisa Brown, Radiologist: Dr. Emily Brown',NULL,1,NULL,'2025-11-04 05:20:23','2025-11-04 05:20:23'),('1a9da52c-8845-4558-9c11-7d4cf1c2578f','c3b7f3f6-ffa7-4035-8070-201ab3a82c45','created',NULL,'5f626882-288a-41b0-83e1-8fade70b18b3','2025-09-16 10:36:02','Order created',NULL,1,NULL,'2025-09-16 10:36:02','2025-09-16 10:36:02'),('1c49066d-268a-41ed-afdf-836e618f4074','6f211777-f52a-418f-9ad8-ab138f4f1198','scheduled','created','5f626882-288a-41b0-83e1-8fade70b18b3','2025-10-31 07:25:50','Order scheduled via scheduling API',NULL,1,NULL,'2025-10-31 07:25:50','2025-10-31 07:25:50'),('1c4b7e4a-7e32-4cb7-abdb-e81a5e0a00d0','2054d395-b542-4df4-b6f6-3f387d517046','first_read','completed','5f626882-288a-41b0-83e1-8fade70b18b3','2025-11-04 06:20:01','Status updated to first_read',NULL,1,NULL,'2025-11-04 06:20:01','2025-11-04 06:20:01'),('1dc2775a-9d32-4e40-b0c2-7df5cd2a6cd4','7bde8294-91ae-4215-a23e-3484a6b80289','in_progress','assigned','5f626882-288a-41b0-83e1-8fade70b18b3','2025-09-22 05:21:16','Status updated to in_progress',NULL,1,NULL,'2025-09-22 05:21:16','2025-09-22 05:21:16'),('1dd0e5ed-11b4-49bf-8ebc-706e2c0da144','342f3f1d-0f1a-4c87-87a9-be0862baf969','first_read','ai_read','5f626882-288a-41b0-83e1-8fade70b18b3','2025-09-15 09:34:55','Status updated to first_read',NULL,1,NULL,'2025-09-15 09:34:55','2025-09-15 09:34:55'),('1dd98344-7f33-44aa-a93c-da55fa05e61d','aad59992-18f3-452d-bafb-612f57b68c1b','scheduled','created','5f626882-288a-41b0-83e1-8fade70b18b3','2025-09-22 05:22:58','Order scheduled via scheduling API',NULL,1,NULL,'2025-09-22 05:22:58','2025-09-22 05:22:58'),('1e813fe0-e8a3-44ec-972c-0e0c3e5838ca','f46f0fb0-eadc-416c-8856-f544929b80f9','scheduled','created','5f626882-288a-41b0-83e1-8fade70b18b3','2025-11-07 10:11:29','Order scheduled via scheduling API',NULL,1,NULL,'2025-11-07 10:11:29','2025-11-07 10:11:29'),('1e8a6134-2850-427c-89f8-e12ae0b08d4d','6d85b12e-ea70-4317-ae11-a1ce7ed7ee22','created',NULL,'5f626882-288a-41b0-83e1-8fade70b18b3','2025-10-31 07:38:59','Order created',NULL,1,NULL,'2025-10-31 07:38:59','2025-10-31 07:38:59'),('1ee4e8e9-4e8d-424f-8582-9bf5d9ad84d3','058e0b5a-7acc-4b7e-9285-ac567f023ac0','scheduled','created','5f626882-288a-41b0-83e1-8fade70b18b3','2025-09-30 10:50:12','Order scheduled via scheduling API',NULL,1,NULL,'2025-09-30 10:50:12','2025-09-30 10:50:12'),('1fdd8630-928b-48a6-863f-ca663be3de2a','d9a2fcfc-51b7-4eec-b04e-38152906e4f9','first_read','ai_read','5f626882-288a-41b0-83e1-8fade70b18b3','2025-11-04 06:01:07','Status updated to first_read',NULL,1,NULL,'2025-11-04 06:01:07','2025-11-04 06:01:07'),('23674df6-5e5a-4ed2-9678-4c014e8cc5c0','5c253cdf-d875-4561-8ce4-5640ea4f0b58','in_progress','assigned','5f626882-288a-41b0-83e1-8fade70b18b3','2025-11-04 11:24:01','Status updated to in_progress',NULL,1,NULL,'2025-11-04 11:24:01','2025-11-04 11:24:01'),('23f01565-c28e-405a-8854-ad3d2e3d7b41','0fd3c584-7a9d-436e-8050-bc6d88d103dd','created',NULL,'5f626882-288a-41b0-83e1-8fade70b18b3','2025-09-16 10:39:31','Order created',NULL,1,NULL,'2025-09-16 10:39:31','2025-09-16 10:39:31'),('24003389-126b-45d3-93f6-2ea3ae12eb48','2054d395-b542-4df4-b6f6-3f387d517046','completed','in_progress','5f626882-288a-41b0-83e1-8fade70b18b3','2025-11-04 06:12:34','Status updated to completed',NULL,1,NULL,'2025-11-04 06:12:34','2025-11-04 06:12:34'),('25657ccc-4979-4005-b817-dc75f082e6bc','019b1f91-fbf8-4e34-b103-b82474822325','created',NULL,'5f626882-288a-41b0-83e1-8fade70b18b3','2025-09-15 05:18:50','Order created',NULL,1,NULL,'2025-09-15 05:18:50','2025-09-15 05:18:50'),('260bc4b6-bd23-4021-b705-0601825ae17b','63b7df86-7e2e-4d6d-8712-33cc027f715f','first_read','ai_read','5f626882-288a-41b0-83e1-8fade70b18b3','2025-11-07 10:09:20','Status updated to first_read',NULL,1,NULL,'2025-11-07 10:09:20','2025-11-07 10:09:20'),('274b3d3a-5edd-4521-bedd-186d3f6e7d44','6d85b12e-ea70-4317-ae11-a1ce7ed7ee22','in_progress','assigned','5f626882-288a-41b0-83e1-8fade70b18b3','2025-10-31 07:42:53','Status updated to in_progress',NULL,1,NULL,'2025-10-31 07:42:53','2025-10-31 07:42:53'),('278aacae-36a2-41af-9748-ee4df442cc79','1f2b5827-f50f-4210-aecf-1e9a0796d5dd','reported','qa','5f626882-288a-41b0-83e1-8fade70b18b3','2025-09-22 11:03:59','Status updated to reported',NULL,1,NULL,'2025-09-22 11:03:59','2025-09-22 11:03:59'),('2867afd5-7d04-474e-a912-e3714945d5fb','258cc47d-28cf-45b7-8f7e-b4f2e35c06ca','assigned','created','5f626882-288a-41b0-83e1-8fade70b18b3','2025-10-30 11:16:22','Assigned: Technician: Mike Wilson, Radiologist: Dr. Michael Wilson | ghv',NULL,1,NULL,'2025-10-30 11:16:22','2025-10-30 11:16:22'),('28bbbd0e-feb1-47b3-879b-1e73e503b082','6b24ca7c-1350-4c44-8d9f-26a695ff0c08','assigned','scheduled','5f626882-288a-41b0-83e1-8fade70b18b3','2025-10-31 07:20:20','Assigned: Technician: James Miller, Radiologist: Dr. Emily Brown | s',NULL,1,NULL,'2025-10-31 07:20:20','2025-10-31 07:20:20'),('2a6a646b-01f5-4249-9f22-a5796a8efa19','52e1a8f5-09dd-4919-92ad-b67c24495c6b','created',NULL,'5f626882-288a-41b0-83e1-8fade70b18b3','2025-09-15 05:12:09','Order created',NULL,1,NULL,'2025-09-15 05:12:09','2025-09-15 05:12:09'),('2b4e9150-6a29-48a2-b14d-2dee61e576ff','9fcadab8-165d-4ba0-b5c2-24617bf6d7aa','reported','first_read','5f626882-288a-41b0-83e1-8fade70b18b3','2025-09-15 09:51:12','Status updated to reported',NULL,1,NULL,'2025-09-15 09:51:12','2025-09-15 09:51:12'),('2b8760cc-2418-428b-bffe-263c4d07e67a','0bed362b-b775-4bbb-880f-d3cdbbcac0c1','completed','in_progress','5f626882-288a-41b0-83e1-8fade70b18b3','2025-10-06 09:32:35','Status updated to completed',NULL,1,NULL,'2025-10-06 09:32:35','2025-10-06 09:32:35'),('2bd7cf0f-e2b6-4880-8bf9-c5e90c2ffa17','aad59992-18f3-452d-bafb-612f57b68c1b','assigned','scheduled','5f626882-288a-41b0-83e1-8fade70b18b3','2025-09-22 05:24:20','Assigned: Technician: Mike Wilson, Radiologist: Dr. Michael Wilson',NULL,1,NULL,'2025-09-22 05:24:20','2025-09-22 05:24:20'),('2d8383a7-4b57-4b1e-bf5a-a1e0aaeece82','b0fa0b35-61d4-4826-8330-108c07f85910','scheduled','created','5f626882-288a-41b0-83e1-8fade70b18b3','2025-11-04 16:47:42','Order scheduled via scheduling API',NULL,1,NULL,'2025-11-04 16:47:42','2025-11-04 16:47:42'),('2da9608f-d528-4996-9ad8-60baad97904a','b0fa0b35-61d4-4826-8330-108c07f85910','completed','in_progress','5f626882-288a-41b0-83e1-8fade70b18b3','2025-11-04 16:50:22','Status updated to completed',NULL,1,NULL,'2025-11-04 16:50:22','2025-11-04 16:50:22'),('2e6364d8-e58c-4fe4-ab4e-23fae9988b0e','1f2b5827-f50f-4210-aecf-1e9a0796d5dd','in_progress','assigned','5f626882-288a-41b0-83e1-8fade70b18b3','2025-09-22 11:03:10','Status updated to in_progress',NULL,1,NULL,'2025-09-22 11:03:10','2025-09-22 11:03:10'),('2ec315d4-bef2-4e9d-8db8-aac0fa9c8f41','9a00f654-178f-405f-9897-8400f8d96a7e','in_progress','assigned','5f626882-288a-41b0-83e1-8fade70b18b3','2025-11-04 05:33:50','Status updated to in_progress',NULL,1,NULL,'2025-11-04 05:33:50','2025-11-04 05:33:50'),('2eff9330-5ffe-496e-9626-e0d7dd7e43cc','9a00f654-178f-405f-9897-8400f8d96a7e','completed','in_progress','5f626882-288a-41b0-83e1-8fade70b18b3','2025-11-04 05:33:51','Status updated to completed',NULL,1,NULL,'2025-11-04 05:33:51','2025-11-04 05:33:51'),('30e7be29-1600-4e44-b7d2-eff848468ea4','a48b7ce7-013e-4e35-a823-4a079d5c92b6','completed','in_progress','5f626882-288a-41b0-83e1-8fade70b18b3','2025-11-02 07:37:22','Status updated to completed',NULL,1,NULL,'2025-11-02 07:37:22','2025-11-02 07:37:22'),('31f0cfb3-13cc-4c31-b257-01dd2ae2f0a4','58cd6d20-6f07-4d10-aefd-6328378a8692','in_progress','assigned','5f626882-288a-41b0-83e1-8fade70b18b3','2025-09-23 10:33:58','Status updated to in_progress',NULL,1,NULL,'2025-09-23 10:33:58','2025-09-23 10:33:58'),('3334f2af-712c-40ab-ad3f-69ffa763d3e6','2054d395-b542-4df4-b6f6-3f387d517046','in_progress','assigned','5f626882-288a-41b0-83e1-8fade70b18b3','2025-11-04 06:08:55','Status updated to in_progress',NULL,1,NULL,'2025-11-04 06:08:55','2025-11-04 06:08:55'),('33b78be0-da4e-4f4d-8d0f-fadcbd510407','41fea22a-bbe2-4411-b47d-59d5dfe36062','ai_read','completed','5f626882-288a-41b0-83e1-8fade70b18b3','2025-10-31 06:50:14','AI analysis completed',NULL,1,NULL,'2025-10-31 06:50:14','2025-10-31 06:50:14'),('3406254f-138a-4915-8933-1b1e6448c470','690051bf-dd15-401f-a4fb-95660ba38a09','scheduled','created','5f626882-288a-41b0-83e1-8fade70b18b3','2025-10-31 05:57:12','Order scheduled via scheduling API',NULL,1,NULL,'2025-10-31 05:57:12','2025-10-31 05:57:12'),('34a42e04-56c8-4a97-b747-e68a870043ed','5f7ecbed-87a5-41c6-848e-c3d3ba6cc95c','scheduled','created','5f626882-288a-41b0-83e1-8fade70b18b3','2025-11-04 05:27:37','Order scheduled via scheduling API',NULL,1,NULL,'2025-11-04 05:27:37','2025-11-04 05:27:37'),('35f4e7d9-7adf-45a9-92d3-a99cb62cc9a5','5f7ecbed-87a5-41c6-848e-c3d3ba6cc95c','first_read','ai_read','5f626882-288a-41b0-83e1-8fade70b18b3','2025-11-04 05:34:21','Status updated to first_read',NULL,1,NULL,'2025-11-04 05:34:21','2025-11-04 05:34:21'),('3601d7eb-5825-4c4a-abdf-9c6cc1c3a150','f46f0fb0-eadc-416c-8856-f544929b80f9','assigned','scheduled','5f626882-288a-41b0-83e1-8fade70b18b3','2025-11-07 10:11:34','Assigned: Technician: James Miller, Radiologist: Dr. Emily Brown',NULL,1,NULL,'2025-11-07 10:11:34','2025-11-07 10:11:34'),('371d339a-a716-4ffd-9ea6-ea4ef9c36602','41fea22a-bbe2-4411-b47d-59d5dfe36062','scheduled','created','5f626882-288a-41b0-83e1-8fade70b18b3','2025-10-31 06:24:30','Order scheduled via scheduling API',NULL,1,NULL,'2025-10-31 06:24:30','2025-10-31 06:24:30'),('37e595a3-a52f-4cd5-920c-ff155f19ce80','603260a8-4e0f-4735-921d-c7769cc0bbee','scheduled','created','5f626882-288a-41b0-83e1-8fade70b18b3','2025-09-16 11:07:39','Order scheduled via scheduling API',NULL,1,NULL,'2025-09-16 11:07:39','2025-09-16 11:07:39'),('381419a6-66c5-49f2-ad9d-4994e0cd8de4','9fcadab8-165d-4ba0-b5c2-24617bf6d7aa','in_progress','scheduled','5f626882-288a-41b0-83e1-8fade70b18b3','2025-09-15 09:44:42','Status updated to in_progress',NULL,1,NULL,'2025-09-15 09:44:42','2025-09-15 09:44:42'),('39a50d3b-240c-4e71-b211-866494a0c373','50292c49-f705-4c0c-a8e9-fd38e04d5b49','assigned','scheduled','5f626882-288a-41b0-83e1-8fade70b18b3','2025-10-06 10:10:02','Assigned: Technician: James Miller, Radiologist: Dr. Emily Brown',NULL,1,NULL,'2025-10-06 10:10:02','2025-10-06 10:10:02'),('3a885bc3-2f77-4568-85b8-ba5e5b1bd989','63b7df86-7e2e-4d6d-8712-33cc027f715f','assigned','scheduled','5f626882-288a-41b0-83e1-8fade70b18b3','2025-11-04 10:00:09','Assigned: Technician: James Miller, Radiologist: Dr. Emily Brown',NULL,1,NULL,'2025-11-04 10:00:09','2025-11-04 10:00:09'),('3d0f7312-24dd-404e-88da-5a71a519b4b9','58b3032a-6e74-4b4d-9e4d-f1d33abfd52d','in_progress','assigned','5f626882-288a-41b0-83e1-8fade70b18b3','2025-10-06 10:06:11','Status updated to in_progress',NULL,1,NULL,'2025-10-06 10:06:11','2025-10-06 10:06:11'),('3dde1056-894a-45d3-82b1-9383489288ee','c8b4a068-8e28-4c57-a21d-e3b68f909af1','scheduled','created','5f626882-288a-41b0-83e1-8fade70b18b3','2025-09-23 09:47:26','Order scheduled via scheduling API',NULL,1,NULL,'2025-09-23 09:47:26','2025-09-23 09:47:26'),('3dfc9574-c7cf-4c7a-aed2-c13ee4e34eea','d9a2fcfc-51b7-4eec-b04e-38152906e4f9','created',NULL,'5f626882-288a-41b0-83e1-8fade70b18b3','2025-11-04 05:52:42','Order created',NULL,1,NULL,'2025-11-04 05:52:42','2025-11-04 05:52:42'),('3e0cb135-dca4-47b2-ae4d-d5dcd964a655','6d85b12e-ea70-4317-ae11-a1ce7ed7ee22','scheduled','created','5f626882-288a-41b0-83e1-8fade70b18b3','2025-10-31 07:39:53','Order scheduled via scheduling API',NULL,1,NULL,'2025-10-31 07:39:53','2025-10-31 07:39:53'),('3e3f6f16-034d-494a-a137-80e0bc59be2b','4f4ed141-a69f-4bfa-80b5-35542cfafee3','reported','qa','5f626882-288a-41b0-83e1-8fade70b18b3','2025-11-02 11:10:57','Status updated to reported',NULL,1,NULL,'2025-11-02 11:10:57','2025-11-02 11:10:57'),('3e4989b7-9b96-40a0-a2cb-de433c92add7','342f3f1d-0f1a-4c87-87a9-be0862baf969','in_progress','scheduled','5f626882-288a-41b0-83e1-8fade70b18b3','2025-09-15 09:33:23','Status updated to in_progress',NULL,1,NULL,'2025-09-15 09:33:23','2025-09-15 09:33:23'),('409a6048-71a3-459c-a4e7-b09c0ba70fe3','5f7ecbed-87a5-41c6-848e-c3d3ba6cc95c','created',NULL,'5f626882-288a-41b0-83e1-8fade70b18b3','2025-11-04 05:27:12','Order created',NULL,1,NULL,'2025-11-04 05:27:12','2025-11-04 05:27:12'),('40a7c394-5a76-40bd-a535-ff0cb2b2b192','050d5bc7-70d9-4cab-b21e-f093e4156fbf','assigned','scheduled','5f626882-288a-41b0-83e1-8fade70b18b3','2025-10-31 05:31:17','Assigned: Technician: James Miller, Radiologist: Dr. John Smith',NULL,1,NULL,'2025-10-31 05:31:17','2025-10-31 05:31:17'),('4225cbbd-a9c7-4075-b3fd-43cf698df78b','c6cc48f1-abcb-4d48-90f5-3936503f763d','in_progress','assigned','5f626882-288a-41b0-83e1-8fade70b18b3','2025-10-06 11:38:29','Status updated to in_progress',NULL,1,NULL,'2025-10-06 11:38:29','2025-10-06 11:38:29'),('45a35477-c935-4649-97f8-f7fefb72d60b','7988fcb0-7fd6-41f5-8a12-e2755ad7c422','in_progress','scheduled','5f626882-288a-41b0-83e1-8fade70b18b3','2025-09-18 06:14:36','Status updated to in_progress',NULL,1,NULL,'2025-09-18 06:14:36','2025-09-18 06:14:36'),('45a5e0b5-4cae-4398-bca7-237c0ea0115d','62238026-8c80-4566-bef4-9d152be437fd','scheduled',NULL,'72b05470-3dc1-4900-908e-aab71a68aec2','2025-09-11 08:55:23','Order created and scheduled',NULL,1,NULL,'2025-09-11 08:55:23','2025-09-11 08:55:23'),('4608f274-1a0c-4b6c-9f46-2776bb753c80','017c9088-02ea-4a27-9e32-50c3697da4b8','in_progress','assigned','5f626882-288a-41b0-83e1-8fade70b18b3','2025-11-04 05:20:32','Status updated to in_progress',NULL,1,NULL,'2025-11-04 05:20:32','2025-11-04 05:20:32'),('4647bc37-1a83-4c25-a443-06b9a5f7593b','f55022a8-30f7-4d86-8624-9502808b82af','scheduled','created','5f626882-288a-41b0-83e1-8fade70b18b3','2025-09-15 09:55:39','Order scheduled via scheduling API',NULL,1,NULL,'2025-09-15 09:55:39','2025-09-15 09:55:39'),('46886bff-e3c8-442e-aa39-b31e16be7e7b','c8b4a068-8e28-4c57-a21d-e3b68f909af1','first_read','ai_read','5f626882-288a-41b0-83e1-8fade70b18b3','2025-09-23 09:52:17','Report imported from PACS - ready for first read',NULL,1,NULL,'2025-09-23 09:52:17','2025-09-23 09:52:17'),('47b4d820-2ab2-4b88-b209-8d0d93f17d4a','9a00f654-178f-405f-9897-8400f8d96a7e','ai_read','completed','5f626882-288a-41b0-83e1-8fade70b18b3','2025-11-04 06:30:27','AI analysis completed',NULL,1,NULL,'2025-11-04 06:30:27','2025-11-04 06:30:27'),('4911d57e-99b2-4357-9cae-04c26f0a3271','c8b4a068-8e28-4c57-a21d-e3b68f909af1','completed','in_progress','5f626882-288a-41b0-83e1-8fade70b18b3','2025-09-23 09:49:21','Status updated to completed',NULL,1,NULL,'2025-09-23 09:49:21','2025-09-23 09:49:21'),('493c6c7a-5ff2-4843-90fc-80cd33894be0','5c253cdf-d875-4561-8ce4-5640ea4f0b58','completed','in_progress','5f626882-288a-41b0-83e1-8fade70b18b3','2025-11-04 11:24:02','Status updated to completed',NULL,1,NULL,'2025-11-04 11:24:02','2025-11-04 11:24:02'),('49484d52-3549-4055-9cc0-58d5ab279a4b','fcf336b4-a9bb-4544-b21a-e6790be09dee','scheduled','created','5f626882-288a-41b0-83e1-8fade70b18b3','2025-09-16 07:11:43','Order scheduled via scheduling API',NULL,1,NULL,'2025-09-16 07:11:43','2025-09-16 07:11:43'),('498a4445-acfa-494d-89c0-3cb978c254af','2054d395-b542-4df4-b6f6-3f387d517046','qa','first_read','5f626882-288a-41b0-83e1-8fade70b18b3','2025-11-04 06:20:20','Status updated to qa',NULL,1,NULL,'2025-11-04 06:20:20','2025-11-04 06:20:20'),('4ae5cc3e-ea33-4a38-9b8b-010935dd445a','e0643e70-e458-48ef-ba17-ef89b63d748c','in_progress',NULL,'1773faf5-9676-4532-9f59-79a4428c69ed','2025-09-11 08:55:23','Exam started',NULL,1,NULL,'2025-09-11 08:55:23','2025-09-11 08:55:23'),('4bc38db5-b1d4-4036-b914-04fae4262bf2','690051bf-dd15-401f-a4fb-95660ba38a09','ai_read','completed','5f626882-288a-41b0-83e1-8fade70b18b3','2025-10-31 06:20:41','AI analysis completed',NULL,1,NULL,'2025-10-31 06:20:41','2025-10-31 06:20:41'),('4d00c9cc-21fd-4e99-b98a-6d1c0692ccda','b0fa0b35-61d4-4826-8330-108c07f85910','created',NULL,'5f626882-288a-41b0-83e1-8fade70b18b3','2025-11-04 16:47:10','Order created',NULL,1,NULL,'2025-11-04 16:47:10','2025-11-04 16:47:10'),('4d0d3464-1043-4fcf-93bf-61da4ac2f671','7523b379-a61c-43d6-bf68-489a5adcafb8','completed','in_progress','5f626882-288a-41b0-83e1-8fade70b18b3','2025-10-30 11:13:37','Status updated to completed',NULL,1,NULL,'2025-10-30 11:13:37','2025-10-30 11:13:37'),('4e13e15b-6aba-4f70-8865-44a93e3c85ed','9783bec4-0857-4943-a393-050b90e91f5b','assigned','scheduled','5f626882-288a-41b0-83e1-8fade70b18b3','2025-11-04 11:42:09','Assigned: Technician: James Miller, Radiologist: Dr. Emily Brown',NULL,1,NULL,'2025-11-04 11:42:09','2025-11-04 11:42:09'),('4f51bc04-e04e-4549-84fc-16b9aaae5fd7','41fea22a-bbe2-4411-b47d-59d5dfe36062','ai_read','completed','5f626882-288a-41b0-83e1-8fade70b18b3','2025-10-31 06:25:49','AI analysis completed',NULL,1,NULL,'2025-10-31 06:25:49','2025-10-31 06:25:49'),('4fc113b6-1ef0-4d59-b848-af16234f897f','f55022a8-30f7-4d86-8624-9502808b82af','created',NULL,'5f626882-288a-41b0-83e1-8fade70b18b3','2025-09-15 06:36:36','Order created',NULL,1,NULL,'2025-09-15 06:36:36','2025-09-15 06:36:36'),('5098e7c8-ea14-487c-ae64-e14f16981376','fcf336b4-a9bb-4544-b21a-e6790be09dee','created',NULL,'5f626882-288a-41b0-83e1-8fade70b18b3','2025-09-15 06:06:15','Order created',NULL,1,NULL,'2025-09-15 06:06:15','2025-09-15 06:06:15'),('51cd7400-bb25-4853-ad6c-2ccdead5449b','050d5bc7-70d9-4cab-b21e-f093e4156fbf','scheduled','created','5f626882-288a-41b0-83e1-8fade70b18b3','2025-10-31 04:42:43','Order scheduled via scheduling API',NULL,1,NULL,'2025-10-31 04:42:43','2025-10-31 04:42:43'),('51ff7c6c-4af6-4136-b31f-c48d4a7774d4','5c253cdf-d875-4561-8ce4-5640ea4f0b58','scheduled','created','5f626882-288a-41b0-83e1-8fade70b18b3','2025-11-04 09:02:37','Order scheduled via scheduling API',NULL,1,NULL,'2025-11-04 09:02:37','2025-11-04 09:02:37'),('52178840-6aaa-4dbb-8463-6d9a2e946fde','bb56ab07-fa1d-4a08-98d0-cfa8969af645','first_read','ai_read','5f626882-288a-41b0-83e1-8fade70b18b3','2025-11-06 10:15:42','Status updated to first_read',NULL,1,NULL,'2025-11-06 10:15:42','2025-11-06 10:15:42'),('52ac8ea3-c5c9-4464-bfbb-2b7ca09fffdb','64524df5-63d1-4362-bfdd-5447776ec3fe','scheduled',NULL,'5f626882-288a-41b0-83e1-8fade70b18b3','2025-09-15 04:57:56','Order created',NULL,1,NULL,'2025-09-15 04:57:56','2025-09-15 04:57:56'),('53aac02b-c1d2-4898-9afb-08f1203a1c43','58cd6d20-6f07-4d10-aefd-6328378a8692','scheduled','created','5f626882-288a-41b0-83e1-8fade70b18b3','2025-09-23 10:07:05','Order scheduled via scheduling API',NULL,1,NULL,'2025-09-23 10:07:05','2025-09-23 10:07:05'),('543c6d04-261d-4049-994a-a05cca908e91','bb56ab07-fa1d-4a08-98d0-cfa8969af645','created',NULL,'1773faf5-9676-4532-9f59-79a4428c69ed','2025-11-04 05:26:34','Order created',NULL,1,NULL,'2025-11-04 05:26:34','2025-11-04 05:26:34'),('5636de58-f56e-47dc-9a7b-3008eb9d03a0','817ee038-6bd9-4e35-ae4c-6958b43fe52f','created',NULL,'5f626882-288a-41b0-83e1-8fade70b18b3','2025-10-06 10:17:45','Order created',NULL,1,NULL,'2025-10-06 10:17:45','2025-10-06 10:17:45'),('57a57240-2165-4b8a-82f1-7f4ea0b92f7c','e0643e70-e458-48ef-ba17-ef89b63d748c','completed',NULL,'1773faf5-9676-4532-9f59-79a4428c69ed','2025-09-11 08:55:23','Exam completed successfully',NULL,1,NULL,'2025-09-11 08:55:23','2025-09-11 08:55:23'),('586ec470-942b-4744-a995-17be915de754','1f2b5827-f50f-4210-aecf-1e9a0796d5dd','created',NULL,'05de5156-937a-41dc-b036-bf535b1f9d30','2025-09-19 16:07:06','Order created',NULL,1,NULL,'2025-09-19 16:07:06','2025-09-19 16:07:06'),('5895d65b-e290-4e37-a4bf-16c9ff506bc6','b0fa0b35-61d4-4826-8330-108c07f85910','reported','qa','5f626882-288a-41b0-83e1-8fade70b18b3','2025-11-04 16:51:11','Status updated to reported',NULL,1,NULL,'2025-11-04 16:51:11','2025-11-04 16:51:11'),('59ee80ec-b601-4216-8011-a1b8966944d9','9783bec4-0857-4943-a393-050b90e91f5b','scheduled','created','5f626882-288a-41b0-83e1-8fade70b18b3','2025-11-04 09:01:08','Order scheduled via scheduling API',NULL,1,NULL,'2025-11-04 09:01:08','2025-11-04 09:01:08'),('5b244658-11b0-400f-b67c-6797081ad0b0','bb56ab07-fa1d-4a08-98d0-cfa8969af645','qa','first_read','5f626882-288a-41b0-83e1-8fade70b18b3','2025-11-06 10:15:58','QA assigned to Dr. Emily Brown',NULL,1,NULL,'2025-11-06 10:15:58','2025-11-06 10:15:58'),('5b72e2df-6a5a-4226-85fe-7cc99d887f0e','36f4f349-3266-45af-87d4-9c3871fc2b8b','in_progress','assigned','5f626882-288a-41b0-83e1-8fade70b18b3','2025-09-22 10:36:01','Status updated to in_progress',NULL,1,NULL,'2025-09-22 10:36:01','2025-09-22 10:36:01'),('5d5b5802-d3a6-461a-9295-11dc165e85b9','7f65009f-a7db-4734-aa5f-0852bb77b56e','scheduled','created','5f626882-288a-41b0-83e1-8fade70b18b3','2025-09-22 10:48:26','Order scheduled via scheduling API',NULL,1,NULL,'2025-09-22 10:48:26','2025-09-22 10:48:26'),('5d793afb-934c-450a-b7b8-52c49989ee78','017c9088-02ea-4a27-9e32-50c3697da4b8','created',NULL,'5f626882-288a-41b0-83e1-8fade70b18b3','2025-11-04 05:14:30','Order created',NULL,1,NULL,'2025-11-04 05:14:30','2025-11-04 05:14:30'),('5eee92e3-bcfe-498b-9705-7ae4b523e488','b0fa0b35-61d4-4826-8330-108c07f85910','first_read','ai_read','5f626882-288a-41b0-83e1-8fade70b18b3','2025-11-04 16:50:54','Status updated to first_read',NULL,1,NULL,'2025-11-04 16:50:54','2025-11-04 16:50:54'),('60796844-b175-4034-82cb-940d86caa2f6','ca523212-818c-41c6-9e5c-f8cdca3e09fa','qa','first_read','5f626882-288a-41b0-83e1-8fade70b18b3','2025-09-19 09:54:52','QA verification completed by System Administrator. test',NULL,1,NULL,'2025-09-19 09:54:52','2025-09-19 09:54:52'),('60b980d7-1a55-4e1f-84bd-39414b63441d','e0643e70-e458-48ef-ba17-ef89b63d748c','reported',NULL,'f29ce7b0-bf29-4647-a219-7a91c99486c2','2025-09-11 08:55:23','Report generated',NULL,1,NULL,'2025-09-11 08:55:23','2025-09-11 08:55:23'),('615d734a-3dc6-4487-81bf-870bb316344f','d9a2fcfc-51b7-4eec-b04e-38152906e4f9','scheduled','created','5f626882-288a-41b0-83e1-8fade70b18b3','2025-11-04 05:53:51','Order scheduled via scheduling API',NULL,1,NULL,'2025-11-04 05:53:51','2025-11-04 05:53:51'),('62299b4f-b5ff-4887-b0fb-f8e9d160a38d','6f211777-f52a-418f-9ad8-ab138f4f1198','ai_read','completed','5f626882-288a-41b0-83e1-8fade70b18b3','2025-10-31 07:31:04','AI analysis completed',NULL,1,NULL,'2025-10-31 07:31:04','2025-10-31 07:31:04'),('62be757a-6c51-4495-aef2-ef1e17a59153','2054d395-b542-4df4-b6f6-3f387d517046','reported','qa','5f626882-288a-41b0-83e1-8fade70b18b3','2025-11-04 06:20:31','Status updated to reported',NULL,1,NULL,'2025-11-04 06:20:31','2025-11-04 06:20:31'),('62c60b6a-6ca0-4b8d-ba72-070c55322837','58b3032a-6e74-4b4d-9e4d-f1d33abfd52d','created',NULL,'5f626882-288a-41b0-83e1-8fade70b18b3','2025-10-06 10:04:31','Order created',NULL,1,NULL,'2025-10-06 10:04:31','2025-10-06 10:04:31'),('63a8da12-1a86-41cc-bc5a-2256859f3db6','fd6afc04-a980-464c-a211-113f5fa5e51e','scheduled',NULL,'5f626882-288a-41b0-83e1-8fade70b18b3','2025-09-15 05:02:01','Order created',NULL,1,NULL,'2025-09-15 05:02:01','2025-09-15 05:02:01'),('63beeb91-cede-4d77-a89d-34ef755bf9f9','017c9088-02ea-4a27-9e32-50c3697da4b8','scheduled','created','5f626882-288a-41b0-83e1-8fade70b18b3','2025-11-04 05:15:08','Order scheduled via scheduling API',NULL,1,NULL,'2025-11-04 05:15:08','2025-11-04 05:15:08'),('6504b4f8-bb2b-4be8-8129-c5dada348df6','ca523212-818c-41c6-9e5c-f8cdca3e09fa','first_read','ai_read','5f626882-288a-41b0-83e1-8fade70b18b3','2025-09-19 09:42:59','Report imported from PACS - ready for first read',NULL,1,NULL,'2025-09-19 09:42:59','2025-09-19 09:42:59'),('65a6a153-14b1-4473-803d-9c0ef9bca754','d9a2fcfc-51b7-4eec-b04e-38152906e4f9','in_progress','assigned','5f626882-288a-41b0-83e1-8fade70b18b3','2025-11-04 05:54:21','Status updated to in_progress',NULL,1,NULL,'2025-11-04 05:54:21','2025-11-04 05:54:21'),('66361bc9-0929-415b-9c29-20cfb5cd9516','4f4ed141-a69f-4bfa-80b5-35542cfafee3','completed','in_progress','5f626882-288a-41b0-83e1-8fade70b18b3','2025-11-02 07:55:05','Status updated to completed',NULL,1,NULL,'2025-11-02 07:55:05','2025-11-02 07:55:05'),('66bb89ad-35ea-4c85-8e53-e1da8ae1cdf1','58cd6d20-6f07-4d10-aefd-6328378a8692','reported','qa','5f626882-288a-41b0-83e1-8fade70b18b3','2025-09-23 10:44:16','Status updated to reported',NULL,1,NULL,'2025-09-23 10:44:16','2025-09-23 10:44:16'),('67126263-369c-4a67-9cb0-ee8ce0ea5f07','5deb933f-6a26-4525-8c9b-fa68dd39fd16','scheduled',NULL,'346cccee-d19c-42ae-bdab-3ec83bba0d2e','2025-09-11 08:55:23','Order created and scheduled',NULL,1,NULL,'2025-09-11 08:55:23','2025-09-11 08:55:23'),('67593ba8-8125-45ce-a373-80d396960e24','342f3f1d-0f1a-4c87-87a9-be0862baf969','qa','first_read','5f626882-288a-41b0-83e1-8fade70b18b3','2025-09-15 09:35:22','Status updated to qa',NULL,1,NULL,'2025-09-15 09:35:22','2025-09-15 09:35:22'),('675d56a8-e7b0-4b4d-a27e-36406dfdd3f6','5f7ecbed-87a5-41c6-848e-c3d3ba6cc95c','completed','in_progress','5f626882-288a-41b0-83e1-8fade70b18b3','2025-11-04 05:32:09','Status updated to completed',NULL,1,NULL,'2025-11-04 05:32:09','2025-11-04 05:32:09'),('67d1ad3c-dca4-47ac-872e-ef07c4a603db','f23a3ed7-2ed1-40e5-8efd-8f7346ada249','created',NULL,'5f626882-288a-41b0-83e1-8fade70b18b3','2025-09-16 07:13:36','Order created',NULL,1,NULL,'2025-09-16 07:13:36','2025-09-16 07:13:36'),('6a503715-64af-4488-952e-9ff1547fa871','058e0b5a-7acc-4b7e-9285-ac567f023ac0','assigned','scheduled','5f626882-288a-41b0-83e1-8fade70b18b3','2025-09-30 10:50:34','Assigned: Technician: James Miller, Radiologist: Dr. Emily Brown | sdf',NULL,1,NULL,'2025-09-30 10:50:34','2025-09-30 10:50:34'),('6b093f4b-29bb-4b34-ab78-c7277114748f','7f65009f-a7db-4734-aa5f-0852bb77b56e','created',NULL,'5f626882-288a-41b0-83e1-8fade70b18b3','2025-09-22 10:47:53','Order created',NULL,1,NULL,'2025-09-22 10:47:53','2025-09-22 10:47:53'),('6b79f493-ae42-40f9-84cf-6f7d9ae31797','4f4ed141-a69f-4bfa-80b5-35542cfafee3','ai_read','completed','5f626882-288a-41b0-83e1-8fade70b18b3','2025-11-02 07:56:36','AI analysis completed',NULL,1,NULL,'2025-11-02 07:56:36','2025-11-02 07:56:36'),('6c1adb9d-114f-46ad-ada9-a15c2190bc46','0bed362b-b775-4bbb-880f-d3cdbbcac0c1','assigned','created','5f626882-288a-41b0-83e1-8fade70b18b3','2025-10-06 06:37:02','Assigned: Technician: James Miller, Radiologist: Dr. Emily Brown | test',NULL,1,NULL,'2025-10-06 06:37:02','2025-10-06 06:37:02'),('6cf63662-17a9-4534-85f4-4f7a8d4fe348','c3b7f3f6-ffa7-4035-8070-201ab3a82c45','scheduled','created','5f626882-288a-41b0-83e1-8fade70b18b3','2025-09-16 10:36:16','Order scheduled via scheduling API',NULL,1,NULL,'2025-09-16 10:36:16','2025-09-16 10:36:16'),('6d801e3c-8d28-4a89-b77d-8b3f1f49650d','a4c6719e-e062-4443-8734-393a9edda3a4','in_progress','assigned','5f626882-288a-41b0-83e1-8fade70b18b3','2025-09-29 10:10:23','Status updated to in_progress',NULL,1,NULL,'2025-09-29 10:10:23','2025-09-29 10:10:23'),('6d971b5b-dd9c-45e8-b5be-01d9a7f48792','c8b4a068-8e28-4c57-a21d-e3b68f909af1','verified','reported','5f626882-288a-41b0-83e1-8fade70b18b3','2025-09-23 09:53:29','Status updated to verified',NULL,1,NULL,'2025-09-23 09:53:29','2025-09-23 09:53:29'),('6e35689a-1612-4cd4-b394-28bf3199da34','7988fcb0-7fd6-41f5-8a12-e2755ad7c422','created',NULL,'5f626882-288a-41b0-83e1-8fade70b18b3','2025-09-16 11:18:03','Order created',NULL,1,NULL,'2025-09-16 11:18:03','2025-09-16 11:18:03'),('6edc4289-d1c7-4415-920e-c1dd11a431e5','ca523212-818c-41c6-9e5c-f8cdca3e09fa','ai_read','ai_read','5f626882-288a-41b0-83e1-8fade70b18b3','2025-09-18 06:21:19','AI analysis completed',NULL,1,NULL,'2025-09-18 06:21:19','2025-09-18 06:21:19'),('6f018545-1e37-4aac-b3be-28e7b1d0bad8','c8b4a068-8e28-4c57-a21d-e3b68f909af1','assigned','scheduled','5f626882-288a-41b0-83e1-8fade70b18b3','2025-09-23 09:47:44','Assigned: Technician: Mike Wilson, Radiologist: Dr. John Smith',NULL,1,NULL,'2025-09-23 09:47:44','2025-09-23 09:47:44'),('6f7c33cf-51de-4795-8574-e4ffdd459234','3204153a-b359-4359-bdb8-9f03388bfc02','scheduled','created','05de5156-937a-41dc-b036-bf535b1f9d30','2025-09-29 11:37:07','Order scheduled via scheduling API',NULL,1,NULL,'2025-09-29 11:37:07','2025-09-29 11:37:07'),('738a79ea-f53c-4a3e-bd5e-2b4d927f6467','4f65cbce-5ef3-44cf-84ae-eeaa0e626a84','created',NULL,'5f626882-288a-41b0-83e1-8fade70b18b3','2025-09-15 05:27:06','Order created',NULL,1,NULL,'2025-09-15 05:27:06','2025-09-15 05:27:06'),('73e0b414-e517-4454-b604-98cd458c08f1','a4c6719e-e062-4443-8734-393a9edda3a4','in_progress','assigned','5f626882-288a-41b0-83e1-8fade70b18b3','2025-09-29 10:10:19','Status updated to in_progress',NULL,1,NULL,'2025-09-29 10:10:19','2025-09-29 10:10:19'),('74363d7b-80a8-4c05-8a01-010e27feab77','9fcadab8-165d-4ba0-b5c2-24617bf6d7aa','completed','in_progress','5f626882-288a-41b0-83e1-8fade70b18b3','2025-09-15 09:44:54','Status updated to completed',NULL,1,NULL,'2025-09-15 09:44:54','2025-09-15 09:44:54'),('76739c6a-1cc6-40ef-a18a-40c2288948ec','4f4ed141-a69f-4bfa-80b5-35542cfafee3','qa','first_read','5f626882-288a-41b0-83e1-8fade70b18b3','2025-11-02 11:10:53','QA assigned to Dr. Michael Wilson',NULL,1,NULL,'2025-11-02 11:10:53','2025-11-02 11:10:53'),('767dd5aa-da5d-4982-8914-96aa12fe73fe','41fea22a-bbe2-4411-b47d-59d5dfe36062','completed','in_progress','5f626882-288a-41b0-83e1-8fade70b18b3','2025-10-31 06:24:46','Status updated to completed',NULL,1,NULL,'2025-10-31 06:24:46','2025-10-31 06:24:46'),('78fbc714-0e27-4e9d-9ff3-c9f51ff8e1b7','41fea22a-bbe2-4411-b47d-59d5dfe36062','ai_read','completed','5f626882-288a-41b0-83e1-8fade70b18b3','2025-10-31 06:45:32','AI analysis completed',NULL,1,NULL,'2025-10-31 06:45:32','2025-10-31 06:45:32'),('79c0423d-6c12-4921-82a5-21fad0229248','68595142-65cd-4f0c-b5b5-658a588eb88f','created',NULL,'5f626882-288a-41b0-83e1-8fade70b18b3','2025-09-15 05:16:37','Order created',NULL,1,NULL,'2025-09-15 05:16:37','2025-09-15 05:16:37'),('79e43b9f-54aa-4391-9626-dee37018fe00','9a00f654-178f-405f-9897-8400f8d96a7e','ai_read','completed','5f626882-288a-41b0-83e1-8fade70b18b3','2025-11-04 05:33:56','AI analysis completed',NULL,1,NULL,'2025-11-04 05:33:56','2025-11-04 05:33:56'),('7a31e069-d8c7-41e1-b530-a03a616c68ae','ca523212-818c-41c6-9e5c-f8cdca3e09fa','scheduled','created','5f626882-288a-41b0-83e1-8fade70b18b3','2025-09-16 11:21:38','Order scheduled via scheduling API',NULL,1,NULL,'2025-09-16 11:21:38','2025-09-16 11:21:38'),('7ad491c2-35dc-44b8-bb64-caf6e70317f6','6f211777-f52a-418f-9ad8-ab138f4f1198','ai_read','completed','5f626882-288a-41b0-83e1-8fade70b18b3','2025-10-31 07:33:25','AI analysis completed',NULL,1,NULL,'2025-10-31 07:33:25','2025-10-31 07:33:25'),('7c3bccfe-65cf-4578-b6ea-a845172299e7','9fcadab8-165d-4ba0-b5c2-24617bf6d7aa','ai_read','completed','5f626882-288a-41b0-83e1-8fade70b18b3','2025-09-15 09:47:53','Status updated to ai_read',NULL,1,NULL,'2025-09-15 09:47:53','2025-09-15 09:47:53'),('7da03c93-e5d2-48ec-912b-e58a2229e505','8f23742b-578d-472c-8149-d368f5dd7dbe','scheduled',NULL,'72b05470-3dc1-4900-908e-aab71a68aec2','2025-09-11 08:55:23','Order created and scheduled',NULL,1,NULL,'2025-09-11 08:55:23','2025-09-11 08:55:23'),('7e8c9e59-7821-4c78-ac1a-37dccea4e023','b5b6f0fd-2c03-4d62-b2d0-81796f3c08e8','in_progress','assigned','5f626882-288a-41b0-83e1-8fade70b18b3','2025-11-04 11:26:31','Status updated to in_progress',NULL,1,NULL,'2025-11-04 11:26:31','2025-11-04 11:26:31'),('800c8d17-5d2e-42e2-9ac7-d789a234cf5c','7bde8294-91ae-4215-a23e-3484a6b80289','assigned','scheduled','5f626882-288a-41b0-83e1-8fade70b18b3','2025-09-22 05:20:51','Assigned: Technician: Mike Wilson, Radiologist: Dr. Michael Wilson | tets',NULL,1,NULL,'2025-09-22 05:20:51','2025-09-22 05:20:51'),('809214e9-9a62-442e-a6e2-2aef55956fa7','c6cc48f1-abcb-4d48-90f5-3936503f763d','created',NULL,'5f626882-288a-41b0-83e1-8fade70b18b3','2025-10-06 10:43:33','Order created',NULL,1,NULL,'2025-10-06 10:43:33','2025-10-06 10:43:33'),('8120322f-e076-4129-b1f8-cd8d83fbf0cc','6d85b12e-ea70-4317-ae11-a1ce7ed7ee22','completed','in_progress','5f626882-288a-41b0-83e1-8fade70b18b3','2025-10-31 07:42:54','Status updated to completed',NULL,1,NULL,'2025-10-31 07:42:54','2025-10-31 07:42:54'),('82c379f9-a3ef-4aff-b253-675ba6148f77','aad59992-18f3-452d-bafb-612f57b68c1b','qa','completed','5f626882-288a-41b0-83e1-8fade70b18b3','2025-09-22 10:42:45','QA assigned to Dr. Emily Brown',NULL,1,NULL,'2025-09-22 10:42:45','2025-09-22 10:42:45'),('82ce8b71-a2e4-4b03-8e58-701c126fee4c','817717ec-fd14-47a1-9e37-b993de8abed8','scheduled','created','5f626882-288a-41b0-83e1-8fade70b18b3','2025-11-02 07:33:23','Order scheduled via scheduling API',NULL,1,NULL,'2025-11-02 07:33:23','2025-11-02 07:33:23'),('839cceb1-b557-45cc-8df8-bda2f873b07e','36f4f349-3266-45af-87d4-9c3871fc2b8b','assigned','scheduled','5f626882-288a-41b0-83e1-8fade70b18b3','2025-09-22 10:35:51','Assigned: Technician: Mike Wilson, Radiologist: Dr. Michael Wilson',NULL,1,NULL,'2025-09-22 10:35:51','2025-09-22 10:35:51'),('83a13fc7-bbf3-452e-b875-10bb4714078c','817ee038-6bd9-4e35-ae4c-6958b43fe52f','completed','in_progress','5f626882-288a-41b0-83e1-8fade70b18b3','2025-10-06 10:28:59','Status updated to completed',NULL,1,NULL,'2025-10-06 10:28:59','2025-10-06 10:28:59'),('84f89cbf-852b-4ead-b695-6171b5284744','4f4ed141-a69f-4bfa-80b5-35542cfafee3','scheduled','created','5f626882-288a-41b0-83e1-8fade70b18b3','2025-11-02 07:54:51','Order scheduled via scheduling API',NULL,1,NULL,'2025-11-02 07:54:51','2025-11-02 07:54:51'),('85201f03-60d7-41fd-8560-65c9324912c3','0fd3c584-7a9d-436e-8050-bc6d88d103dd','scheduled','created','5f626882-288a-41b0-83e1-8fade70b18b3','2025-09-16 10:39:46','Order scheduled via scheduling API',NULL,1,NULL,'2025-09-16 10:39:46','2025-09-16 10:39:46'),('856a6477-aa40-4a7d-999c-28ffe83c6813','50292c49-f705-4c0c-a8e9-fd38e04d5b49','created',NULL,'5f626882-288a-41b0-83e1-8fade70b18b3','2025-09-30 11:14:25','Order created',NULL,1,NULL,'2025-09-30 11:14:25','2025-09-30 11:14:25'),('861257ab-21f7-4050-85a8-9b6dff25aa5a','342f3f1d-0f1a-4c87-87a9-be0862baf969','completed','in_progress','5f626882-288a-41b0-83e1-8fade70b18b3','2025-09-15 09:34:28','Status updated to completed',NULL,1,NULL,'2025-09-15 09:34:28','2025-09-15 09:34:28'),('87cf8201-4bd1-481b-a87c-f21bdffd5ac2','5deb933f-6a26-4525-8c9b-fa68dd39fd16','in_progress','scheduled','5f626882-288a-41b0-83e1-8fade70b18b3','2025-09-16 05:57:32','Status updated to in_progress',NULL,1,NULL,'2025-09-16 05:57:32','2025-09-16 05:57:32'),('887b9e31-f320-4f44-bc2d-43e34d0b4aed','1123bde2-a012-4310-8f03-975d541afd6d','created',NULL,'5f626882-288a-41b0-83e1-8fade70b18b3','2025-09-29 09:06:09','Order created',NULL,1,NULL,'2025-09-29 09:06:09','2025-09-29 09:06:09'),('8b1d0fdc-3858-4700-ac95-ce72a890013a','1f2b5827-f50f-4210-aecf-1e9a0796d5dd','qa','first_read','5f626882-288a-41b0-83e1-8fade70b18b3','2025-09-22 11:03:38','Status updated to qa',NULL,1,NULL,'2025-09-22 11:03:38','2025-09-22 11:03:38'),('8bebd59c-b7b6-46f3-887b-10ede1a12af3','58cd6d20-6f07-4d10-aefd-6328378a8692','first_read','ai_read','5f626882-288a-41b0-83e1-8fade70b18b3','2025-09-23 10:34:42','Status updated to first_read',NULL,1,NULL,'2025-09-23 10:34:42','2025-09-23 10:34:42'),('8c11c908-217d-4ef0-8e1c-dea368e56bd0','58cd6d20-6f07-4d10-aefd-6328378a8692','created',NULL,'5f626882-288a-41b0-83e1-8fade70b18b3','2025-09-23 10:03:40','Order created',NULL,1,NULL,'2025-09-23 10:03:40','2025-09-23 10:03:40'),('8c43371a-a0a3-4d66-85f5-fa8b2c70751d','7bde8294-91ae-4215-a23e-3484a6b80289','created',NULL,'05de5156-937a-41dc-b036-bf535b1f9d30','2025-09-19 16:06:21','Order created',NULL,1,NULL,'2025-09-19 16:06:21','2025-09-19 16:06:21'),('8c707687-139a-418e-b3be-b85a938bab5f','0bed362b-b775-4bbb-880f-d3cdbbcac0c1','created',NULL,'5f626882-288a-41b0-83e1-8fade70b18b3','2025-10-06 06:36:12','Order created',NULL,1,NULL,'2025-10-06 06:36:12','2025-10-06 06:36:12'),('8c9c4685-1742-4864-8fb5-12e926e391cb','5deb933f-6a26-4525-8c9b-fa68dd39fd16','ai_read','completed','5f626882-288a-41b0-83e1-8fade70b18b3','2025-09-16 05:57:41','Status updated to ai_read',NULL,1,NULL,'2025-09-16 05:57:41','2025-09-16 05:57:41'),('8e9bd10d-6617-4cf0-bddd-e4793995b94e','058e0b5a-7acc-4b7e-9285-ac567f023ac0','in_progress','assigned','5f626882-288a-41b0-83e1-8fade70b18b3','2025-09-30 10:58:01','Status updated to in_progress',NULL,1,NULL,'2025-09-30 10:58:01','2025-09-30 10:58:01'),('8e9f6772-30be-4573-90a9-9ea83ca04a59','1f2b5827-f50f-4210-aecf-1e9a0796d5dd','scheduled','created','05de5156-937a-41dc-b036-bf535b1f9d30','2025-09-19 16:09:03','Order scheduled via scheduling API',NULL,1,NULL,'2025-09-19 16:09:03','2025-09-19 16:09:03'),('8f6d1304-cb0a-40be-9a6c-ab3bf8ad63ea','9a00f654-178f-405f-9897-8400f8d96a7e','ai_read','completed','5f626882-288a-41b0-83e1-8fade70b18b3','2025-11-04 06:40:30','AI analysis completed',NULL,1,NULL,'2025-11-04 06:40:30','2025-11-04 06:40:30'),('9093b4ca-e0d3-4a6d-843b-9cb58550efb6','c8b4a068-8e28-4c57-a21d-e3b68f909af1','ai_read','completed','5f626882-288a-41b0-83e1-8fade70b18b3','2025-09-23 09:49:30','AI analysis completed',NULL,1,NULL,'2025-09-23 09:49:30','2025-09-23 09:49:30'),('90ad2c5b-e938-45f8-b2ab-373faf160bfb','aad59992-18f3-452d-bafb-612f57b68c1b','in_progress','assigned','5f626882-288a-41b0-83e1-8fade70b18b3','2025-09-22 05:28:24','Status updated to in_progress',NULL,1,NULL,'2025-09-22 05:28:24','2025-09-22 05:28:24'),('90c2457a-44f5-42af-aab5-0a82471adc43','6f211777-f52a-418f-9ad8-ab138f4f1198','ai_read','completed','5f626882-288a-41b0-83e1-8fade70b18b3','2025-10-31 07:34:53','AI analysis completed',NULL,1,NULL,'2025-10-31 07:34:53','2025-10-31 07:34:53'),('92295de2-3411-4b3b-a4f2-cab5bcf21736','b5b6f0fd-2c03-4d62-b2d0-81796f3c08e8','first_read','ai_read','5f626882-288a-41b0-83e1-8fade70b18b3','2025-11-04 11:26:45','Status updated to first_read',NULL,1,NULL,'2025-11-04 11:26:45','2025-11-04 11:26:45'),('924d8843-9b4f-4af8-8d67-c5c1ebd8130b','c6cc48f1-abcb-4d48-90f5-3936503f763d','completed','in_progress','5f626882-288a-41b0-83e1-8fade70b18b3','2025-10-06 11:38:31','Status updated to completed',NULL,1,NULL,'2025-10-06 11:38:31','2025-10-06 11:38:31'),('92c947c9-0e7f-4194-8361-3e4f806a6da0','41fea22a-bbe2-4411-b47d-59d5dfe36062','ai_read','completed','5f626882-288a-41b0-83e1-8fade70b18b3','2025-10-31 06:35:47','AI analysis completed',NULL,1,NULL,'2025-10-31 06:35:47','2025-10-31 06:35:47'),('92d9df8f-a10b-4dbe-8e2c-dc140675b263','7f65009f-a7db-4734-aa5f-0852bb77b56e','in_progress','assigned','5f626882-288a-41b0-83e1-8fade70b18b3','2025-09-22 10:48:55','Status updated to in_progress',NULL,1,NULL,'2025-09-22 10:48:55','2025-09-22 10:48:55'),('9320167d-7b38-462b-8972-e4267c526429','4f4ed141-a69f-4bfa-80b5-35542cfafee3','first_read','ai_read','5f626882-288a-41b0-83e1-8fade70b18b3','2025-11-02 11:10:37','Report imported from PACS - ready for first read',NULL,1,NULL,'2025-11-02 11:10:37','2025-11-02 11:10:37'),('93ca6511-701b-4eed-bf5a-2b0d3f29fa31','7ef08506-914e-4a1d-b25a-be62b12adbf9','created',NULL,'5f626882-288a-41b0-83e1-8fade70b18b3','2025-10-31 08:58:06','Order created',NULL,1,NULL,'2025-10-31 08:58:06','2025-10-31 08:58:06'),('95366bad-4a0a-4b62-b978-ec5315e1c152','bb56ab07-fa1d-4a08-98d0-cfa8969af645','ai_read','completed','5f626882-288a-41b0-83e1-8fade70b18b3','2025-11-06 10:15:28','AI analysis completed and saved',NULL,1,NULL,'2025-11-06 10:15:28','2025-11-06 10:15:28'),('962ca992-2d54-42aa-a778-f591f1ad687d','b5b6f0fd-2c03-4d62-b2d0-81796f3c08e8','ai_read','completed','5f626882-288a-41b0-83e1-8fade70b18b3','2025-11-04 11:26:40','AI analysis completed and saved',NULL,1,NULL,'2025-11-04 11:26:40','2025-11-04 11:26:40'),('9653c214-64d8-4e5c-8a53-17fdbef44753','ca523212-818c-41c6-9e5c-f8cdca3e09fa','reported','qa','5f626882-288a-41b0-83e1-8fade70b18b3','2025-09-19 09:54:59','Status updated to reported',NULL,1,NULL,'2025-09-19 09:54:59','2025-09-19 09:54:59'),('9a103a66-2151-4877-bbff-a28875b566cf','63b7df86-7e2e-4d6d-8712-33cc027f715f','in_progress','assigned','5f626882-288a-41b0-83e1-8fade70b18b3','2025-11-04 10:01:39','Status updated to in_progress',NULL,1,NULL,'2025-11-04 10:01:39','2025-11-04 10:01:39'),('9b2692ad-f11b-4841-af6f-808a925c2225','1a8a313e-60b6-46aa-98ad-b48ad6729e98','assigned','scheduled','5f626882-288a-41b0-83e1-8fade70b18b3','2025-09-23 06:45:55','Assigned: Technician: James Miller, Radiologist: Dr. Michael Wilson | test data',NULL,1,NULL,'2025-09-23 06:45:55','2025-09-23 06:45:55'),('9cddb2bf-afcd-482c-a4a1-6f7644f8d65f','2054d395-b542-4df4-b6f6-3f387d517046','assigned','scheduled','5f626882-288a-41b0-83e1-8fade70b18b3','2025-11-04 06:08:47','Assigned: Technician: Mike Wilson, Radiologist: Dr. Michael Wilson | test',NULL,1,NULL,'2025-11-04 06:08:47','2025-11-04 06:08:47'),('9ec91be2-1413-4bc9-8af5-a34b8664f32a','5f7ecbed-87a5-41c6-848e-c3d3ba6cc95c','ai_read','completed','5f626882-288a-41b0-83e1-8fade70b18b3','2025-11-04 05:33:35','AI analysis completed',NULL,1,NULL,'2025-11-04 05:33:35','2025-11-04 05:33:35'),('9ef38427-28b1-451a-8db2-47b159f2a807','50292c49-f705-4c0c-a8e9-fd38e04d5b49','in_progress','assigned','5f626882-288a-41b0-83e1-8fade70b18b3','2025-10-06 10:11:26','Status updated to in_progress',NULL,1,NULL,'2025-10-06 10:11:26','2025-10-06 10:11:26'),('9f1907cc-f392-4f03-b466-69dd5adc8c2c','342f3f1d-0f1a-4c87-87a9-be0862baf969','created',NULL,'5f626882-288a-41b0-83e1-8fade70b18b3','2025-09-15 09:23:55','Order created',NULL,1,NULL,'2025-09-15 09:23:55','2025-09-15 09:23:55'),('9f588b3f-de02-4684-befc-b5e45df2c2df','aad59992-18f3-452d-bafb-612f57b68c1b','completed','completed','5f626882-288a-41b0-83e1-8fade70b18b3','2025-09-22 10:42:52','QA assignment removed',NULL,1,NULL,'2025-09-22 10:42:52','2025-09-22 10:42:52'),('9fb72d52-69ea-42aa-ab00-8b458478dae9','6d85b12e-ea70-4317-ae11-a1ce7ed7ee22','ai_read','completed','5f626882-288a-41b0-83e1-8fade70b18b3','2025-10-31 07:43:21','AI analysis completed',NULL,1,NULL,'2025-10-31 07:43:21','2025-10-31 07:43:21'),('9ff7190b-0d39-45a8-8219-f44f34aa70cc','bb56ab07-fa1d-4a08-98d0-cfa8969af645','completed','in_progress','5f626882-288a-41b0-83e1-8fade70b18b3','2025-11-06 10:15:16','Status updated to completed',NULL,1,NULL,'2025-11-06 10:15:16','2025-11-06 10:15:16'),('a0c00ea9-25fc-4deb-98ad-24f1195c7815','da939f17-2a78-4c56-b8dc-85831658fda6','scheduled','created','5f626882-288a-41b0-83e1-8fade70b18b3','2025-10-31 05:00:19','Order scheduled via scheduling API',NULL,1,NULL,'2025-10-31 05:00:19','2025-10-31 05:00:19'),('a1069d1b-f19e-4bb9-b22d-6a032273da67','7988fcb0-7fd6-41f5-8a12-e2755ad7c422','ai_read','in_progress','5f626882-288a-41b0-83e1-8fade70b18b3','2025-09-18 06:19:48','AI analysis completed',NULL,1,NULL,'2025-09-18 06:19:48','2025-09-18 06:19:48'),('a1d62dba-0d56-4a4e-a84b-6ea49e9161e7','c8b4a068-8e28-4c57-a21d-e3b68f909af1','reported','qa','5f626882-288a-41b0-83e1-8fade70b18b3','2025-09-23 09:53:21','Status updated to reported',NULL,1,NULL,'2025-09-23 09:53:21','2025-09-23 09:53:21'),('a3a3b082-aad5-4f9c-a078-3ff6b786e2bd','1f2b5827-f50f-4210-aecf-1e9a0796d5dd','qa','first_read','5f626882-288a-41b0-83e1-8fade70b18b3','2025-09-22 11:03:38','QA assigned to Mary Thompson',NULL,1,NULL,'2025-09-22 11:03:38','2025-09-22 11:03:38'),('a3be5b13-19b5-4079-8cfd-f3c74034aee6','258cc47d-28cf-45b7-8f7e-b4f2e35c06ca','created',NULL,'5f626882-288a-41b0-83e1-8fade70b18b3','2025-10-30 11:15:55','Order created',NULL,1,NULL,'2025-10-30 11:15:55','2025-10-30 11:15:55'),('a4b68d06-1915-493a-9289-8741365deed1','62238026-8c80-4566-bef4-9d152be437fd','in_progress',NULL,'075845bb-bca2-46a7-907a-235f088439f4','2025-09-11 08:55:23','Exam started',NULL,1,NULL,'2025-09-11 08:55:23','2025-09-11 08:55:23'),('a6057ce7-2405-4dab-b834-2d45a3727cda','a4c6719e-e062-4443-8734-393a9edda3a4','in_progress','assigned','5f626882-288a-41b0-83e1-8fade70b18b3','2025-09-29 10:09:52','Status updated to in_progress',NULL,1,NULL,'2025-09-29 10:09:52','2025-09-29 10:09:52'),('a74dbb51-e71d-41f0-9d3d-d09052f8927c','9783bec4-0857-4943-a393-050b90e91f5b','created',NULL,'5f626882-288a-41b0-83e1-8fade70b18b3','2025-11-04 09:00:57','Order created',NULL,1,NULL,'2025-11-04 09:00:57','2025-11-04 09:00:57'),('a899e6fb-03cb-47dd-94b4-00912263f503','050d5bc7-70d9-4cab-b21e-f093e4156fbf','completed','in_progress','5f626882-288a-41b0-83e1-8fade70b18b3','2025-10-31 05:31:25','Status updated to completed',NULL,1,NULL,'2025-10-31 05:31:25','2025-10-31 05:31:25'),('a89e72ae-e199-4fda-8327-d33ba7c1a903','9a00f654-178f-405f-9897-8400f8d96a7e','ai_read','completed','5f626882-288a-41b0-83e1-8fade70b18b3','2025-11-04 06:42:58','AI analysis completed',NULL,1,NULL,'2025-11-04 06:42:58','2025-11-04 06:42:58'),('a8e8aa85-aade-4d5e-8506-69151123192c','6f211777-f52a-418f-9ad8-ab138f4f1198','completed','in_progress','5f626882-288a-41b0-83e1-8fade70b18b3','2025-10-31 07:26:43','Status updated to completed',NULL,1,NULL,'2025-10-31 07:26:43','2025-10-31 07:26:43'),('a99ac632-2e2c-4cb1-8e5a-3368ed2da1d1','a48b7ce7-013e-4e35-a823-4a079d5c92b6','scheduled','created','5f626882-288a-41b0-83e1-8fade70b18b3','2025-11-02 07:37:08','Order scheduled via scheduling API',NULL,1,NULL,'2025-11-02 07:37:08','2025-11-02 07:37:08'),('a9ce4771-8145-4135-ab8e-640ffe2b1642','f23a3ed7-2ed1-40e5-8efd-8f7346ada249','scheduled','created','5f626882-288a-41b0-83e1-8fade70b18b3','2025-09-16 07:14:04','Order scheduled via scheduling API',NULL,1,NULL,'2025-09-16 07:14:04','2025-09-16 07:14:04'),('aa114fe8-1d36-4d26-bb2b-a566405f54cc','9fcadab8-165d-4ba0-b5c2-24617bf6d7aa','created',NULL,'5f626882-288a-41b0-83e1-8fade70b18b3','2025-09-15 09:44:22','Order created',NULL,1,NULL,'2025-09-15 09:44:22','2025-09-15 09:44:22'),('ada8c6f6-2d61-41ad-ab96-61d1d5b311f9','4f4ed141-a69f-4bfa-80b5-35542cfafee3','in_progress','assigned','5f626882-288a-41b0-83e1-8fade70b18b3','2025-11-02 07:55:02','Status updated to in_progress',NULL,1,NULL,'2025-11-02 07:55:02','2025-11-02 07:55:02'),('ae8fb695-bffd-48b3-96df-cfe08261aab7','6d85b12e-ea70-4317-ae11-a1ce7ed7ee22','assigned','scheduled','5f626882-288a-41b0-83e1-8fade70b18b3','2025-10-31 07:40:03','Assigned: Technician: James Miller, Radiologist: Dr. Emily Brown',NULL,1,NULL,'2025-10-31 07:40:03','2025-10-31 07:40:03'),('aecf1d3f-4c67-4793-93b3-6fa6c7ed2404','603260a8-4e0f-4735-921d-c7769cc0bbee','created',NULL,'5f626882-288a-41b0-83e1-8fade70b18b3','2025-09-16 11:07:20','Order created',NULL,1,NULL,'2025-09-16 11:07:20','2025-09-16 11:07:20'),('af05585a-c67c-4ad8-8260-420bfa4ba45a','7f65009f-a7db-4734-aa5f-0852bb77b56e','qa','completed','5f626882-288a-41b0-83e1-8fade70b18b3','2025-09-22 11:02:25','QA assigned to Dr. Emily Brown',NULL,1,NULL,'2025-09-22 11:02:25','2025-09-22 11:02:25'),('af9017c0-afa4-485c-b4bc-1fe01d2f98ea','ca523212-818c-41c6-9e5c-f8cdca3e09fa','completed','in_progress','5f626882-288a-41b0-83e1-8fade70b18b3','2025-09-18 05:17:02','Status updated to completed',NULL,1,NULL,'2025-09-18 05:17:02','2025-09-18 05:17:02'),('b07bf498-383a-4f31-bccf-160f82f87ebf','5f7ecbed-87a5-41c6-848e-c3d3ba6cc95c','assigned','scheduled','5f626882-288a-41b0-83e1-8fade70b18b3','2025-11-04 05:27:56','Assigned: Technician: Mike Wilson, Radiologist: Dr. Michael Wilson | no',NULL,1,NULL,'2025-11-04 05:27:56','2025-11-04 05:27:56'),('b178976c-b2ca-40e5-9dd3-ab7616317ff0','36f4f349-3266-45af-87d4-9c3871fc2b8b','completed','in_progress','5f626882-288a-41b0-83e1-8fade70b18b3','2025-09-22 10:36:07','Status updated to completed',NULL,1,NULL,'2025-09-22 10:36:07','2025-09-22 10:36:07'),('b2771141-ba5d-41ec-b59c-0fbb71b21354','a48b7ce7-013e-4e35-a823-4a079d5c92b6','in_progress','assigned','5f626882-288a-41b0-83e1-8fade70b18b3','2025-11-02 07:37:21','Status updated to in_progress',NULL,1,NULL,'2025-11-02 07:37:21','2025-11-02 07:37:21'),('b2c2facd-1377-4187-b4eb-8427d0f523f0','1f2b5827-f50f-4210-aecf-1e9a0796d5dd','assigned','scheduled','5f626882-288a-41b0-83e1-8fade70b18b3','2025-09-22 11:00:08','Assigned: Technician: James Miller, Radiologist: Dr. Emily Brown',NULL,1,NULL,'2025-09-22 11:00:08','2025-09-22 11:00:08'),('b2e997e1-1784-4a57-b1e9-45a95ff44c31','41fea22a-bbe2-4411-b47d-59d5dfe36062','assigned','scheduled','5f626882-288a-41b0-83e1-8fade70b18b3','2025-10-31 06:24:40','Assigned: Technician: Lisa Brown, Radiologist: Dr. John Smith | ss',NULL,1,NULL,'2025-10-31 06:24:40','2025-10-31 06:24:40'),('b2f8d032-71c6-4c19-8e97-fe5dd6bcaf7b','36f4f349-3266-45af-87d4-9c3871fc2b8b','qa','first_read','5f626882-288a-41b0-83e1-8fade70b18b3','2025-09-22 10:36:12','Status updated to qa',NULL,1,NULL,'2025-09-22 10:36:12','2025-09-22 10:36:12'),('b3bc4870-51cd-48e2-84da-dbe843969aaf','aad59992-18f3-452d-bafb-612f57b68c1b','completed','in_progress','5f626882-288a-41b0-83e1-8fade70b18b3','2025-09-22 05:31:22','Status updated to completed',NULL,1,NULL,'2025-09-22 05:31:22','2025-09-22 05:31:22'),('b4027118-5c0b-4de6-b068-31533c00eed6','f46f0fb0-eadc-416c-8856-f544929b80f9','in_progress','assigned','5f626882-288a-41b0-83e1-8fade70b18b3','2025-11-07 10:12:10','Status updated to in_progress',NULL,1,NULL,'2025-11-07 10:12:10','2025-11-07 10:12:10'),('b4b26d76-ca33-40bf-bd1c-9172f9130c72','9a00f654-178f-405f-9897-8400f8d96a7e','ai_read','completed','5f626882-288a-41b0-83e1-8fade70b18b3','2025-11-04 06:38:23','AI analysis completed',NULL,1,NULL,'2025-11-04 06:38:23','2025-11-04 06:38:23'),('b4c1f653-276c-4ff5-8735-5b0b3418d1c8','7ef08506-914e-4a1d-b25a-be62b12adbf9','in_progress','assigned','1773faf5-9676-4532-9f59-79a4428c69ed','2025-10-31 09:35:01','Status updated to in_progress',NULL,1,NULL,'2025-10-31 09:35:01','2025-10-31 09:35:01'),('b6132081-4e3b-4666-979c-3fe7b0051a97','d9a2fcfc-51b7-4eec-b04e-38152906e4f9','completed','in_progress','5f626882-288a-41b0-83e1-8fade70b18b3','2025-11-04 05:59:57','Status updated to completed',NULL,1,NULL,'2025-11-04 05:59:57','2025-11-04 05:59:57'),('b641afbc-6d1d-40a5-916e-056be5df1d04','9a00f654-178f-405f-9897-8400f8d96a7e','assigned','scheduled','5f626882-288a-41b0-83e1-8fade70b18b3','2025-11-04 05:31:28','Assigned: Technician: James Miller, Radiologist: Dr. Emily Brown | sss',NULL,1,NULL,'2025-11-04 05:31:28','2025-11-04 05:31:28'),('b65984f5-75fe-4119-8506-ff1e5a9d3518','b0fa0b35-61d4-4826-8330-108c07f85910','in_progress','assigned','5f626882-288a-41b0-83e1-8fade70b18b3','2025-11-04 16:48:00','Status updated to in_progress',NULL,1,NULL,'2025-11-04 16:48:00','2025-11-04 16:48:00'),('b7e9735f-e3cc-40fb-a6ee-a6b07795abbe','5f7ecbed-87a5-41c6-848e-c3d3ba6cc95c','verified','reported','5f626882-288a-41b0-83e1-8fade70b18b3','2025-11-04 05:35:16','Status updated to verified',NULL,1,NULL,'2025-11-04 05:35:16','2025-11-04 05:35:16'),('b80b34e4-0162-4d90-8f12-075cb7997d83','b5b6f0fd-2c03-4d62-b2d0-81796f3c08e8','created',NULL,'5f626882-288a-41b0-83e1-8fade70b18b3','2025-10-31 04:39:44','Order created',NULL,1,NULL,'2025-10-31 04:39:44','2025-10-31 04:39:44'),('b9a170d7-f929-4f02-b1d3-64ec6d83fc0e','1f2b5827-f50f-4210-aecf-1e9a0796d5dd','first_read','completed','5f626882-288a-41b0-83e1-8fade70b18b3','2025-09-22 11:03:13','Status updated to first_read',NULL,1,NULL,'2025-09-22 11:03:13','2025-09-22 11:03:13'),('ba448fe9-824f-4256-940d-c8855a95c2e9','9a00f654-178f-405f-9897-8400f8d96a7e','created',NULL,'1773faf5-9676-4532-9f59-79a4428c69ed','2025-11-04 05:29:06','Order created',NULL,1,NULL,'2025-11-04 05:29:06','2025-11-04 05:29:06'),('bace869f-2ec3-40af-838a-b8e870362b79','4f4ed141-a69f-4bfa-80b5-35542cfafee3','assigned','scheduled','5f626882-288a-41b0-83e1-8fade70b18b3','2025-11-02 07:54:58','Assigned: Technician: James Miller, Radiologist: Dr. Emily Brown',NULL,1,NULL,'2025-11-02 07:54:58','2025-11-02 07:54:58'),('baeb81d6-800a-4aed-a916-76b7abb16db4','817ee038-6bd9-4e35-ae4c-6958b43fe52f','in_progress','assigned','5f626882-288a-41b0-83e1-8fade70b18b3','2025-10-06 10:21:54','Status updated to in_progress',NULL,1,NULL,'2025-10-06 10:21:54','2025-10-06 10:21:54'),('bc1341e9-4073-4b8b-9e00-a28efc56f525','d9a2fcfc-51b7-4eec-b04e-38152906e4f9','assigned','scheduled','5f626882-288a-41b0-83e1-8fade70b18b3','2025-11-04 05:54:14','Assigned: Technician: Mike Wilson, Radiologist: Dr. Michael Wilson',NULL,1,NULL,'2025-11-04 05:54:14','2025-11-04 05:54:14'),('bc9a754f-9db1-424e-9ab5-c7f7dce863a5','c6cc48f1-abcb-4d48-90f5-3936503f763d','scheduled','created','5f626882-288a-41b0-83e1-8fade70b18b3','2025-10-06 10:44:08','Order scheduled via scheduling API',NULL,1,NULL,'2025-10-06 10:44:08','2025-10-06 10:44:08'),('bcb793a1-4f92-4094-ad33-97a500d120bb','5f7ecbed-87a5-41c6-848e-c3d3ba6cc95c','reported','qa','5f626882-288a-41b0-83e1-8fade70b18b3','2025-11-04 05:35:05','Status updated to reported',NULL,1,NULL,'2025-11-04 05:35:05','2025-11-04 05:35:05'),('bce06e93-f868-466d-8139-357e0a068041','050d5bc7-70d9-4cab-b21e-f093e4156fbf','in_progress','assigned','5f626882-288a-41b0-83e1-8fade70b18b3','2025-10-31 05:31:23','Status updated to in_progress',NULL,1,NULL,'2025-10-31 05:31:23','2025-10-31 05:31:23'),('bd5155a8-e859-470c-a3a9-03b252530358','6b24ca7c-1350-4c44-8d9f-26a695ff0c08','scheduled','created','5f626882-288a-41b0-83e1-8fade70b18b3','2025-10-31 07:20:10','Order scheduled via scheduling API',NULL,1,NULL,'2025-10-31 07:20:10','2025-10-31 07:20:10'),('bdca2583-3008-4ce9-8955-207d30f0e688','2054d395-b542-4df4-b6f6-3f387d517046','created',NULL,'5f626882-288a-41b0-83e1-8fade70b18b3','2025-11-04 06:07:42','Order created',NULL,1,NULL,'2025-11-04 06:07:42','2025-11-04 06:07:42'),('bead0ae4-a26e-487e-8666-5b1a61bf9535','2054d395-b542-4df4-b6f6-3f387d517046','qa','first_read','5f626882-288a-41b0-83e1-8fade70b18b3','2025-11-04 06:20:20','QA assigned to Dr. Michael Wilson',NULL,1,NULL,'2025-11-04 06:20:20','2025-11-04 06:20:20'),('bec68cd0-01ac-4bf4-ad81-6ae7b304f1e8','690051bf-dd15-401f-a4fb-95660ba38a09','created',NULL,'5f626882-288a-41b0-83e1-8fade70b18b3','2025-09-29 09:06:59','Order created',NULL,1,NULL,'2025-09-29 09:06:59','2025-09-29 09:06:59'),('bf1a7c66-14dc-44d2-82ba-3f3751ad2f5d','f0cf9f54-7c44-4bf0-b825-45422ef82c9a','in_progress',NULL,'1773faf5-9676-4532-9f59-79a4428c69ed','2025-09-11 08:55:23','Exam started',NULL,1,NULL,'2025-09-11 08:55:23','2025-09-11 08:55:23'),('bf1f2778-7990-4e77-915a-53051f1e381c','a4c6719e-e062-4443-8734-393a9edda3a4','in_progress','assigned','5f626882-288a-41b0-83e1-8fade70b18b3','2025-09-29 10:10:21','Status updated to in_progress',NULL,1,NULL,'2025-09-29 10:10:21','2025-09-29 10:10:21'),('bfd0ea64-bca7-467e-bbe3-04fba765e5e8','b5b6f0fd-2c03-4d62-b2d0-81796f3c08e8','assigned','scheduled','5f626882-288a-41b0-83e1-8fade70b18b3','2025-11-04 11:26:30','Assigned: Technician: James Miller, Radiologist: Dr. Emily Brown',NULL,1,NULL,'2025-11-04 11:26:30','2025-11-04 11:26:30'),('c03240e4-01f6-4338-8557-9d41d65f78eb','f46f0fb0-eadc-416c-8856-f544929b80f9','completed','in_progress','5f626882-288a-41b0-83e1-8fade70b18b3','2025-11-07 10:12:11','Status updated to completed',NULL,1,NULL,'2025-11-07 10:12:11','2025-11-07 10:12:11'),('c1662d7c-aff9-4e68-8e31-6ebc42bd1f59','f0cf9f54-7c44-4bf0-b825-45422ef82c9a','completed',NULL,'1773faf5-9676-4532-9f59-79a4428c69ed','2025-09-11 08:55:23','Exam completed successfully',NULL,1,NULL,'2025-09-11 08:55:23','2025-09-11 08:55:23'),('c2b821c7-5517-4496-ab14-ce39e4d07cab','7ef08506-914e-4a1d-b25a-be62b12adbf9','completed','in_progress','1773faf5-9676-4532-9f59-79a4428c69ed','2025-11-04 05:28:01','Status updated to completed',NULL,1,NULL,'2025-11-04 05:28:01','2025-11-04 05:28:01'),('c47cbeca-e83f-4833-bd33-a0ea72bbef0d','36f4f349-3266-45af-87d4-9c3871fc2b8b','first_read','completed','5f626882-288a-41b0-83e1-8fade70b18b3','2025-09-22 10:36:09','Status updated to first_read',NULL,1,NULL,'2025-09-22 10:36:09','2025-09-22 10:36:09'),('c4f0fa0d-02ab-4eab-899b-ffc2822f3ca1','c6cc48f1-abcb-4d48-90f5-3936503f763d','assigned','scheduled','5f626882-288a-41b0-83e1-8fade70b18b3','2025-10-06 11:38:19','Assigned: Technician: James Miller, Radiologist: Dr. Emily Brown',NULL,1,NULL,'2025-10-06 11:38:19','2025-10-06 11:38:19'),('c77ebb7d-fcc5-4890-80dd-d732e2b9b4e9','342f3f1d-0f1a-4c87-87a9-be0862baf969','scheduled','created','5f626882-288a-41b0-83e1-8fade70b18b3','2025-09-15 09:29:35','Order scheduled via scheduling API',NULL,1,NULL,'2025-09-15 09:29:35','2025-09-15 09:29:35'),('c8cf9fe5-73d8-4eae-89e8-6d3d243d0bac','e0643e70-e458-48ef-ba17-ef89b63d748c','scheduled',NULL,'72b05470-3dc1-4900-908e-aab71a68aec2','2025-09-11 08:55:23','Order created and scheduled',NULL,1,NULL,'2025-09-11 08:55:23','2025-09-11 08:55:23'),('cabae3f5-ac27-4571-8da5-d723ec5da55c','a48b7ce7-013e-4e35-a823-4a079d5c92b6','ai_read','completed','5f626882-288a-41b0-83e1-8fade70b18b3','2025-11-02 07:46:06','AI analysis completed',NULL,1,NULL,'2025-11-02 07:46:06','2025-11-02 07:46:06'),('caf85f94-de72-42ff-83b3-5c4e3bdb27e3','5f7ecbed-87a5-41c6-848e-c3d3ba6cc95c','qa','first_read','5f626882-288a-41b0-83e1-8fade70b18b3','2025-11-04 05:34:53','QA verification completed by System Administrator. verified',NULL,1,NULL,'2025-11-04 05:34:53','2025-11-04 05:34:53'),('cb01bed7-eff7-421c-90af-39fd2360b5ef','b0648215-7e78-4d5d-920d-dc8e97ddc0c3','created',NULL,'5f626882-288a-41b0-83e1-8fade70b18b3','2025-09-16 07:15:42','Order created',NULL,1,NULL,'2025-09-16 07:15:42','2025-09-16 07:15:42'),('cbcf4a65-4288-41d7-b052-ec8e83aa1f9c','36f4f349-3266-45af-87d4-9c3871fc2b8b','reported','qa','5f626882-288a-41b0-83e1-8fade70b18b3','2025-09-22 10:36:23','Status updated to reported',NULL,1,NULL,'2025-09-22 10:36:23','2025-09-22 10:36:23'),('ce6cf468-750e-45a8-b3e2-47e8b9db41bf','342f3f1d-0f1a-4c87-87a9-be0862baf969','verified','reported','5f626882-288a-41b0-83e1-8fade70b18b3','2025-09-15 09:36:39','Status updated to verified',NULL,1,NULL,'2025-09-15 09:36:39','2025-09-15 09:36:39'),('cf03b81f-e71b-44ba-b4c7-89dc10229e29','b5b6f0fd-2c03-4d62-b2d0-81796f3c08e8','completed','in_progress','5f626882-288a-41b0-83e1-8fade70b18b3','2025-11-04 11:26:33','Status updated to completed',NULL,1,NULL,'2025-11-04 11:26:33','2025-11-04 11:26:33'),('cffe5ab2-8b2a-4b30-81ed-21a246f5c984','5f7ecbed-87a5-41c6-848e-c3d3ba6cc95c','in_progress','assigned','5f626882-288a-41b0-83e1-8fade70b18b3','2025-11-04 05:28:02','Status updated to in_progress',NULL,1,NULL,'2025-11-04 05:28:02','2025-11-04 05:28:02'),('d0133445-3e98-4dd4-b280-a39a1afefcc4','a4c6719e-e062-4443-8734-393a9edda3a4','in_progress','assigned','5f626882-288a-41b0-83e1-8fade70b18b3','2025-09-29 10:10:20','Status updated to in_progress',NULL,1,NULL,'2025-09-29 10:10:20','2025-09-29 10:10:20'),('d0edf043-33ca-4695-9754-4bfae0546f40','f93c094e-436a-472d-bf91-eb0b9d8e8bec','scheduled','created','5f626882-288a-41b0-83e1-8fade70b18b3','2025-09-16 11:17:25','Order scheduled via scheduling API',NULL,1,NULL,'2025-09-16 11:17:25','2025-09-16 11:17:25'),('d1450997-0eb0-4512-ae1a-7a93dd4274af','7f65009f-a7db-4734-aa5f-0852bb77b56e','assigned','scheduled','5f626882-288a-41b0-83e1-8fade70b18b3','2025-09-22 10:48:48','Assigned: Technician: Mike Wilson, Radiologist: Dr. Michael Wilson',NULL,1,NULL,'2025-09-22 10:48:48','2025-09-22 10:48:48'),('d14541a2-d7c4-4f90-8957-3ed1c633a4db','690051bf-dd15-401f-a4fb-95660ba38a09','in_progress','assigned','5f626882-288a-41b0-83e1-8fade70b18b3','2025-10-31 05:57:27','Status updated to in_progress',NULL,1,NULL,'2025-10-31 05:57:27','2025-10-31 05:57:27'),('d56a5a5f-2b23-4b87-a4b6-f06d34a4fdff','a48b7ce7-013e-4e35-a823-4a079d5c92b6','assigned','scheduled','5f626882-288a-41b0-83e1-8fade70b18b3','2025-11-02 07:37:17','Assigned: Technician: James Miller, Radiologist: Dr. Emily Brown',NULL,1,NULL,'2025-11-02 07:37:17','2025-11-02 07:37:17'),('d5899ff6-dd5d-4a12-a57e-1350730910d4','b0fa0b35-61d4-4826-8330-108c07f85910','verified','reported','5f626882-288a-41b0-83e1-8fade70b18b3','2025-11-04 16:51:16','Status updated to verified',NULL,1,NULL,'2025-11-04 16:51:16','2025-11-04 16:51:16'),('d69a022b-1f8c-468a-8175-88d36639ec2d','5c253cdf-d875-4561-8ce4-5640ea4f0b58','created',NULL,'5f626882-288a-41b0-83e1-8fade70b18b3','2025-11-04 09:02:22','Order created',NULL,1,NULL,'2025-11-04 09:02:22','2025-11-04 09:02:22'),('d747482f-fe40-4e89-b48b-d619fa70a33a','58cd6d20-6f07-4d10-aefd-6328378a8692','qa','first_read','5f626882-288a-41b0-83e1-8fade70b18b3','2025-09-23 10:41:21','QA verification completed by System Administrator. test',NULL,1,NULL,'2025-09-23 10:41:21','2025-09-23 10:41:21'),('d79728ba-55c8-4064-9794-4f2e96c6274a','bb56ab07-fa1d-4a08-98d0-cfa8969af645','in_progress','assigned','5f626882-288a-41b0-83e1-8fade70b18b3','2025-11-06 10:15:14','Status updated to in_progress',NULL,1,NULL,'2025-11-06 10:15:14','2025-11-06 10:15:14'),('d85ee442-b0cb-4825-87ae-3645553660b6','f0cf9f54-7c44-4bf0-b825-45422ef82c9a','scheduled',NULL,'346cccee-d19c-42ae-bdab-3ec83bba0d2e','2025-09-11 08:55:23','Order created and scheduled',NULL,1,NULL,'2025-09-11 08:55:23','2025-09-11 08:55:23'),('da2c1332-3ad2-4084-accd-21958936aa1d','f46f0fb0-eadc-416c-8856-f544929b80f9','created',NULL,'5f626882-288a-41b0-83e1-8fade70b18b3','2025-11-06 10:13:48','Order created',NULL,1,NULL,'2025-11-06 10:13:48','2025-11-06 10:13:48'),('dac41912-5f29-424e-b158-1177473ef2a3','ca523212-818c-41c6-9e5c-f8cdca3e09fa','ai_read','completed','5f626882-288a-41b0-83e1-8fade70b18b3','2025-09-18 06:21:19','AI analysis completed',NULL,1,NULL,'2025-09-18 06:21:19','2025-09-18 06:21:19'),('db3d52a5-91d2-4166-b18d-87b45c8c839f','1f2b5827-f50f-4210-aecf-1e9a0796d5dd','verified','reported','5f626882-288a-41b0-83e1-8fade70b18b3','2025-09-22 11:04:01','Status updated to verified',NULL,1,NULL,'2025-09-22 11:04:01','2025-09-22 11:04:01'),('db9a9f2e-a73d-4280-ada4-8adea11c92e8','50292c49-f705-4c0c-a8e9-fd38e04d5b49','scheduled','created','5f626882-288a-41b0-83e1-8fade70b18b3','2025-09-30 11:14:58','Order scheduled via scheduling API',NULL,1,NULL,'2025-09-30 11:14:58','2025-09-30 11:14:58'),('dc8dbbaf-1a8d-4417-ad99-8bca03ec87c1','7988fcb0-7fd6-41f5-8a12-e2755ad7c422','scheduled','created','5f626882-288a-41b0-83e1-8fade70b18b3','2025-09-16 11:18:20','Order scheduled via scheduling API',NULL,1,NULL,'2025-09-16 11:18:20','2025-09-16 11:18:20'),('dd73381f-9e0e-496f-a6af-8f85b99390eb','4f4ed141-a69f-4bfa-80b5-35542cfafee3','created',NULL,'5f626882-288a-41b0-83e1-8fade70b18b3','2025-11-02 07:54:41','Order created',NULL,1,NULL,'2025-11-02 07:54:41','2025-11-02 07:54:41'),('ddf4c6d7-48a1-49a7-a83e-ecce6a8b841c','f46f0fb0-eadc-416c-8856-f544929b80f9','ai_read','completed','5f626882-288a-41b0-83e1-8fade70b18b3','2025-11-07 10:12:18','AI analysis completed and saved',NULL,1,NULL,'2025-11-07 10:12:18','2025-11-07 10:12:18'),('df0cced4-f5c7-4f7a-8f5e-4e378decaa14','2054d395-b542-4df4-b6f6-3f387d517046','scheduled','created','5f626882-288a-41b0-83e1-8fade70b18b3','2025-11-04 06:08:14','Order scheduled via scheduling API',NULL,1,NULL,'2025-11-04 06:08:14','2025-11-04 06:08:14'),('df1a54ac-e913-4265-a70d-31f8eb007f0c','7ef08506-914e-4a1d-b25a-be62b12adbf9','assigned','scheduled','5f626882-288a-41b0-83e1-8fade70b18b3','2025-10-31 09:29:57','Assigned: Technician: Mike Wilson, Radiologist: Dr. Michael Wilson',NULL,1,NULL,'2025-10-31 09:29:57','2025-10-31 09:29:57'),('df417047-66dd-4839-acf6-214b112a2048','a48b7ce7-013e-4e35-a823-4a079d5c92b6','created',NULL,'5f626882-288a-41b0-83e1-8fade70b18b3','2025-10-31 07:19:59','Order created',NULL,1,NULL,'2025-10-31 07:19:59','2025-10-31 07:19:59'),('e024fcd7-c277-4804-9730-ccfd5a9428dd','1a8a313e-60b6-46aa-98ad-b48ad6729e98','scheduled','created','5f626882-288a-41b0-83e1-8fade70b18b3','2025-09-23 06:45:12','Order scheduled via scheduling API',NULL,1,NULL,'2025-09-23 06:45:12','2025-09-23 06:45:12'),('e046cf88-8cc9-4ac3-a3ea-7ab70149564d','f23a3ed7-2ed1-40e5-8efd-8f7346ada249','completed','in_progress','5f626882-288a-41b0-83e1-8fade70b18b3','2025-09-16 10:34:44','Status updated to completed',NULL,1,NULL,'2025-09-16 10:34:44','2025-09-16 10:34:44'),('e050142f-e685-48aa-af65-4809292b243f','58b3032a-6e74-4b4d-9e4d-f1d33abfd52d','assigned','created','5f626882-288a-41b0-83e1-8fade70b18b3','2025-10-06 10:05:47','Assigned: Technician: Sarah Davis, Radiologist: Dr. Emily Brown',NULL,1,NULL,'2025-10-06 10:05:47','2025-10-06 10:05:47'),('e195556a-bee7-46fb-bad7-78355c44414d','3204153a-b359-4359-bdb8-9f03388bfc02','created',NULL,'05de5156-937a-41dc-b036-bf535b1f9d30','2025-09-29 11:35:45','Order created',NULL,1,NULL,'2025-09-29 11:35:45','2025-09-29 11:35:45'),('e21e2ba2-b2b2-4b2b-805d-4be821f6fc4b','facb367b-e57d-4461-b50f-917d84eb9b97','created',NULL,'5f626882-288a-41b0-83e1-8fade70b18b3','2025-09-23 10:01:56','Order created',NULL,1,NULL,'2025-09-23 10:01:56','2025-09-23 10:01:56'),('e21e5dac-8a5e-4e04-9be5-f2c005741ec3','b0fa0b35-61d4-4826-8330-108c07f85910','ai_read','completed','5f626882-288a-41b0-83e1-8fade70b18b3','2025-11-04 16:50:29','AI analysis completed and saved',NULL,1,NULL,'2025-11-04 16:50:29','2025-11-04 16:50:29'),('e2b32543-576b-47d8-958d-203b41286815','7523b379-a61c-43d6-bf68-489a5adcafb8','assigned','created','5f626882-288a-41b0-83e1-8fade70b18b3','2025-10-30 11:05:20','Assigned: Technician: Mike Wilson, Radiologist: Dr. Emily Brown | Test',NULL,1,NULL,'2025-10-30 11:05:20','2025-10-30 11:05:20'),('e3ac6d92-ccbf-498c-98b6-f5fcc333a816','817ee038-6bd9-4e35-ae4c-6958b43fe52f','assigned','scheduled','5f626882-288a-41b0-83e1-8fade70b18b3','2025-10-06 10:21:14','Assigned: Technician: Sarah Davis, Radiologist: Dr. John Smith',NULL,1,NULL,'2025-10-06 10:21:14','2025-10-06 10:21:14'),('e46ed06d-3bd3-439f-9f7c-fecb2b39cc6f','b0648215-7e78-4d5d-920d-dc8e97ddc0c3','scheduled','created','5f626882-288a-41b0-83e1-8fade70b18b3','2025-09-16 07:15:58','Order scheduled via scheduling API',NULL,1,NULL,'2025-09-16 07:15:58','2025-09-16 07:15:58'),('e581d02e-6bfc-4107-9a5e-0e4f57716aef','7ef08506-914e-4a1d-b25a-be62b12adbf9','scheduled','created','5f626882-288a-41b0-83e1-8fade70b18b3','2025-10-31 09:28:31','Order scheduled via scheduling API',NULL,1,NULL,'2025-10-31 09:28:31','2025-10-31 09:28:31'),('e5de6a42-6b52-43c4-9467-869f0548c490','36f4f349-3266-45af-87d4-9c3871fc2b8b','scheduled','created','5f626882-288a-41b0-83e1-8fade70b18b3','2025-09-19 16:21:02','Order scheduled via scheduling API',NULL,1,NULL,'2025-09-19 16:21:02','2025-09-19 16:21:02'),('e636a902-ad64-4311-a668-c8e00e00ed2c','ca523212-818c-41c6-9e5c-f8cdca3e09fa','created',NULL,'5f626882-288a-41b0-83e1-8fade70b18b3','2025-09-16 11:21:24','Order created',NULL,1,NULL,'2025-09-16 11:21:24','2025-09-16 11:21:24'),('e6457b90-8779-4922-9356-df9bea57cb51','7bde8294-91ae-4215-a23e-3484a6b80289','scheduled','created','5f626882-288a-41b0-83e1-8fade70b18b3','2025-09-22 05:20:23','Order scheduled via scheduling API',NULL,1,NULL,'2025-09-22 05:20:23','2025-09-22 05:20:23'),('e706e25e-ec15-4cd5-844a-4d2c6b3b42bf','a4c6719e-e062-4443-8734-393a9edda3a4','assigned','scheduled','5f626882-288a-41b0-83e1-8fade70b18b3','2025-09-29 09:37:59','Assigned: Technician: James Miller, Radiologist: Dr. Emily Brown | test',NULL,1,NULL,'2025-09-29 09:37:59','2025-09-29 09:37:59'),('e749b217-9061-411c-8dae-232639901fcb','41fea22a-bbe2-4411-b47d-59d5dfe36062','created',NULL,'5f626882-288a-41b0-83e1-8fade70b18b3','2025-10-31 06:24:20','Order created',NULL,1,NULL,'2025-10-31 06:24:20','2025-10-31 06:24:20'),('e9e6c09d-abf5-4ce6-8bb5-fdac4796f112','63b7df86-7e2e-4d6d-8712-33cc027f715f','completed','in_progress','5f626882-288a-41b0-83e1-8fade70b18b3','2025-11-04 10:01:40','Status updated to completed',NULL,1,NULL,'2025-11-04 10:01:40','2025-11-04 10:01:40'),('e9ff1c82-b26b-46fc-9a39-d52a47807329','f23a3ed7-2ed1-40e5-8efd-8f7346ada249','in_progress','scheduled','5f626882-288a-41b0-83e1-8fade70b18b3','2025-09-16 10:34:40','Status updated to in_progress',NULL,1,NULL,'2025-09-16 10:34:40','2025-09-16 10:34:40'),('ea682854-cfb7-40ac-81dc-2a23918bf458','c8b4a068-8e28-4c57-a21d-e3b68f909af1','created',NULL,'5f626882-288a-41b0-83e1-8fade70b18b3','2025-09-23 09:47:15','Order created',NULL,1,NULL,'2025-09-23 09:47:15','2025-09-23 09:47:15'),('eb012f3b-3218-4962-aaa7-667126acab9a','9fcadab8-165d-4ba0-b5c2-24617bf6d7aa','first_read','ai_read','5f626882-288a-41b0-83e1-8fade70b18b3','2025-09-15 09:48:03','Status updated to first_read',NULL,1,NULL,'2025-09-15 09:48:03','2025-09-15 09:48:03'),('ec3760d6-8e59-4829-8ec3-cfd84358dc76','1a8a313e-60b6-46aa-98ad-b48ad6729e98','created',NULL,'5f626882-288a-41b0-83e1-8fade70b18b3','2025-09-23 05:15:18','Order created',NULL,1,NULL,'2025-09-23 05:15:18','2025-09-23 05:15:18'),('ed362ec3-e843-4760-b16d-07e7cce318d6','a4c6719e-e062-4443-8734-393a9edda3a4','in_progress','assigned','5f626882-288a-41b0-83e1-8fade70b18b3','2025-09-29 10:09:50','Status updated to in_progress',NULL,1,NULL,'2025-09-29 10:09:50','2025-09-29 10:09:50'),('ed420ce3-5d0a-404a-a3a9-5ffa29d89cbf','58cd6d20-6f07-4d10-aefd-6328378a8692','assigned','scheduled','5f626882-288a-41b0-83e1-8fade70b18b3','2025-09-23 10:31:36','Assigned: Technician: Mike Wilson, Radiologist: Dr. Michael Wilson',NULL,1,NULL,'2025-09-23 10:31:36','2025-09-23 10:31:36'),('ee6927a5-758d-4a0f-b7bb-f16a17e9526b','41fea22a-bbe2-4411-b47d-59d5dfe36062','in_progress','assigned','5f626882-288a-41b0-83e1-8fade70b18b3','2025-10-31 06:24:44','Status updated to in_progress',NULL,1,NULL,'2025-10-31 06:24:44','2025-10-31 06:24:44'),('ee931793-16e2-4a25-ba88-1dbc49c9f624','9a00f654-178f-405f-9897-8400f8d96a7e','scheduled','created','1773faf5-9676-4532-9f59-79a4428c69ed','2025-11-04 05:29:25','Order scheduled via scheduling API',NULL,1,NULL,'2025-11-04 05:29:25','2025-11-04 05:29:25'),('ef7d17e7-c8a9-474a-9b73-b40d3af6565f','690051bf-dd15-401f-a4fb-95660ba38a09','completed','in_progress','5f626882-288a-41b0-83e1-8fade70b18b3','2025-10-31 05:59:17','Status updated to completed',NULL,1,NULL,'2025-10-31 05:59:17','2025-10-31 05:59:17'),('efbf162c-ed38-459d-8aed-481b3d804dd6','6f211777-f52a-418f-9ad8-ab138f4f1198','ai_read','completed','5f626882-288a-41b0-83e1-8fade70b18b3','2025-10-31 07:28:55','AI analysis completed',NULL,1,NULL,'2025-10-31 07:28:55','2025-10-31 07:28:55'),('f1837085-5918-4002-98d9-1ba261efca89','5deb933f-6a26-4525-8c9b-fa68dd39fd16','completed','in_progress','5f626882-288a-41b0-83e1-8fade70b18b3','2025-09-16 05:57:34','Status updated to completed',NULL,1,NULL,'2025-09-16 05:57:34','2025-09-16 05:57:34'),('f42d68da-4623-4e6b-9bcc-5dd264eb7d77','4f4ed141-a69f-4bfa-80b5-35542cfafee3','qa','first_read','5f626882-288a-41b0-83e1-8fade70b18b3','2025-11-02 11:10:53','Status updated to qa',NULL,1,NULL,'2025-11-02 11:10:53','2025-11-02 11:10:53'),('f65bd061-4367-4bc8-89da-96e836831f0f','bb56ab07-fa1d-4a08-98d0-cfa8969af645','qa','first_read','5f626882-288a-41b0-83e1-8fade70b18b3','2025-11-06 10:15:58','Status updated to qa',NULL,1,NULL,'2025-11-06 10:15:58','2025-11-06 10:15:58'),('f69b4526-c9e1-4df3-aa56-331caba429d9','aad59992-18f3-452d-bafb-612f57b68c1b','created',NULL,'05de5156-937a-41dc-b036-bf535b1f9d30','2025-09-19 16:08:16','Order created',NULL,1,NULL,'2025-09-19 16:08:16','2025-09-19 16:08:16'),('f7378087-dc56-442f-85a3-56d12b4400bf','7f65009f-a7db-4734-aa5f-0852bb77b56e','completed','in_progress','5f626882-288a-41b0-83e1-8fade70b18b3','2025-09-22 10:49:06','Status updated to completed',NULL,1,NULL,'2025-09-22 10:49:06','2025-09-22 10:49:06'),('f74ac03c-4eb1-470f-95fe-425939ee2360','6b24ca7c-1350-4c44-8d9f-26a695ff0c08','created',NULL,'05de5156-937a-41dc-b036-bf535b1f9d30','2025-09-30 04:17:23','Order created',NULL,1,NULL,'2025-09-30 04:17:23','2025-09-30 04:17:23'),('f74d1133-6510-475f-a478-126d411fc08c','bb56ab07-fa1d-4a08-98d0-cfa8969af645','assigned','scheduled','5f626882-288a-41b0-83e1-8fade70b18b3','2025-11-06 10:15:13','Assigned: Technician: James Miller, Radiologist: Dr. Emily Brown',NULL,1,NULL,'2025-11-06 10:15:13','2025-11-06 10:15:13'),('f7c195b7-3be1-4273-aae1-1b826e726ff0','1f2b5827-f50f-4210-aecf-1e9a0796d5dd','completed','in_progress','5f626882-288a-41b0-83e1-8fade70b18b3','2025-09-22 11:03:11','Status updated to completed',NULL,1,NULL,'2025-09-22 11:03:11','2025-09-22 11:03:11'),('f7f73619-72d2-4b84-858b-20762f42af12','b0fa0b35-61d4-4826-8330-108c07f85910','assigned','scheduled','5f626882-288a-41b0-83e1-8fade70b18b3','2025-11-04 16:47:55','Assigned: Technician: James Miller, Radiologist: Dr. Emily Brown | nil',NULL,1,NULL,'2025-11-04 16:47:55','2025-11-04 16:47:55'),('f8364321-45a7-457d-8433-91679b249d95','c8b4a068-8e28-4c57-a21d-e3b68f909af1','in_progress','assigned','5f626882-288a-41b0-83e1-8fade70b18b3','2025-09-23 09:47:51','Status updated to in_progress',NULL,1,NULL,'2025-09-23 09:47:51','2025-09-23 09:47:51'),('f95059c3-d431-462d-aa42-d514095d3bde','050d5bc7-70d9-4cab-b21e-f093e4156fbf','created',NULL,'05de5156-937a-41dc-b036-bf535b1f9d30','2025-09-29 11:18:48','Order created',NULL,1,NULL,'2025-09-29 11:18:48','2025-09-29 11:18:48'),('f9d7c57a-198c-4d67-a179-710ba70d6b94','050d5bc7-70d9-4cab-b21e-f093e4156fbf','ai_read','completed','5f626882-288a-41b0-83e1-8fade70b18b3','2025-10-31 05:50:21','AI analysis completed',NULL,1,NULL,'2025-10-31 05:50:21','2025-10-31 05:50:21'),('fa4232b3-a850-4230-ad7a-85338579accb','817717ec-fd14-47a1-9e37-b993de8abed8','created',NULL,'5f626882-288a-41b0-83e1-8fade70b18b3','2025-10-31 07:25:39','Order created',NULL,1,NULL,'2025-10-31 07:25:39','2025-10-31 07:25:39'),('faa292ea-6dc3-4061-991e-2ca2422303b6','342f3f1d-0f1a-4c87-87a9-be0862baf969','reported','qa','5f626882-288a-41b0-83e1-8fade70b18b3','2025-09-15 09:35:38','Status updated to reported',NULL,1,NULL,'2025-09-15 09:35:38','2025-09-15 09:35:38'),('fc150808-a751-4e37-bb91-54cb5cbf5905','058e0b5a-7acc-4b7e-9285-ac567f023ac0','created',NULL,'5f626882-288a-41b0-83e1-8fade70b18b3','2025-09-30 10:49:12','Order created',NULL,1,NULL,'2025-09-30 10:49:12','2025-09-30 10:49:12'),('fc9ad9cf-792e-47fe-9b37-60c73775c3ad','690051bf-dd15-401f-a4fb-95660ba38a09','assigned','scheduled','5f626882-288a-41b0-83e1-8fade70b18b3','2025-10-31 05:57:22','Assigned: Technician: James Miller, Radiologist: Dr. Emily Brown | nj',NULL,1,NULL,'2025-10-31 05:57:22','2025-10-31 05:57:22'),('fd273cd6-837a-4345-a408-0f90e4674204','da939f17-2a78-4c56-b8dc-85831658fda6','created',NULL,'5f626882-288a-41b0-83e1-8fade70b18b3','2025-10-31 04:54:34','Order created',NULL,1,NULL,'2025-10-31 04:54:34','2025-10-31 04:54:34'),('fd78b122-56a9-4c18-a73b-0743b240b49e','1123bde2-a012-4310-8f03-975d541afd6d','scheduled','created','05de5156-937a-41dc-b036-bf535b1f9d30','2025-09-30 04:18:06','Order scheduled via scheduling API',NULL,1,NULL,'2025-09-30 04:18:06','2025-09-30 04:18:06'),('fead97d1-baa1-4901-9e60-0db2993773fd','36f4f349-3266-45af-87d4-9c3871fc2b8b','verified','reported','5f626882-288a-41b0-83e1-8fade70b18b3','2025-09-22 10:36:24','Status updated to verified',NULL,1,NULL,'2025-09-22 10:36:24','2025-09-22 10:36:24'),('fee0639e-369d-4bed-81d4-b94ff2ad5062','41fea22a-bbe2-4411-b47d-59d5dfe36062','ai_read','completed','5f626882-288a-41b0-83e1-8fade70b18b3','2025-10-31 06:42:13','AI analysis completed',NULL,1,NULL,'2025-10-31 06:42:13','2025-10-31 06:42:13');
/*!40000 ALTER TABLE `workflow_statuses` ENABLE KEYS */;
UNLOCK TABLES;
/*!40103 SET TIME_ZONE=@OLD_TIME_ZONE */;

/*!40101 SET SQL_MODE=@OLD_SQL_MODE */;
/*!40014 SET FOREIGN_KEY_CHECKS=@OLD_FOREIGN_KEY_CHECKS */;
/*!40014 SET UNIQUE_CHECKS=@OLD_UNIQUE_CHECKS */;
/*!40101 SET CHARACTER_SET_CLIENT=@OLD_CHARACTER_SET_CLIENT */;
/*!40101 SET CHARACTER_SET_RESULTS=@OLD_CHARACTER_SET_RESULTS */;
/*!40101 SET COLLATION_CONNECTION=@OLD_COLLATION_CONNECTION */;
/*!40111 SET SQL_NOTES=@OLD_SQL_NOTES */;

-- Dump completed on 2025-11-10 11:52:43
